timestamp,signal_timestamp,pair,side,quantity,price,notional,fee,reason
1736264700,1736264699.999999,ETH/USD,BUY,0.57867,3456.19798524,1999.9980881188308,1.9999980881188308,ridge_entry
1736265000,1736264999.999999,ETH/USD,BUY,0.576137,3471.3946847579996,1999.9989194924196,1.9999989194924197,ridge_entry
1736265300,1736265299.999999,ETH/USD,BUY,0.575659,3474.2778530459996,1999.9993146066072,1.9999993146066073,ridge_entry
1736265600,1736265599.999999,ETH/USD,BUY,0.576957,3466.459261265,1999.9979360016707,1.9999979360016709,ridge_entry
1736265900,1736265899.999999,ETH/USD,BUY,0.57779,3461.4637717659994,1999.9991526886768,1.999999152688677,ridge_entry
1736271600,1736271599.999999,ETH/USD,SELL,0.578196,3459.0312222840003,1999.99801659972,1.99999801659972,ridge_exit
1736271900,1736271899.999999,ETH/USD,SELL,0.580079,3447.8035851600002,1999.9984558760277,1.9999984558760278,ridge_exit
1736272800,1736272799.999999,ETH/USD,SELL,0.581602,3438.773528256,1999.9975615807462,1.9999975615807462,ridge_exit
1736273100,1736273099.999999,ETH/USD,SELL,0.580244,3446.824663062,1999.9993297937472,1.9999993297937473,ridge_exit
1736778900,1736778899.999999,ETH/USD,BUY,0.676038,2958.410971516,1999.9982363617335,1.9999982363617335,ridge_entry
1736779200,1736779199.999999,ETH/USD,BUY,0.670322,2983.638694036,1999.9986566635994,1.9999986566635994,ridge_entry
1736779500,1736779499.999999,ETH/USD,BUY,0.661532,3023.2822579959998,1999.9979586966097,1.9999979586966097,ridge_entry
1736779800,1736779799.999999,ETH/USD,BUY,0.659845,3031.0107507679995,1999.9972888405107,1.9999972888405106,ridge_entry
1736780100,1736780099.999999,ETH/USD,BUY,0.65512,3052.8747769519996,1999.999323876794,1.9999993238767941,ridge_entry
1736780400,1736780399.999999,ETH/USD,BUY,0.658384,3037.73814344,1999.9981898306007,1.9999981898306007,ridge_entry
1736780700,1736780699.999999,ETH/USD,BUY,0.656403,3046.9082203559997,1999.999696566339,1.9999996965663391,ridge_entry
1736781000,1736780999.999999,ETH/USD,BUY,0.653677,3059.612180625,1999.998111394408,1.999998111394408,ridge_entry
1736781300,1736781299.999999,ETH/USD,BUY,0.654,3058.100519473999,1999.9977397359955,1.9999977397359956,ridge_entry
1736802600,1736802599.999999,ETH/USD,SELL,0.645538,3098.18855016,1999.998440293186,1.9999984402931859,ridge_exit
1736802900,1736802899.999999,ETH/USD,SELL,0.644686,3102.28404057,1999.9990889789108,1.9999990889789108,ridge_exit
1736803200,1736803199.999999,ETH/USD,SELL,0.646511,3093.5236866929995,1999.9970922075777,1.9999970922075778,ridge_exit
1736803500,1736803499.999999,ETH/USD,SELL,0.644428,3103.5226766940004,1999.9969114965613,1.9999969114965614,ridge_exit
1736803800,1736803799.999999,ETH/USD,SELL,0.645062,3100.476031389,1999.9992697598514,1.9999992697598514,ridge_exit
1736804700,1736804699.999999,ETH/USD,SELL,0.641854,3115.96897194,1999.9971485155768,1.9999971485155768,ridge_exit
1736806200,1736806199.999999,ETH/USD,SELL,0.640092,3124.549523799,1999.9991537875494,1.9999991537875494,ridge_exit
1736806500,1736806499.999999,ETH/USD,SELL,0.639272,3128.5551132,1999.9976843255902,1.9999976843255902,ridge_exit
1736806800,1736806799.999999,ETH/USD,SELL,0.638952,3130.123386357,1999.9985979595779,1.9999985979595778,ridge_exit
1736807100,1736807099.999999,ETH/USD,SELL,0.638056,3134.518546797,1999.9983658951064,1.9999983658951064,ridge_exit
1737039600,1737039599.999999,ETH/USD,BUY,0.609617,3280.7451817139995,1999.998035440943,1.9999980354409432,ridge_entry
1737039900,1737039899.999999,ETH/USD,BUY,0.6096,3280.8352807229994,1999.9971871287405,1.9999971871287405,ridge_entry
1737040500,1737040499.999999,ETH/USD,BUY,0.608902,3284.5994170989993,1999.9991542704151,1.9999991542704152,ridge_entry
1737052200,1737052199.999999,ETH/USD,BUY,0.601562,3324.6734541019996,1999.9972123965072,1.9999972123965073,ridge_entry
1737052500,1737052499.999999,ETH/USD,BUY,0.602513,3319.4276895779994,1999.998335530709,1.9999983355307092,ridge_entry
1737052800,1737052799.999999,ETH/USD,BUY,0.602684,3318.4866554839996,1999.998811473719,1.9999988114737188,ridge_entry
1737053100,1737053099.999999,ETH/USD,BUY,0.601765,3323.55222199,1999.9974028658123,1.9999974028658123,ridge_entry
1737053400,1737053399.999999,ETH/USD,BUY,0.601528,3324.8636631209997,1999.9985895498485,1.9999985895498484,ridge_entry
1737053700,1737053699.999999,ETH/USD,BUY,0.600229,3332.06157284,1999.9999858041804,1.9999999858041804,ridge_entry
1737103500,1737103499.999999,ETH/USD,SELL,0.589915,3390.316884405,1999.9987848637754,1.9999987848637755,ridge_exit
1737103800,1737103799.999999,ETH/USD,SELL,0.590602,3386.3712290099998,1999.9976205957637,1.9999976205957637,ridge_exit
1737104100,1737104099.999999,ETH/USD,SELL,0.58807,3400.9551704699998,1999.9997070982927,1.9999997070982927,ridge_exit
1737104400,1737104399.999999,ETH/USD,SELL,0.587616,3403.582277733,1999.9994037123547,1.9999994037123547,ridge_exit
1737104700,1737104699.999999,ETH/USD,SELL,0.588094,3400.815324456,1999.999087420627,1.999999087420627,ridge_exit
1737105000,1737104999.999999,ETH/USD,SELL,0.586866,3407.9274931679997,1999.9967762055314,1.9999967762055315,ridge_exit
1737105300,1737105299.999999,ETH/USD,SELL,0.586806,3408.2771082030004,1999.99745675617,1.9999974567561702,ridge_exit
1737105600,1737105599.999999,ETH/USD,SELL,0.587724,3402.9529706699996,1999.9971317340548,1.9999971317340548,ridge_exit
1737105900,1737105899.999999,ETH/USD,SELL,0.588528,3398.308085205,1999.9994607695285,1.9999994607695286,ridge_exit
1737178800,1737178799.999999,ETH/USD,BUY,0.60221,3321.0995267449994,1999.9993460011062,1.9999993460011063,ridge_entry
1737179100,1737179099.999999,ETH/USD,BUY,0.601745,3323.6623430009995,1999.9971965891364,1.9999971965891363,ridge_entry
1737179400,1737179399.999999,ETH/USD,BUY,0.601976,3322.3909458739995,1999.9996120334465,1.9999996120334464,ridge_entry
1737179700,1737179699.999999,ETH/USD,BUY,0.604727,3307.2743343639995,1999.9980863969383,1.9999980863969384,ridge_entry
1737180000,1737179999.999999,ETH/USD,BUY,0.606497,3297.6237294,1999.9988990099116,1.9999988990099116,ridge_entry
1737180300,1737180299.999999,ETH/USD,BUY,0.60329,3315.1529921509996,1999.9986486347766,1.9999986486347767,ridge_entry
1737180600,1737180599.999999,ETH/USD,BUY,0.602005,3322.2307698579993,1999.999534608365,1.999999534608365,ridge_entry
1737180900,1737180899.999999,ETH/USD,BUY,0.602531,3319.3275795679997,1999.9977658446865,1.9999977658446866,ridge_entry
1737181500,1737181499.999999,ETH/USD,BUY,0.602655,3318.6468314999993,1999.9991062376323,1.9999991062376323,ridge_entry
1737207600,1737207599.999999,ETH/USD,SELL,0.60452,3308.407076205,1999.9982457074464,1.9999982457074463,ridge_exit
1737208200,1737208199.999999,ETH/USD,SELL,0.604319,3309.5058663150003,1999.9972756256147,1.9999972756256148,ridge_exit
1737208500,1737208499.999999,ETH/USD,SELL,0.605072,3305.390397903,1999.9991788399643,1.9999991788399643,ridge_exit
1737208800,1737208799.999999,ETH/USD,SELL,0.602459,3319.724614338,1999.9979714294568,1.999997971429457,ridge_exit
1737209100,1737209099.999999,ETH/USD,SELL,0.603491,3314.05086177,1999.9998686204392,1.9999998686204392,ridge_exit
1737209400,1737209399.999999,ETH/USD,SELL,0.604101,3310.704546435,1999.99992720593,1.99999992720593,ridge_exit
1737209700,1737209699.999999,ETH/USD,SELL,0.604796,3306.8987370540003,1999.9991285753113,1.9999991285753114,ridge_exit
1737210000,1737209999.999999,ETH/USD,SELL,0.604039,3311.0441724690004,1999.9998108940024,1.9999998108940025,ridge_exit
1737210300,1737210299.999999,ETH/USD,SELL,0.603036,3316.54811202,1999.997907280093,1.999997907280093,ridge_exit
1737231900,1737231899.999999,ETH/USD,BUY,0.610383,3276.630660303,1999.999652327726,1.999999652327726,ridge_entry
1737232200,1737232199.999999,ETH/USD,BUY,0.611844,3268.802057521,1999.9969260818789,1.9999969260818788,ridge_entry
1737232500,1737232499.999999,ETH/USD,BUY,0.610881,3273.957723036,1999.9985678059547,1.9999985678059549,ridge_entry
1737232800,1737232799.999999,ETH/USD,BUY,0.610924,3273.7274700129997,1999.998680890222,1.999998680890222,ridge_entry
1737233100,1737233099.999999,ETH/USD,BUY,0.610739,3274.7185591119996,1999.9983380735036,1.9999983380735036,ridge_entry
1737233400,1737233399.999999,ETH/USD,BUY,0.611884,3268.5918264999996,1999.9990411661256,1.9999990411661257,ridge_entry
1737233700,1737233699.999999,ETH/USD,BUY,0.612969,3262.8054679219995,1999.9986048666801,1.9999986048666802,ridge_entry
1737234000,1737233999.999999,ETH/USD,BUY,0.611693,3269.6129486019995,1999.999353369203,1.9999993533692029,ridge_entry
1737234300,1737234299.999999,ETH/USD,BUY,0.611001,3273.3170189719995,1999.9999719089108,1.9999999719089108,ridge_entry
1737258300,1737258299.999999,ETH/USD,SELL,0.600229,3332.061030573,1999.9996603198013,1.9999996603198014,ridge_exit
1737258600,1737258599.999999,ETH/USD,SELL,0.59804,3344.257600794,1999.999815578844,1.9999998155788439,ridge_exit
1737258900,1737258899.999999,ETH/USD,SELL,0.598159,3343.588337727,1999.9974565064447,1.9999974565064447,ridge_exit
1737259200,1737259199.999999,ETH/USD,SELL,0.600275,3331.8013165469997,1999.9970352902503,1.9999970352902503,ridge_exit
1737259500,1737259499.999999,ETH/USD,SELL,0.601148,3326.966640063,1999.9993417405924,1.9999993417405924,ridge_exit
1737259800,1737259799.999999,ETH/USD,SELL,0.601435,3325.378388904,1999.9989513304774,1.9999989513304774,ridge_exit
1737260100,1737260099.999999,ETH/USD,SELL,0.601932,3322.631413629,1999.9981720685312,1.9999981720685311,ridge_exit
1737261000,1737260999.999999,ETH/USD,SELL,0.606257,3298.9275142559995,1999.9978980102997,1.9999978980102997,ridge_exit
1737262200,1737262199.999999,ETH/USD,SELL,0.606707,3296.480209011,1999.997618168437,1.999997618168437,ridge_exit
1737320700,1737320699.999999,ETH/USD,BUY,0.597959,3344.705467103,1999.9967364034428,1.9999967364034428,ridge_entry
1737321000,1737320999.999999,ETH/USD,BUY,0.593191,3371.5950157889993,1999.9998190108925,1.9999998190108925,ridge_entry
1737321600,1737321599.999999,ETH/USD,BUY,0.592661,3374.60832709,1999.9987457414863,1.9999987457414863,ridge_entry
1737321900,1737321899.999999,ETH/USD,BUY,0.595622,3357.829889414,1999.9973543925453,1.9999973543925453,ridge_entry
1737322200,1737322199.999999,ETH/USD,BUY,0.614649,3253.8856660309993,1999.9975707402878,1.9999975707402877,ridge_entry
1737322500,1737322499.999999,ETH/USD,BUY,0.607613,3291.5670737949995,1999.998944409801,1.999998944409801,ridge_entry
1737322800,1737322799.999999,ETH/USD,BUY,0.609069,3283.6984270089997,1999.9989172399444,1.9999989172399444,ridge_entry
1737323100,1737323099.999999,ETH/USD,BUY,0.613935,3257.669824409,1999.9975236485393,1.9999975236485394,ridge_entry
1737323400,1737323399.999999,ETH/USD,BUY,0.617398,3239.3997475839997,1999.9989253588662,1.9999989253588664,ridge_entry
1737327900,1737327899.999999,BTC/USD,BUY,0.019644,101807.89579160199,1999.9143049302293,1.9999143049302293,ridge_entry
1737328200,1737328199.999999,BTC/USD,BUY,0.019675,101651.70415399998,1999.9972792299498,1.9999972792299499,ridge_entry
1737328500,1737328499.999999,BTC/USD,BUY,0.019727,101379.40492679998,1999.9115209909833,1.9999115209909832,ridge_entry
1737328800,1737328799.999999,BTC/USD,BUY,0.019868,100660.62506600098,1999.9252988113076,1.9999252988113077,ridge_entry
1737329100,1737329099.999999,BTC/USD,BUY,0.019766,101181.30723901198,1999.9497188863106,1.9999497188863107,ridge_entry
1737329400,1737329399.999999,BTC/USD,BUY,0.019871,100648.62187580198,1999.988765294061,1.999988765294061,ridge_entry
1737329700,1737329699.999999,BTC/USD,BUY,0.019765,101186.32275051299,1999.9476691638895,1.9999476691638896,ridge_entry
1737330000,1737329999.999999,BTC/USD,BUY,0.020044,99776.80384271599,1999.9262562233994,1.9999262562233995,ridge_entry
1737330300,1737330299.999999,BTC/USD,BUY,0.019738,101322.412298107,1999.9017739400358,1.9999017739400358,ridge_entry
1737331200,1737331199.999999,BTC/USD,BUY,0.019715,101443.044860157,1999.949629417995,1.999949629417995,ridge_entry
1737356100,1737356099.999999,BTC/USD,SELL,0.018531,107925.172393401,1999.9613696221136,1.9999613696221137,ridge_exit
1737356700,1737356699.999999,BTC/USD,SELL,0.018434,108494.18584636498,1999.981821891892,1.999981821891892,ridge_exit
1737357000,1737356999.999999,BTC/USD,SELL,0.018441,108452.801415222,1999.9781108981088,1.9999781108981087,ridge_exit
1737357300,1737357299.999999,BTC/USD,SELL,0.018372,108855.567924543,1999.894493909704,1.9998944939097039,ridge_exit
1737357600,1737357599.999999,BTC/USD,SELL,0.018479,108225.861301503,1999.9056909904739,1.999905690990474,ridge_exit
1737358200,1737358199.999999,BTC/USD,SELL,0.018418,108586.584105615,1999.947706057217,1.999947706057217,ridge_exit
1737360000,1737359999.999999,BTC/USD,BUY,0.01865,107238.49342706498,1999.997902414762,1.999997902414762,ridge_entry
1737360300,1737360299.999999,BTC/USD,BUY,0.018588,107591.72158634898,1999.9149208470549,1.999914920847055,ridge_entry
1737360600,1737360599.999999,BTC/USD,BUY,0.018548,107824.87779963898,1999.9358334277038,1.9999358334277038,ridge_entry
1737360900,1737360899.999999,BTC/USD,BUY,0.018521,107981.13951424799,1999.918684943387,1.999918684943387,ridge_entry
1737361200,1737361199.999999,BTC/USD,BUY,0.018506,108069.25634504999,1999.9296579214952,1.9999296579214951,ridge_entry
1737481200,1737481199.999999,BTC/USD,SELL,0.018927,105664.03216003801,1999.9031366930394,1.9999031366930395,ridge_exit
1737481500,1737481499.999999,BTC/USD,SELL,0.018917,105722.02829984401,1999.943609348149,1.999943609348149,ridge_exit
1737481800,1737481799.999999,BTC/USD,SELL,0.018838,106165.090439199,1999.937973693631,1.999937973693631,ridge_exit
1737482400,1737482399.999999,BTC/USD,SELL,0.018857,106056.49002032701,1999.9072323133062,1.9999072323133062,ridge_exit
1737482700,1737482699.999999,BTC/USD,SELL,0.018892,105864.161795073,1999.985744632519,1.999985744632519,ridge_exit
1737483000,1737482999.999999,BTC/USD,SELL,0.018867,106004.81691815399,1999.992880794811,1.999992880794811,ridge_exit
1737483300,1737483299.999999,BTC/USD,SELL,0.018872,105976.897660359,1999.996012646295,1.999996012646295,ridge_exit
1737483600,1737483599.999999,BTC/USD,SELL,0.018864,106019.27100260099,1999.947528193065,1.999947528193065,ridge_exit
1737483900,1737483899.999999,BTC/USD,SELL,0.018803,106362.882648,1999.941282430344,1.999941282430344,ridge_exit
1737484500,1737484499.999999,ETH/USD,SELL,0.597064,3349.721584341,1999.998168032975,1.999998168032975,ridge_exit
1737484800,1737484799.999999,ETH/USD,SELL,0.596315,3353.926953762,1999.9969514325871,1.9999969514325873,ridge_exit
1737485100,1737485099.999999,ETH/USD,SELL,0.59689,3350.700506439,1999.9996252883748,1.9999996252883747,ridge_exit
1737496800,1737496799.999999,ETH/USD,SELL,0.600919,3328.2352431900003,1999.9997941024917,1.9999997941024918,ridge_exit
1737497100,1737497099.999999,ETH/USD,SELL,0.600482,3330.6525814320003,1999.9969234034502,1.9999969234034503,ridge_exit
1737497400,1737497399.999999,ETH/USD,SELL,0.601178,3326.796827046,1999.9970628898602,1.9999970628898602,ridge_exit
1737498300,1737498299.999999,ETH/USD,SELL,0.600378,3331.23194349,1999.9983717686391,1.9999983717686391,ridge_exit
1737498600,1737498599.999999,ETH/USD,SELL,0.599856,3334.1287537800004,1999.9971377274558,1.999997137727456,ridge_exit
1737503400,1737503399.999999,ETH/USD,SELL,0.602709,3318.3461322000003,1999.9970789921301,1.9999970789921302,ridge_exit
1737666300,1737666299.999999,BTC/USD,BUY,0.019376,103216.273445285,1999.9185142758422,1.9999185142758422,ridge_entry
1737667500,1737667499.999999,BTC/USD,BUY,0.019369,103255.92702024599,1999.9640504551446,1.9999640504551446,ridge_entry
1737667800,1737667799.999999,BTC/USD,BUY,0.019446,102847.0176734,1999.9631056769365,1.9999631056769365,ridge_entry
1737668100,1737668099.999999,BTC/USD,BUY,0.019424,102963.14528499999,1999.9561340158398,1.9999561340158398,ridge_entry
1737668400,1737668399.999999,BTC/USD,BUY,0.019418,102995.16046619798,1999.9600259326326,1.9999600259326327,ridge_entry
1737668700,1737668699.999999,BTC/USD,BUY,0.019394,103121.43923281199,1999.9371924811558,1.9999371924811558,ridge_entry
1737669000,1737668999.999999,BTC/USD,BUY,0.019438,102888.46321753997,1999.945948022542,1.999945948022542,ridge_entry
1737669600,1737669599.999999,BTC/USD,BUY,0.019381,103192.477295908,1999.9734024719928,1.9999734024719928,ridge_entry
1737670200,1737670199.999999,BTC/USD,BUY,0.019335,103439.00820653398,1999.9932236733346,1.9999932236733347,ridge_entry
1737694800,1737694799.999999,BTC/USD,SELL,0.019135,104516.895285198,1999.9307912822637,1.9999307912822637,ridge_exit
1737695100,1737695099.999999,BTC/USD,SELL,0.019126,104566.16103813001,1999.9323960152747,1.9999323960152746,ridge_exit
1737695700,1737695699.999999,BTC/USD,SELL,0.019093,104746.382594172,1999.922682870526,1.9999226828705259,ridge_exit
1737696300,1737696299.999999,BTC/USD,SELL,0.019112,104646.063057129,1999.9955571478495,1.9999955571478496,ridge_exit
1737696600,1737696599.999999,BTC/USD,SELL,0.01909,104764.412740977,1999.9526392252508,1.999952639225251,ridge_exit
1737696900,1737696899.999999,BTC/USD,SELL,0.019074,104850.058435551,1999.9100145996997,1.9999100145996997,ridge_exit
1737702300,1737702299.999999,BTC/USD,SELL,0.019046,105005.397390102,1999.932798691883,1.999932798691883,ridge_exit
1737702600,1737702599.999999,BTC/USD,SELL,0.019078,104832.5676948,1999.9957264813945,1.9999957264813946,ridge_exit
1737706500,1737706499.999999,BTC/USD,SELL,0.019026,105114.257523,1999.903863632598,1.9999038636325979,ridge_exit
1737730200,1737730199.999999,BTC/USD,BUY,0.018883,105914.248225786,1999.978749247517,1.9999787492475172,ridge_entry
1737731100,1737731099.999999,BTC/USD,BUY,0.018904,105797.05944807999,1999.9876118065042,1.9999876118065043,ridge_entry
1737731400,1737731399.999999,BTC/USD,SELL,0.018941,105589.114652538,1999.9634206337223,1.9999634206337225,ridge_exit
1737731700,1737731699.999999,BTC/USD,SELL,0.018968,105436.872288297,1999.9265935644173,1.9999265935644173,ridge_exit
1738363500,1738363499.999999,ETH/USD,BUY,0.602962,3316.954972330999,1999.997804026644,1.999997804026644,ridge_entry
1738363800,1738363799.999999,ETH/USD,BUY,0.605504,3303.0296699399996,1999.9976772673497,1.9999976772673498,ridge_entry
1738364100,1738364099.999999,ETH/USD,BUY,0.607746,3290.8462817229997,1999.9986643320262,1.9999986643320262,ridge_entry
1738364400,1738364399.999999,ETH/USD,BUY,0.606059,3300.006347638,1999.9985470431388,1.999998547043139,ridge_entry
1738364700,1738364699.999999,ETH/USD,BUY,0.606987,3294.960803134,1999.9983730118975,1.9999983730118975,ridge_entry
1738365000,1738364999.999999,ETH/USD,BUY,0.606556,3297.3033773679995,1999.9991473628243,1.9999991473628242,ridge_entry
1738365300,1738365299.999999,ETH/USD,BUY,0.606243,3299.005247538,1999.9988382831796,1.9999988382831797,ridge_entry
1738365600,1738365599.999999,ETH/USD,BUY,0.604993,3305.8227392189997,1999.9996164683203,1.9999996164683203,ridge_entry
1738365900,1738365899.999999,ETH/USD,BUY,0.605172,3304.8416611209996,1999.9976377439177,1.9999976377439177,ridge_entry
1738380000,1738379999.999999,ETH/USD,SELL,0.607394,3292.7543116379998,1999.9992123630511,1.9999992123630512,ridge_exit
1738380600,1738380599.999999,ETH/USD,SELL,0.608235,3288.199327182,1999.9979177685439,1.9999979177685439,ridge_exit
1738380900,1738380899.999999,ETH/USD,SELL,0.609049,3283.804166742,1999.997643950048,1.9999976439500482,ridge_exit
1738382700,1738382699.999999,ETH/USD,SELL,0.607499,3292.184938581,1999.999058003019,1.999999058003019,ridge_exit
1738383000,1738382999.999999,ETH/USD,SELL,0.608764,3285.342472896,1999.9982251700603,1.9999982251700603,ridge_exit
1738383300,1738383299.999999,ETH/USD,SELL,0.608879,3284.723154834,1999.998949792171,1.999998949792171,ridge_exit
1738383600,1738383599.999999,ETH/USD,SELL,0.60832,3287.7398331360005,1999.9978952932918,1.9999978952932917,ridge_exit
1738383900,1738383899.999999,ETH/USD,SELL,0.607204,3293.783178741,1999.99832126425,1.99999832126425,ridge_exit
1738384200,1738384199.999999,ETH/USD,SELL,0.60721,3293.753211738,1999.9998876994312,1.9999998876994312,ridge_exit
1738521900,1738521899.999999,ETH/USD,BUY,0.682046,2932.3523359129995,1999.9991813001177,1.9999991813001177,ridge_entry
1738523400,1738523399.999999,ETH/USD,BUY,0.684127,2923.4325340219993,1999.9991292028685,1.9999991292028685,ridge_entry
1738525200,1738525199.999999,ETH/USD,SELL,0.676579,2956.0450659300004,1999.9980146618539,1.999998014661854,ridge_exit
1738525500,1738525499.999999,ETH/USD,SELL,0.673226,2970.768853404,1999.998832101761,1.9999988321017612,ridge_exit
1738536300,1738536299.999999,ETH/USD,BUY,0.702686,2846.2176833089998,1999.997319013668,1.999997319013668,ridge_entry
1738537500,1738537499.999999,ETH/USD,BUY,0.705662,2834.2144931099992,1999.9974676369884,1.9999974676369885,ridge_entry
1738537800,1738537799.999999,ETH/USD,BUY,0.70887,2821.3904008289996,1999.999013435653,1.9999990134356531,ridge_entry
1738538100,1738538099.999999,ETH/USD,BUY,0.703872,2841.4224138299996,1999.9976772673497,1.9999976772673498,ridge_entry
1738538400,1738538399.999999,ETH/USD,BUY,0.704421,2839.209982609,1999.9991351594142,1.9999991351594142,ridge_entry
1738538700,1738538699.999999,ETH/USD,BUY,0.711949,2809.1869906099996,1999.9978687777987,1.9999978687777986,ridge_entry
1738539000,1738538999.999999,ETH/USD,BUY,0.710761,2813.8821500789995,1999.9976908722997,1.9999976908722998,ridge_entry
1738539300,1738539299.999999,ETH/USD,BUY,0.708855,2821.4504668349996,1999.9992706683236,1.9999992706683236,ridge_entry
1738540800,1738540799.999999,ETH/USD,SELL,0.697709,2866.523638968,1999.9993416207244,1.9999993416207245,ridge_exit
1738542000,1738541999.999999,ETH/USD,BUY,0.70845,2823.062237996,1999.9984425082662,1.9999984425082662,ridge_entry
1738542300,1738542299.999999,ETH/USD,BUY,0.711975,2809.0868806,1999.999631815185,1.9999996318151851,ridge_entry
1738547400,1738547399.999999,BTC/USD,BUY,0.021396,93472.15572094399,1999.9302438053176,1.9999302438053177,ridge_entry
1738547700,1738547699.999999,BTC/USD,BUY,0.021565,92741.582900967,1999.9722352593533,1.9999722352593534,ridge_entry
1738548000,1738547999.999999,BTC/USD,BUY,0.021381,93539.76001069699,1999.9736087887125,1.9999736087887126,ridge_entry
1738548300,1738548299.999999,BTC/USD,BUY,0.02148,93109.57728672598,1999.993720118874,1.9999937201188742,ridge_entry
1738548600,1738548599.999999,BTC/USD,BUY,0.021464,93177.09147746999,1999.953091472416,1.999953091472416,ridge_entry
1738548900,1738548899.999999,ETH/USD,BUY,0.814568,2455.2880942589995,1999.9991123643647,1.9999991123643648,ridge_entry
1738552200,1738552199.999999,BTC/USD,SELL,0.021282,93972.385961586,1999.9203180344732,1.9999203180344733,ridge_exit
1738552500,1738552499.999999,BTC/USD,SELL,0.021221,94244.29655780701,1999.9582172532228,1.9999582172532229,ridge_exit
1738552800,1738552799.999999,BTC/USD,SELL,0.021196,94353.236602713,1999.9112030311048,1.9999112030311048,ridge_exit
1738553100,1738553099.999999,BTC/USD,SELL,0.021173,94458.021223203,1999.9596833588773,1.9999596833588773,ridge_exit
1738553400,1738553399.999999,BTC/USD,SELL,0.021201,94332.1298436,1999.9354848141638,1.999935484814164,ridge_exit
1738634100,1738634099.999999,ETH/USD,SELL,0.702938,2845.197121833,1999.9971744270451,1.9999971744270453,ridge_exit
1738634400,1738634399.999999,ETH/USD,SELL,0.701594,2850.651116379,1999.9997193448082,1.9999997193448082,ridge_exit
1738634700,1738634699.999999,ETH/USD,SELL,0.701473,2851.140577428,1999.9981342701517,1.9999981342701518,ridge_exit
1738635000,1738634999.999999,ETH/USD,SELL,0.703267,2843.8685846999997,1999.9989279562146,1.9999989279562147,ridge_exit
1738635300,1738635299.999999,ETH/USD,SELL,0.704009,2840.8718844,1999.9993744645597,1.9999993744645597,ridge_exit
1738635600,1738635599.999999,ETH/USD,SELL,0.70387,2841.431268456,1999.9982269281247,1.9999982269281247,ridge_exit
1738635900,1738635899.999999,ETH/USD,SELL,0.70505,2836.6765039800002,1999.998769131099,1.999998769131099,ridge_exit
1738636200,1738636199.999999,ETH/USD,SELL,0.70438,2839.37353425,1999.9979300550149,1.999997930055015,ridge_exit
1738636500,1738636499.999999,ETH/USD,SELL,0.703737,2841.9706745099998,1999.9999165676436,1.9999999165676436,ridge_exit
1738636800,1738636799.999999,ETH/USD,SELL,0.706952,2829.044907216,1999.9989552461657,1.9999989552461657,ridge_exit
1738655700,1738655699.999999,ETH/USD,BUY,0.741987,2695.4620192499997,1999.9977772772495,1.9999977772772495,ridge_entry
1738656000,1738655999.999999,ETH/USD,BUY,0.738957,2706.5141643539996,1999.9975873485384,1.9999975873485385,ridge_entry
1738656300,1738656299.999999,ETH/USD,BUY,0.742062,2695.1917222229995,1999.9993597762434,1.9999993597762435,ridge_entry
1738657800,1738657799.999999,ETH/USD,SELL,0.738035,2709.896103288,1999.9981705901591,1.9999981705901593,ridge_exit
1738658100,1738658099.999999,ETH/USD,SELL,0.740933,2699.297773227,1999.9987970104007,1.9999987970104007,ridge_exit
1738658400,1738658399.999999,ETH/USD,SELL,0.743188,2691.1067924070003,1999.9982748353736,1.9999982748353737,ridge_exit
1738698000,1738697999.999999,ETH/USD,BUY,0.70463,2838.3690585249997,1999.9999897084704,1.9999999897084704,ridge_entry
1738698300,1738698299.999999,ETH/USD,BUY,0.70308,2844.6259341499995,1999.9996017821818,1.999999601782182,ridge_entry
1738698600,1738698599.999999,ETH/USD,BUY,0.712645,2806.4439763359997,1999.9982675159683,1.9999982675159684,ridge_entry
1738698900,1738698899.999999,ETH/USD,BUY,0.717142,2788.8446365779996,1999.9976203648196,1.9999976203648195,ridge_entry
1738699200,1738699199.999999,ETH/USD,BUY,0.721072,2773.6479370599995,1999.9998652717281,1.9999998652717281,ridge_entry
1738699500,1738699499.999999,ETH/USD,BUY,0.718481,2783.6489270589996,1999.9988647622772,1.9999988647622773,ridge_entry
1738699800,1738699799.999999,ETH/USD,BUY,0.720292,2776.65123736,1999.9996730605092,1.9999996730605092,ridge_entry
1738700100,1738700099.999999,ETH/USD,BUY,0.725468,2756.8394663809995,1999.998813996491,1.999998813996491,ridge_entry
1738700400,1738700399.999999,BTC/USD,BUY,0.020291,98562.52948742198,1999.9322858292794,1.9999322858292794,ridge_entry
1738700700,1738700699.999999,BTC/USD,BUY,0.020373,98168.79681809199,1999.9928975749879,1.9999928975749879,ridge_entry
1738701000,1738700999.999999,BTC/USD,BUY,0.020328,98382.59175544798,1999.9213252047464,1.9999213252047465,ridge_entry
1738701300,1738701299.999999,BTC/USD,BUY,0.020329,98379.318158121,1999.9531588364416,1.9999531588364416,ridge_entry
1738701600,1738701599.999999,BTC/USD,BUY,0.020234,98843.28801046699,1999.995089603789,1.999995089603789,ridge_entry
1738701900,1738701899.999999,BTC/USD,BUY,0.020219,98914.49626058,1999.952199892667,1.999952199892667,ridge_entry
1738702200,1738702199.999999,ETH/USD,BUY,0.729614,2741.1722498159993,1999.9976498772505,1.9999976498772505,ridge_entry
1738703100,1738703099.999999,BTC/USD,BUY,0.020355,98251.9682144,1999.918813004112,1.9999188130041121,ridge_entry
1738703400,1738703399.999999,BTC/USD,BUY,0.020378,98140.44566325999,1999.9060017259121,1.9999060017259123,ridge_entry
1738704300,1738704299.999999,BTC/USD,BUY,0.020455,97772.63147551898,1999.939176831741,1.999939176831741,ridge_entry
1738728300,1738728299.999999,BTC/USD,SELL,0.020398,98048.647544661,1999.996312615995,1.9999963126159952,ridge_exit
1738728600,1738728599.999999,BTC/USD,SELL,0.020405,98013.416338134,1999.9637603796243,1.9999637603796243,ridge_exit
1738728900,1738728899.999999,BTC/USD,SELL,0.02041,97988.953274685,1999.954536336321,1.9999545363363211,ridge_exit
1738729500,1738729499.999999,BTC/USD,SELL,0.020416,97958.1372066,1999.9133292099457,1.9999133292099458,ridge_exit
1738729800,1738729799.999999,BTC/USD,SELL,0.020445,97820.279003799,1999.9356042326708,1.9999356042326708,ridge_exit
1738730100,1738730099.999999,BTC/USD,SELL,0.020401,98031.866022981,1999.9480987348354,1.9999480987348355,ridge_exit
1738730400,1738730399.999999,BTC/USD,SELL,0.0204,98035.282261323,1999.9197581309893,1.9999197581309893,ridge_exit
1738730700,1738730699.999999,BTC/USD,SELL,0.020379,98139.9370248,1999.9937766283995,1.9999937766283995,ridge_exit
1738731000,1738730999.999999,BTC/USD,SELL,0.02039,98083.18951011902,1999.9162341113265,1.9999162341113266,ridge_exit
1738735200,1738735199.999999,ETH/USD,SELL,0.719021,2781.5571964620003,1999.998036957304,1.999998036957304,ridge_exit
1738738800,1738738799.999999,ETH/USD,BUY,0.727871,2747.7394664719995,1999.999873200441,1.9999998732004411,ridge_entry
1738741800,1738741799.999999,ETH/USD,SELL,0.724304,2761.2695354310003,1999.9985695908151,1.9999985695908151,ridge_exit
1738742100,1738742099.999999,ETH/USD,SELL,0.72378,2763.2673356309997,1999.997632183005,1.999997632183005,ridge_exit
1738742400,1738742399.999999,ETH/USD,SELL,0.725619,2756.2650459300003,1999.9982863626808,1.9999982863626808,ridge_exit
1738742700,1738742699.999999,ETH/USD,SELL,0.722623,2767.6924630739995,1999.9982307439227,1.9999982307439228,ridge_exit
1738743000,1738742999.999999,ETH/USD,SELL,0.722923,2766.5437279590005,1999.9980914473044,1.9999980914473046,ridge_exit
1738743300,1738743299.999999,ETH/USD,SELL,0.723995,2762.4482375489997,1999.9987117442881,1.9999987117442881,ridge_exit
1738743600,1738743599.999999,ETH/USD,SELL,0.72354,2764.186323723,1999.9993726665393,1.9999993726665393,ridge_exit
1738743900,1738743899.999999,ETH/USD,SELL,0.724695,2759.7811742820004,1999.9996180962942,1.9999996180962942,ridge_exit
1738744200,1738744199.999999,ETH/USD,SELL,0.724265,2761.4193704460004,1999.9994003360725,1.9999994003360726,ridge_exit
1738758600,1738758599.999999,ETH/USD,BUY,0.714731,2798.2549775179996,1999.9995783364175,1.9999995783364175,ridge_entry
1738758900,1738758899.999999,ETH/USD,BUY,0.716571,2791.0670787999998,1999.9977277227945,1.9999977277227945,ridge_entry
1738759200,1738759199.999999,ETH/USD,BUY,0.716517,2791.2773098209996,1999.997644201013,1.999997644201013,ridge_entry
1738759500,1738759499.999999,ETH/USD,BUY,0.715534,2795.1115232039997,1999.9973286442507,1.9999973286442507,ridge_entry
1738759800,1738759799.999999,ETH/USD,BUY,0.716587,2791.0070127939994,1999.9993422770135,1.9999993422770135,ridge_entry
1738760100,1738760099.999999,ETH/USD,BUY,0.715458,2795.411853234,1999.9997736910911,1.9999997736910913,ridge_entry
1738760400,1738760399.999999,ETH/USD,BUY,0.7167,2790.5665287499996,1999.9990311551248,1.9999990311551248,ridge_entry
1738760700,1738760699.999999,ETH/USD,BUY,0.71587,2793.800082073,1999.9976647535984,1.9999976647535984,ridge_entry
1738761000,1738760999.999999,ETH/USD,BUY,0.714511,2799.1159236039994,1999.9991176902172,1.9999991176902172,ridge_entry
1738789500,1738789499.999999,ETH/USD,SELL,0.722897,2766.643617969,1999.9983714989362,1.9999983714989362,ridge_exit
1738789800,1738789799.999999,ETH/USD,SELL,0.723935,2762.6779845720002,1999.999286761131,1.9999992867611311,ridge_exit
1738790400,1738790399.999999,ETH/USD,SELL,0.722514,2768.112001116,1999.9996743743257,1.9999996743743258,ridge_exit
1738790700,1738790699.999999,ETH/USD,SELL,0.721516,2771.937788499,1999.9974654066446,1.9999974654066446,ridge_exit
1738791000,1738790999.999999,ETH/USD,SELL,0.721771,2770.9588664010003,1999.9977519611166,1.9999977519611167,ridge_exit
1738791300,1738791299.999999,ETH/USD,SELL,0.719851,2778.350727141,1999.9985492831759,1.999998549283176,ridge_exit
1738791600,1738791599.999999,ETH/USD,SELL,0.717877,2785.992312906,1999.9998036120205,1.9999998036120206,ridge_exit
1738791900,1738791899.999999,ETH/USD,SELL,0.719698,2778.9400782000002,1999.9976164003835,1.9999976164003836,ridge_exit
1738792200,1738792199.999999,ETH/USD,SELL,0.719592,2779.349627241,1999.9977569656055,1.9999977569656056,ridge_exit
1738840800,1738840799.999999,ETH/USD,BUY,0.710279,2815.7942512699997,1999.999524997804,1.999999524997804,ridge_entry
1738841100,1738841099.999999,ETH/USD,BUY,0.710941,2813.1713690079996,1999.9988662539163,1.9999988662539163,ridge_entry
1738841700,1738841699.999999,ETH/USD,BUY,0.714547,2798.97576959,1999.9997392332257,1.9999997392332258,ridge_entry
1738843200,1738843199.999999,ETH/USD,BUY,0.712503,2807.0045923919997,1999.9991930930769,1.999999193093077,ridge_entry
1738843800,1738843799.999999,ETH/USD,BUY,0.715786,2794.1304451059996,1999.9994547806432,1.9999994547806432,ridge_entry
1738844100,1738844099.999999,ETH/USD,BUY,0.715286,2796.082590301,1999.998731686041,1.999998731686041,ridge_entry
1738844400,1738844399.999999,ETH/USD,BUY,0.715545,2795.0714791999994,1999.9994215841637,1.9999994215841637,ridge_entry
1738844700,1738844699.999999,ETH/USD,BUY,0.715634,2794.7210941649996,1999.9974355016752,1.9999974355016752,ridge_entry
1738845000,1738844999.999999,ETH/USD,BUY,0.715086,2796.8634483789997,1999.9978958475454,1.9999978958475453,ridge_entry
1738881600,1738881599.999999,ETH/USD,SELL,0.742843,2692.3554175320005,1999.997375425724,1.9999973754257239,ridge_exit
1738887900,1738887899.999999,ETH/USD,SELL,0.738822,2707.009281999,1999.998011745065,1.999998011745065,ridge_exit
1738888200,1738888199.999999,ETH/USD,SELL,0.739357,2705.051437803,1999.998715899713,1.999998715899713,ridge_exit
1738888500,1738888499.999999,ETH/USD,SELL,0.739666,2703.92268069,1999.9996735352497,1.9999996735352497,ridge_exit
1738888800,1738888799.999999,ETH/USD,SELL,0.741144,2698.5286201500003,1999.9982956524518,1.9999982956524518,ridge_exit
1738889700,1738889699.999999,ETH/USD,SELL,0.745088,2684.24434872,1999.998253299087,1.9999982532990872,ridge_exit
1738890000,1738889999.999999,ETH/USD,SELL,0.744963,2684.6938537650003,1999.997587382336,1.999997587382336,ridge_exit
1738890300,1738890299.999999,ETH/USD,SELL,0.742777,2692.595153556,1999.9977503728649,1.999997750372865,ridge_exit
1738892400,1738892399.999999,ETH/USD,SELL,0.740188,2702.014781499,1999.9989170881818,1.9999989170881818,ridge_exit
1738910100,1738910099.999999,ETH/USD,BUY,0.745287,2683.528906058,1999.9992078092487,1.9999992078092488,ridge_entry
1738910400,1738910399.999999,ETH/USD,BUY,0.745059,2684.34980814,1999.9989837029802,1.9999989837029803,ridge_entry
1738910700,1738910699.999999,ETH/USD,BUY,0.745729,2681.9371568989995,1999.998314077134,1.999998314077134,ridge_entry
1738924800,1738924799.999999,ETH/USD,SELL,0.728394,2745.766605879,1999.9999211226284,1.9999999211226285,ridge_exit
1738926600,1738926599.999999,ETH/USD,SELL,0.727943,2747.464736049,1999.997722353717,1.999997722353717,ridge_exit
1738926900,1738926899.999999,ETH/USD,SELL,0.727634,2748.633449166,1999.9991511504531,1.9999991511504531,ridge_exit
1738960800,1738960799.999999,ETH/USD,BUY,0.764697,2615.414055254,1999.9992818105677,1.9999992818105679,ridge_entry
1738961100,1738961099.999999,ETH/USD,BUY,0.764984,2614.4329771559997,1999.9993965967053,1.9999993965967053,ridge_entry
1738961400,1738961399.999999,ETH/USD,BUY,0.771084,2593.7502490899997,1999.9993170693133,1.9999993170693133,ridge_entry
1738961700,1738961699.999999,ETH/USD,BUY,0.769498,2599.096123623999,1999.99926893642,1.99999926893642,ridge_entry
1738962000,1738961999.999999,ETH/USD,BUY,0.772049,2590.5066847659996,1999.9980954669052,1.9999980954669052,ridge_entry
1738962300,1738962299.999999,ETH/USD,BUY,0.766566,2609.0370476169996,1999.999093443573,1.999999093443573,ridge_entry
1738962600,1738962599.999999,ETH/USD,BUY,0.768551,2602.299643944,1999.999993652805,1.999999993652805,ridge_entry
1738966500,1738966499.999999,ETH/USD,SELL,0.774243,2583.1656476010003,1999.9979204955414,1.9999979204955414,ridge_exit
1738970100,1738970099.999999,ETH/USD,SELL,0.773373,2586.0724468920002,1999.9986064702068,1.9999986064702069,ridge_exit
1738970400,1738970399.999999,ETH/USD,SELL,0.770131,2596.960457982,1999.9997544661358,1.9999997544661359,ridge_exit
1738970700,1738970699.999999,ETH/USD,SELL,0.770551,2595.5420198399997,1999.9974989297316,1.9999974989297316,ridge_exit
1738971000,1738970999.999999,ETH/USD,SELL,0.76919,2600.1369603000003,1999.9993484931574,1.9999993484931575,ridge_exit
1738971300,1738971299.999999,ETH/USD,SELL,0.767836,2604.7219117590002,1999.9992538373835,1.9999992538373836,ridge_exit
1738971600,1738971599.999999,ETH/USD,SELL,0.766783,2608.297974117,1999.9985454873558,1.999998545487356,ridge_exit
1739429400,1739429399.999999,ETH/USD,BUY,0.743974,2688.264109531,1999.9986026242163,1.9999986026242165,ridge_entry
1739430000,1739429999.999999,ETH/USD,BUY,0.743728,2689.1550886199993,1999.9999357491747,1.9999999357491747,ridge_entry
1739430300,1739430299.999999,ETH/USD,BUY,0.744218,2687.3831414429997,1999.9989067584265,1.9999989067584265,ridge_entry
1739430600,1739430599.999999,ETH/USD,BUY,0.743014,2691.7379268779996,1999.9989640013298,1.9999989640013298,ridge_entry
1739430900,1739430899.999999,ETH/USD,BUY,0.744174,2687.543317459,1999.9998607267337,1.9999998607267337,ridge_entry
1739431200,1739431199.999999,ETH/USD,BUY,0.745615,2682.3476079399998,1999.998611694183,1.999998611694183,ridge_entry
1739431500,1739431499.999999,ETH/USD,BUY,0.745395,2683.1384770189998,1999.9980050775773,1.9999980050775774,ridge_entry
1739431800,1739431799.999999,ETH/USD,BUY,0.745473,2682.8581689909997,1999.9983278122277,1.9999983278122277,ridge_entry
1739432100,1739432099.999999,ETH/USD,BUY,0.744989,2684.600083165,1999.99753135701,1.9999975313570102,ridge_entry
1739453700,1739453699.999999,ETH/USD,SELL,0.750065,2666.433959937,1999.998788160146,1.999998788160146,ridge_exit
1739454000,1739453999.999999,ETH/USD,SELL,0.750917,2663.407292634,1999.9978139628452,1.9999978139628452,ridge_exit
1739454300,1739454299.999999,ETH/USD,SELL,0.75239,2658.193034112,1999.9978569355278,1.999997856935528,ridge_exit
1739454600,1739454599.999999,ETH/USD,SELL,0.752877,2656.4749259400005,1999.9988728169299,1.99999887281693,ridge_exit
1739454900,1739454899.999999,ETH/USD,SELL,0.752178,2658.9422091869997,1999.9978330218592,1.9999978330218593,ridge_exit
1739455200,1739455199.999999,ETH/USD,SELL,0.752993,2656.0653768989996,1999.9986363473085,1.9999986363473086,ridge_exit
1739455500,1739455499.999999,ETH/USD,SELL,0.753608,2653.897763682,1999.9985858928644,1.9999985858928644,ridge_exit
1739455800,1739455799.999999,ETH/USD,SELL,0.758964,2635.1683868070004,1999.9979395245882,1.9999979395245882,ridge_exit
1739456100,1739456099.999999,ETH/USD,SELL,0.759105,2634.678925758,1999.9979459375265,1.9999979459375266,ridge_exit
1739892600,1739892599.999999,ETH/USD,BUY,0.747093,2677.0417774099997,1999.9991726105688,1.9999991726105688,ridge_entry
1739893500,1739893499.999999,ETH/USD,SELL,0.746419,2679.459617241,1999.9995680414102,1.9999995680414102,ridge_exit
1740152400,1740152399.999999,ETH/USD,BUY,0.732235,2731.361468836,1999.9984651331283,1.9999984651331284,ridge_entry
1740152700,1740152699.999999,ETH/USD,BUY,0.733203,2727.757508476,1999.9999884871288,1.999999988487129,ridge_entry
1740153000,1740152999.999999,ETH/USD,BUY,0.736478,2715.6241752639994,1999.9974613500797,1.9999974613500797,ridge_entry
1740153300,1740153299.999999,ETH/USD,BUY,0.73241,2730.710753771,1999.999863169418,1.999999863169418,ridge_entry
1740153600,1740153599.999999,ETH/USD,BUY,0.733596,2726.2959023299995,1999.9997687656785,1.9999997687656785,ridge_entry
1740153900,1740153899.999999,ETH/USD,BUY,0.735838,2717.9867714999996,1999.9979499670167,1.9999979499670166,ridge_entry
1740154200,1740154199.999999,ETH/USD,BUY,0.738065,2709.7877616809997,1999.999504325087,1.9999995043250869,ridge_entry
1740154500,1740154499.999999,ETH/USD,BUY,0.725637,2756.198762317,1999.9998012914207,1.9999998012914206,ridge_entry
1740154800,1740154799.999999,ETH/USD,BUY,0.724358,2761.0641088029997,1999.9988757243232,1.9999988757243232,ridge_entry
1740159300,1740159299.999999,ETH/USD,BUY,0.744967,2684.6801711729995,1999.9981330782362,1.9999981330782362,ridge_entry
1740238500,1740238499.999999,ETH/USD,SELL,0.727711,2748.3437681369996,1999.9999918547442,1.9999999918547442,ridge_exit
1740238800,1740238799.999999,ETH/USD,SELL,0.728529,2745.257166828,1999.9994584920362,1.9999994584920362,ridge_exit
1740239100,1740239099.999999,ETH/USD,SELL,0.728415,2745.686693871,1999.9993731160446,1.9999993731160446,ridge_exit
1740239400,1740239399.999999,ETH/USD,SELL,0.726114,2754.387113742,1999.9990447076589,1.999999044707659,ridge_exit
1740239700,1740239699.999999,ETH/USD,SELL,0.725464,2756.854396989,1999.998618257228,1.999998618257228,ridge_exit
1740240000,1740239999.999999,ETH/USD,SELL,0.72134,2772.617040567,1999.9995760425998,1.9999995760425997,ridge_exit
1740240300,1740240299.999999,ETH/USD,SELL,0.717753,2786.471784954,1999.9984830660885,1.9999984830660886,ridge_exit
1740240600,1740240599.999999,ETH/USD,SELL,0.719352,2780.278604334,1999.9989745848716,1.9999989745848716,ridge_exit
1740240900,1740240899.999999,ETH/USD,SELL,0.719812,2778.500562156,1999.9980466466345,1.9999980466466345,ridge_exit
1740241200,1740241199.999999,ETH/USD,SELL,0.718407,2783.9345787,1999.998088880131,1.999998088880131,ridge_exit
1740434700,1740434699.999999,ETH/USD,BUY,0.773523,2585.5712612729994,1999.9988387336743,1.9999988387336745,ridge_entry
1740435000,1740434999.999999,ETH/USD,BUY,0.7764,2575.990733316,1999.9992053465423,1.9999992053465423,ridge_entry
1740435300,1740435299.999999,ETH/USD,BUY,0.778463,2569.163230634,1999.9985160090355,1.9999985160090354,ridge_entry
1740435600,1740435599.999999,ETH/USD,BUY,0.775923,2577.5724714739995,1999.99776478352,1.99999776478352,ridge_entry
1740435900,1740435899.999999,ETH/USD,BUY,0.77539,2579.3444186509996,1999.9978687777987,1.9999978687777986,ridge_entry
1740436200,1740436199.999999,ETH/USD,BUY,0.773595,2585.3309972489997,1999.99913281684,1.99999913281684,ridge_entry
1740436500,1740436499.999999,ETH/USD,BUY,0.770786,2594.7513491899995,1999.998013436763,1.999998013436763,ridge_entry
1740436800,1740436799.999999,ETH/USD,BUY,0.775017,2580.5857827749996,1999.9978516089318,1.9999978516089318,ridge_entry
1740437100,1740437099.999999,ETH/USD,BUY,0.77533,2579.5446386709996,1999.998344700786,1.999998344700786,ridge_entry
1740438000,1740437999.999999,ETH/USD,BUY,0.796505,2510.9692818209996,1999.9995878168354,1.9999995878168355,ridge_entry
1740513600,1740513599.999999,ETH/USD,SELL,0.809985,2469.1811571900002,1999.9996996065422,1.9999996996065423,ridge_exit
1740515100,1740515099.999999,ETH/USD,SELL,0.800759,2497.629832038,1999.999566672917,1.999999566672917,ridge_exit
1740515400,1740515399.999999,ETH/USD,SELL,0.800487,2498.478897123,1999.999876921299,1.999999876921299,ridge_exit
1740515700,1740515699.999999,ETH/USD,SELL,0.796677,2510.425742319,1999.998449113474,1.999998449113474,ridge_exit
1740516000,1740515999.999999,ETH/USD,SELL,0.799997,2500.0072142760005,1999.9982713991574,1.9999982713991573,ridge_exit
1740516300,1740516299.999999,ETH/USD,SELL,0.802164,2493.2546496,1999.9991227417343,1.9999991227417342,ridge_exit
1740516600,1740516599.999999,ETH/USD,SELL,0.801387,2495.671987842,1999.9990873207366,1.9999990873207367,ridge_exit
1740516900,1740516899.999999,ETH/USD,SELL,0.803065,2490.45772932,1999.9994363963658,1.9999994363963658,ridge_exit
1740517200,1740517199.999999,ETH/USD,SELL,0.803013,2490.617553336,1999.9982733570014,1.9999982733570014,ridge_exit
1740595200,1740595199.999999,ETH/USD,BUY,0.878259,2277.2324304729996,1999.9998771547862,1.9999998771547862,ridge_entry
1740595800,1740595799.999999,ETH/USD,BUY,0.865021,2312.080724954,1999.998380780434,1.999998380780434,ridge_entry
1740596100,1740596099.999999,ETH/USD,BUY,0.872646,2291.878524936,1999.9986272713006,1.9999986272713006,ridge_entry
1740596400,1740596399.999999,ETH/USD,BUY,0.871181,2295.7327603209997,1999.9987618692087,1.9999987618692088,ridge_entry
1740596700,1740596699.999999,ETH/USD,BUY,0.868957,2301.6092179079997,1999.9994411656817,1.9999994411656816,ridge_entry
1740597000,1740596999.999999,ETH/USD,BUY,0.870505,2297.5147184989996,1999.9980500269717,1.9999980500269716,ridge_entry
1740597900,1740597899.999999,ETH/USD,BUY,0.872018,2293.530340101,1999.9997401141939,1.9999997401141938,ridge_entry
1740598200,1740598199.999999,ETH/USD,BUY,0.876305,2282.30800798,1999.997918932914,1.999997918932914,ridge_entry
1740598500,1740598499.999999,ETH/USD,BUY,0.872963,2291.047611853,1999.9997963860305,1.9999997963860305,ridge_entry
1740619800,1740619799.999999,ETH/USD,SELL,0.849146,2355.3065457899997,1999.999132131395,1.999999132131395,ridge_exit
1740622800,1740622799.999999,ETH/USD,SELL,0.849787,2353.528503612,1999.9979264989304,1.9999979264989305,ridge_exit
1740624600,1740624599.999999,ETH/USD,BUY,0.855333,2338.2695035699994,1999.9990692970384,1.9999990692970384,ridge_entry
1740629700,1740629699.999999,ETH/USD,BUY,0.86186,2320.560042801,1999.9978784884695,1.9999978784884695,ridge_entry
1740680400,1740680399.999999,ETH/USD,SELL,0.859827,2326.048761861,1999.9995287646582,1.9999995287646581,ridge_exit
1740681000,1740680999.999999,ETH/USD,SELL,0.861199,2322.3428424900003,1999.9993336095458,1.9999993336095458,ridge_exit
1740681300,1740681299.999999,ETH/USD,SELL,0.860681,2323.74130263,1999.999988088891,1.9999999880888912,ridge_exit
1740681600,1740681599.999999,ETH/USD,SELL,0.86098,2322.9321935489997,1999.9981600018177,1.9999981600018177,ridge_exit
1740681900,1740681899.999999,ETH/USD,SELL,0.861618,2321.214085377,1999.99983781436,1.99999983781436,ridge_exit
1740682200,1740682199.999999,ETH/USD,SELL,0.859871,2325.928893849,1999.9988038828335,1.9999988038828336,ridge_exit
1740682500,1740682499.999999,ETH/USD,SELL,0.860607,2323.94108265,1999.9999633161688,1.9999999633161687,ridge_exit
1740682800,1740682799.999999,ETH/USD,SELL,0.860422,2324.4405327,1999.9997720267993,1.9999997720267992,ridge_exit
1740683100,1740683099.999999,ETH/USD,SELL,0.86064,2323.8511816409996,1999.9992809675098,1.9999992809675098,ridge_exit
1740683400,1740683399.999999,ETH/USD,SELL,0.862624,2318.507066106,1999.9998393926219,1.999999839392622,ridge_exit
1740706500,1740706499.999999,ETH/USD,BUY,0.9081,2202.400197998,1999.9996198019837,1.9999996198019838,ridge_entry
1740707700,1740707699.999999,ETH/USD,BUY,0.91004,2197.7050385289995,1999.9994932629306,1.9999994932629306,ridge_entry
1740708000,1740707999.999999,ETH/USD,BUY,0.910741,2196.01317936,1999.9992389835056,1.9999992389835057,ridge_entry
1740709200,1740709199.999999,ETH/USD,BUY,0.909125,2199.9174697499993,1999.9999696864681,1.999999969686468,ridge_entry
1740709500,1740709499.999999,ETH/USD,BUY,0.908298,2201.91966995,1999.9992323762451,1.9999992323762452,ridge_entry
1740710100,1740710099.999999,ETH/USD,BUY,0.927566,2156.179406381,1999.9987072591985,1.9999987072591985,ridge_entry
1740710400,1740710399.999999,ETH/USD,BUY,0.927097,2157.27060549,1999.9991065379625,1.9999991065379625,ridge_entry
1740710700,1740710699.999999,ETH/USD,BUY,0.930448,2149.502068714,1999.9999008308039,1.9999999008308038,ridge_entry
1740711000,1740710999.999999,ETH/USD,BUY,0.933203,2143.1550940800003,1999.9987632607385,1.9999987632607386,ridge_entry
1740711300,1740711299.999999,ETH/USD,BUY,0.928001,2155.1682952799997,1999.998333188135,1.999998333188135,ridge_entry
1740715500,1740715499.999999,BTC/USD,BUY,0.025071,79771.229895357,1999.9445047064953,1.9999445047064954,ridge_entry
1740719400,1740719399.999999,BTC/USD,BUY,0.024995,80014.12681261999,1999.9530996814365,1.9999530996814365,ridge_entry
1740719700,1740719699.999999,BTC/USD,BUY,0.025022,79928.462677063,1999.9699931054702,1.9999699931054702,ridge_entry
1740720000,1740719999.999999,BTC/USD,BUY,0.02493,80221.42461032698,1999.9201155354517,1.9999201155354518,ridge_entry
1740720300,1740720299.999999,BTC/USD,BUY,0.025006,79978.27741803898,1999.936805115483,1.9999368051154829,ridge_entry
1740720600,1740720599.999999,BTC/USD,BUY,0.02504,79869.76817819999,1999.9389951821277,1.9999389951821276,ridge_entry
1740720900,1740720899.999999,BTC/USD,BUY,0.025083,79734.14914765299,1999.97166307058,1.99997166307058,ridge_entry
1740721200,1740721199.999999,BTC/USD,BUY,0.025039,79874.14298563698,1999.9686662173642,1.9999686662173644,ridge_entry
1740721500,1740721499.999999,BTC/USD,BUY,0.025007,79977.06608691798,1999.9864916355582,1.9999864916355583,ridge_entry
1740747600,1740747599.999999,BTC/USD,SELL,0.024785,80690.770495962,1999.9207467424183,1.9999207467424183,ridge_exit
1740747900,1740747899.999999,BTC/USD,SELL,0.024725,80889.40178084701,1999.9904590314422,1.9999904590314423,ridge_exit
1740748200,1740748199.999999,BTC/USD,SELL,0.024639,81171.631015101,1999.9878165810735,1.9999878165810736,ridge_exit
1740748500,1740748499.999999,BTC/USD,SELL,0.024726,80885.126488419,1999.9656375526483,1.9999656375526484,ridge_exit
1740749100,1740749099.999999,BTC/USD,SELL,0.024753,80796.554016552,1999.957101571712,1.999957101571712,ridge_exit
1740749400,1740749399.999999,BTC/USD,SELL,0.024795,80659.115351793,1999.9427651477076,1.9999427651477077,ridge_exit
1740749700,1740749699.999999,BTC/USD,SELL,0.024652,81126.36086256901,1999.9270479840513,1.9999270479840514,ridge_exit
1740750000,1740749999.999999,BTC/USD,SELL,0.024615,81250.33435398,1999.9769801232178,1.999976980123218,ridge_exit
1740750300,1740750299.999999,BTC/USD,SELL,0.024566,81412.425873207,1999.9776540012033,1.9999776540012033,ridge_exit
1740751800,1740751799.999999,ETH/USD,SELL,0.917772,2179.1904691590003,1999.999995260994,1.999999995260994,ridge_exit
1740752100,1740752099.999999,ETH/USD,SELL,0.92207,2169.031655142,1999.999018256784,1.999999018256784,ridge_exit
1740752400,1740752399.999999,ETH/USD,SELL,0.923951,2164.6165167,1999.9995952214815,1.9999995952214815,ridge_exit
1740753300,1740753299.999999,ETH/USD,BUY,0.933774,2141.8436529489995,1999.997915188799,1.999997915188799,ridge_entry
1740755700,1740755699.999999,ETH/USD,SELL,0.90936,2199.348273177,1999.9993456962366,1.9999993456962366,ridge_exit
1740756000,1740755999.999999,ETH/USD,SELL,0.910924,2195.572430799,1999.999620953148,1.999999620953148,ridge_exit
1740756300,1740756299.999999,ETH/USD,SELL,0.904381,2211.4549423890003,1999.9978322527065,1.9999978322527066,ridge_exit
1740756600,1740756599.999999,ETH/USD,SELL,0.900315,2221.4439433889997,1999.9993038922673,1.9999993038922674,ridge_exit
1740756900,1740756899.999999,ETH/USD,SELL,0.9056,2208.478220091,1999.9978761144093,1.9999978761144093,ridge_exit
1740757500,1740757499.999999,ETH/USD,SELL,0.90479,2210.456042289,1999.9985225026642,1.9999985225026642,ridge_exit
1740757800,1740757799.999999,ETH/USD,SELL,0.903785,2212.913336535,1999.9978798602847,1.9999978798602847,ridge_exit
1740758100,1740758099.999999,ETH/USD,SELL,0.900121,2221.923415437,1999.999926626568,1.999999926626568,ridge_exit
1740766800,1740766799.999999,ETH/USD,BUY,0.907935,2202.8006380379998,1999.9997972970314,1.9999997972970314,ridge_entry
1740767100,1740767099.999999,ETH/USD,BUY,0.910728,2196.043212363,1999.9980427089301,1.9999980427089301,ridge_entry
1740767400,1740767399.999999,ETH/USD,BUY,0.904015,2212.3511329919997,1999.9986094917626,1.9999986094917628,ridge_entry
1740774000,1740773999.999999,ETH/USD,BUY,0.903324,2214.042992161,1999.998171850843,1.999998171850843,ridge_entry
1740774300,1740774299.999999,ETH/USD,BUY,0.906604,2206.034191361,1999.999422024648,1.9999994220246482,ridge_entry
1740774600,1740774599.999999,ETH/USD,BUY,0.905289,2209.2377116809994,1999.9985987699802,1.9999985987699802,ridge_entry
1740774900,1740774899.999999,ETH/USD,BUY,0.908005,2202.6304510209998,1999.9994626793227,1.9999994626793227,ridge_entry
1740775200,1740775199.999999,ETH/USD,BUY,0.905708,2208.2165895789994,1999.9994309144163,1.9999994309144162,ridge_entry
1740775500,1740775499.999999,ETH/USD,BUY,0.904285,2211.690406926,1999.9984596270779,1.999998459627078,ridge_entry
1740782400,1740782399.999999,BTC/USD,BUY,0.023779,84106.66406542399,1999.9723648117172,1.9999723648117171,ridge_entry
1740782700,1740782699.999999,BTC/USD,BUY,0.02374,84244.27528516998,1999.9590952699352,1.9999590952699353,ridge_entry
1740783000,1740782999.999999,BTC/USD,BUY,0.023754,84196.30256837799,1999.9989712092508,1.999998971209251,ridge_entry
1740783300,1740783299.999999,BTC/USD,BUY,0.023788,84074.00818016198,1999.9525065896933,1.9999525065896933,ridge_entry
1740783600,1740783599.999999,BTC/USD,BUY,0.02374,84242.563403999,1999.9184552109361,1.9999184552109361,ridge_entry
1740783900,1740783899.999999,BTC/USD,BUY,0.023733,84268.59200659899,1999.9464940926139,1.999946494092614,ridge_entry
1740784200,1740784199.999999,BTC/USD,BUY,0.023754,84194.790907227,1999.96306321027,1.99996306321027,ridge_entry
1740784500,1740784499.999999,BTC/USD,BUY,0.023768,84144.575726211,1999.9482758605832,1.9999482758605833,ridge_entry
1740784800,1740784799.999999,BTC/USD,BUY,0.02377,84136.26659538099,1999.9190569722061,1.999919056972206,ridge_entry
1740792900,1740792899.999999,BTC/USD,SELL,0.023826,83940.042686247,1999.9554570425212,1.9999554570425213,ridge_exit
1740793500,1740793499.999999,BTC/USD,SELL,0.023689,84425.887716885,1999.9648541252889,1.999964854125289,ridge_exit
1740793800,1740793799.999999,BTC/USD,SELL,0.023706,84364.88488777801,1999.9539611496657,1.9999539611496657,ridge_exit
1740794100,1740794099.999999,BTC/USD,SELL,0.023675,84474.644030766,1999.937197428385,1.999937197428385,ridge_exit
1740794400,1740794399.999999,BTC/USD,SELL,0.02365,84563.81584269299,1999.9342446796893,1.9999342446796893,ridge_exit
1740794700,1740794699.999999,BTC/USD,SELL,0.023705,84369.70957526099,1999.9839654815619,1.9999839654815619,ridge_exit
1740795000,1740794999.999999,BTC/USD,SELL,0.023715,84333.729193659,1999.9743878276233,1.9999743878276233,ridge_exit
1740795300,1740795299.999999,BTC/USD,SELL,0.023637,84612.062717523,1999.9753264540911,1.9999753264540912,ridge_exit
1740795600,1740795599.999999,BTC/USD,SELL,0.023641,84597.03926001901,1999.9586051461092,1.9999586051461093,ridge_exit
1740795900,1740795899.999999,ETH/USD,SELL,0.888379,2251.2910783770003,1999.9997169174812,1.9999997169174812,ridge_exit
1740796200,1740796199.999999,ETH/USD,SELL,0.885894,2257.604127009,1999.9979504925109,1.999997950492511,ridge_exit
1740796500,1740796499.999999,ETH/USD,SELL,0.881057,2270.00047725,1999.9998104844533,1.9999998104844534,ridge_exit
1740796800,1740796799.999999,ETH/USD,SELL,0.883545,2263.60751661,1999.9991032631824,1.9999991032631825,ridge_exit
1740797100,1740797099.999999,ETH/USD,SELL,0.883408,2263.9571316449997,1999.997841752246,1.999997841752246,ridge_exit
1740797400,1740797399.999999,ETH/USD,SELL,0.886185,2256.864940935,1999.999857682483,1.9999998576824831,ridge_exit
1740797700,1740797699.999999,ETH/USD,SELL,0.885495,2258.623005111,1999.9993779107651,1.9999993779107652,ridge_exit
1740798000,1740797999.999999,ETH/USD,SELL,0.887422,2253.7184056199994,1999.9992949521113,1.9999992949521113,ridge_exit
1740798300,1740798299.999999,ETH/USD,SELL,0.886404,2256.305556879,1999.998270839773,1.9999982708397732,ridge_exit
1740941100,1740941099.999999,ETH/USD,BUY,0.811398,2464.878633217,1999.9975932350071,1.9999975932350071,ridge_entry
1740941700,1740941699.999999,ETH/USD,BUY,0.811392,2464.898655219,1999.9990496554549,1.999999049655455,ridge_entry
1740942600,1740942599.999999,ETH/USD,BUY,0.808188,2474.6693921949995,1999.9981067392923,1.9999981067392925,ridge_entry
1740942900,1740942899.999999,ETH/USD,BUY,0.809324,2471.1955748479995,1999.9978874182825,1.9999978874182827,ridge_entry
1740943500,1740943499.999999,ETH/USD,BUY,0.804621,2485.6414492909994,1999.9993085699732,1.9999993085699732,ridge_entry
1740943800,1740943799.999999,ETH/USD,BUY,0.805682,2482.367851964,1999.9990957060593,1.9999990957060594,ridge_entry
1740944100,1740944099.999999,ETH/USD,BUY,0.805315,2483.4990950769998,1999.999073751934,1.999999073751934,ridge_entry
1740948600,1740948599.999999,ETH/USD,BUY,0.800436,2498.6357285889994,1999.9979880488645,1.9999979880488645,ridge_entry
1740949800,1740949799.999999,ETH/USD,BUY,0.797978,2506.334188357999,1999.9995429575395,1.9999995429575395,ridge_entry
1740959100,1740959099.999999,BTC/USD,BUY,0.021174,94453.42402796299,1999.9568003680881,1.999956800368088,ridge_entry
1740959400,1740959399.999999,BTC/USD,BUY,0.021198,94345.65560219798,1999.939207455393,1.999939207455393,ridge_entry
1740959700,1740959699.999999,BTC/USD,BUY,0.021207,94307.54372139099,1999.9800796995387,1.9999800796995388,ridge_entry
1740960000,1740959999.999999,BTC/USD,BUY,0.021192,94373.696415999,1999.9673744478507,1.9999673744478508,ridge_entry
1740960300,1740960299.999999,BTC/USD,BUY,0.021257,94084.50863011197,1999.9543999502903,1.9999543999502902,ridge_entry
1740960600,1740960599.999999,BTC/USD,BUY,0.021301,93889.19400060199,1999.933721406823,1.9999337214068231,ridge_entry
1740960900,1740960899.999999,BTC/USD,BUY,0.02133,93761.27342982398,1999.9279622581453,1.9999279622581454,ridge_entry
1740961200,1740961199.999999,BTC/USD,BUY,0.021308,93861.133164799,1999.9930254755373,1.9999930254755374,ridge_entry
1740961500,1740961499.999999,BTC/USD,BUY,0.021333,93747.38817143698,1999.9130318612652,1.9999130318612652,ridge_entry
1740984900,1740984899.999999,ETH/USD,BUY,0.843841,2370.114497751,1999.9997878967013,1.9999997878967013,ridge_entry
1741054200,1741054199.999999,ETH/USD,BUY,0.953705,2035.7270423489997,1941.4830589234527,1.9414830589234529,ridge_entry
1741094700,1741094699.999999,BTC/USD,BUY,0.019093,82962.436684127,1584.0018036100366,1.5840018036100367,ridge_entry
1741100100,1741100099.999999,BTC/USD,SELL,0.023881,83745.43696876499,1999.9247802510768,1.999924780251077,ridge_exit
1741100400,1741100399.999999,BTC/USD,SELL,0.024064,83109.88678014,1999.9563154772889,1.9999563154772888,ridge_exit
1741101900,1741101899.999999,BTC/USD,BUY,0.024376,82045.04857448899,1999.9301040517435,1.9999301040517434,ridge_entry
1741102200,1741102199.999999,BTC/USD,BUY,0.024255,82456.11028654999,1999.9729550002698,1.9999729550002698,ridge_entry
1741107900,1741107899.999999,BTC/USD,SELL,0.023915,83626.31813184,1999.9233981229536,1.9999233981229536,ridge_exit
1741108200,1741108199.999999,BTC/USD,SELL,0.02393,83575.50408375301,1999.9618127242095,1.9999618127242096,ridge_exit
1741108500,1741108499.999999,BTC/USD,SELL,0.023873,83776.233058848,1999.990011813878,1.999990011813878,ridge_exit
1741108800,1741108799.999999,BTC/USD,SELL,0.023694,84407.05845,1999.9408429143,1.9999408429143,ridge_exit
1741109100,1741109099.999999,BTC/USD,SELL,0.023744,84229.82360525701,1999.9529316832227,1.9999529316832227,ridge_exit
1741109400,1741109399.999999,BTC/USD,SELL,0.023627,84645.785584899,1999.9259760144087,1.9999259760144088,ridge_exit
1741109700,1741109699.999999,BTC/USD,SELL,0.023658,84535.34718984299,1999.9372438173052,1.9999372438173053,ridge_exit
1741110000,1741109999.999999,BTC/USD,SELL,0.023493,85129.133365287,1999.9387301506874,1.9999387301506875,ridge_exit
1741110300,1741110299.999999,BTC/USD,SELL,0.023494,85126.506258024,1999.962138026016,1.999962138026016,ridge_exit
1741112100,1741112099.999999,ETH/USD,SELL,0.934385,2140.44313428,1999.9979580242177,1.9999979580242178,ridge_exit
1741112400,1741112399.999999,ETH/USD,SELL,0.938604,2130.823726317,1999.9996728160413,1.9999996728160414,ridge_exit
1741113000,1741112999.999999,ETH/USD,SELL,0.942563,2121.873581421,1999.999528524922,1.999999528524922,ridge_exit
1741113300,1741113299.999999,ETH/USD,SELL,0.940089,2127.4574329800002,1999.9993307127354,1.9999993307127355,ridge_exit
1741113600,1741113599.999999,ETH/USD,SELL,0.938041,2132.102318445,1999.9993908964664,1.9999993908964664,ridge_exit
1741113900,1741113899.999999,ETH/USD,SELL,0.937672,2132.941394529,1999.9994232907961,1.9999994232907963,ridge_exit
1741114200,1741114199.999999,ETH/USD,SELL,0.936177,2136.34764387,1999.999528195285,1.999999528195285,ridge_exit
1741114500,1741114499.999999,ETH/USD,SELL,0.933706,2142.001418436,1999.9995764022042,1.9999995764022043,ridge_exit
1741114800,1741114799.999999,ETH/USD,SELL,0.932097,2145.697348806,1999.998061730026,1.999998061730026,ridge_exit
1741115100,1741115099.999999,ETH/USD,SELL,0.926911,2157.704128008,1999.9996909960237,1.9999996909960238,ridge_exit
1741182300,1741182299.999999,ETH/USD,BUY,0.910571,2196.4236304009996,1999.9996615578686,1.9999996615578688,ridge_entry
1741183800,1741183799.999999,ETH/USD,BUY,0.910409,2196.8140594399997,1999.9992910407107,1.9999992910407107,ridge_entry
1741185300,1741185299.999999,ETH/USD,BUY,0.911364,2194.51152921,1999.9988053069424,1.9999988053069424,ridge_entry
1741185600,1741185599.999999,ETH/USD,BUY,0.915486,2184.630671223,1999.9987946752592,1.9999987946752593,ridge_entry
1741186200,1741186199.999999,ETH/USD,BUY,0.915138,2185.4615843059996,1999.9989433386238,1.9999989433386238,ridge_entry
1741187400,1741187399.999999,ETH/USD,SELL,0.912913,2190.78769932,1999.998570949319,1.9999985709493189,ridge_exit
1741188000,1741187999.999999,ETH/USD,SELL,0.91882,2176.70320791,1999.998441491866,1.9999984414918661,ridge_exit
1741188300,1741188299.999999,ETH/USD,SELL,0.917717,2179.320326172,1999.9993117735894,1.9999993117735895,ridge_exit
1741189200,1741189199.999999,ETH/USD,SELL,0.913105,2190.3282052739996,1999.9996358767155,1.9999996358767156,ridge_exit
1741190100,1741190099.999999,ETH/USD,SELL,0.913726,2188.839844125,1999.99987541296,1.99999987541296,ridge_exit
1741198200,1741198199.999999,ETH/USD,BUY,0.914773,2186.3325413929997,1999.9979778876984,1.9999979778876984,ridge_entry
1741198500,1741198499.999999,ETH/USD,BUY,0.912563,2191.6283609219995,1999.9989519280628,1.9999989519280628,ridge_entry
1741199700,1741199699.999999,ETH/USD,BUY,0.912909,2190.7974478389997,1999.9987073092534,1.9999987073092536,ridge_entry
1741204800,1741204799.999999,BTC/USD,BUY,0.022259,89848.733975,1999.942969549525,1.999942969549525,ridge_entry
1741206000,1741205999.999999,BTC/USD,BUY,0.022238,89933.11670242899,1999.932649228616,1.999932649228616,ridge_entry
1741206300,1741206299.999999,BTC/USD,BUY,0.022243,89914.776548597,1999.974374770443,1.999974374770443,ridge_entry
1741206600,1741206599.999999,BTC/USD,BUY,0.022193,90117.13892281099,1999.9696641139444,1.9999696641139444,ridge_entry
1741207800,1741207799.999999,ETH/USD,SELL,0.897325,2228.8457931300004,1999.9990513203777,1.9999990513203778,ridge_exit
1741208100,1741208099.999999,ETH/USD,SELL,0.896244,2231.532834399,1999.9979136330974,1.9999979136330974,ridge_exit
1741208400,1741208399.999999,BTC/USD,SELL,0.022123,90400.09944596399,1999.9214000430613,1.9999214000430614,ridge_exit
1741208700,1741208699.999999,BTC/USD,SELL,0.022182,90162.680870196,1999.9885870626877,1.9999885870626877,ridge_exit
1741209000,1741208999.999999,BTC/USD,SELL,0.022131,90370.28227797899,1999.9847170939531,1.999984717093953,ridge_exit
1741209300,1741209299.999999,ETH/USD,SELL,0.896124,2231.832504429,1999.9986711989332,1.9999986711989333,ridge_exit
1741212000,1741211999.999999,BTC/USD,SELL,0.022153,90277.864040727,1999.9255220942252,1.9999255220942254,ridge_exit
1741252200,1741252199.999999,ETH/USD,BUY,0.874698,2286.5026173989995,1999.99926643367,1.99999926643367,ridge_entry
1741252500,1741252499.999999,ETH/USD,BUY,0.874464,2287.1132884599997,1999.9982346798852,1.9999982346798852,ridge_entry
1741253100,1741253099.999999,BTC/USD,BUY,0.021965,91051.61581115598,1999.948741292041,1.999948741292041,ridge_entry
1741253400,1741253399.999999,BTC/USD,BUY,0.022019,90828.46058786497,1999.951873684199,1.999951873684199,ridge_entry
1741253700,1741253699.999999,BTC/USD,BUY,0.022011,90861.17653913298,1999.945356802856,1.999945356802856,ridge_entry
1741254000,1741253999.999999,BTC/USD,BUY,0.022024,90807.867958808,1999.9524839247872,1.9999524839247873,ridge_entry
1741254300,1741254299.999999,BTC/USD,BUY,0.021976,91004.31383143099,1999.9108007595273,1.9999108007595274,ridge_entry
1741254600,1741254599.999999,ETH/USD,BUY,0.874326,2287.473684496,1999.9977166706497,1.9999977166706497,ridge_entry
1741254900,1741254899.999999,ETH/USD,BUY,0.875073,2285.521539301,1999.9981899607437,1.9999981899607437,ridge_entry
1741255200,1741255199.999999,BTC/USD,BUY,0.022013,90851.97642921399,1999.9245571362876,1.9999245571362876,ridge_entry
1741255500,1741255499.999999,BTC/USD,BUY,0.022005,90885.87367859998,1999.9436502975925,1.9999436502975925,ridge_entry
1741255800,1741255799.999999,ETH/USD,BUY,0.873398,2289.9063577389998,1999.999633036527,1.999999633036527,ridge_entry
1741257300,1741257299.999999,BTC/USD,BUY,0.021838,91582.93967823,1999.9882366931868,1.9999882366931867,ridge_entry
1741257600,1741257599.999999,BTC/USD,BUY,0.021833,91351.55541211698,1994.4785093127502,1.9944785093127504,ridge_entry
1741264800,1741264799.999999,ETH/USD,BUY,0.879643,2273.648492115,1999.9989805495147,1.9999989805495149,ridge_entry
1741265100,1741265099.999999,ETH/USD,BUY,0.879275,2274.5995372099997,1999.9985080803226,1.9999985080803226,ridge_entry
1741265400,1741265399.999999,ETH/USD,BUY,0.883478,2263.7776451289997,1999.9977463632783,1.9999977463632783,ridge_entry
1741265700,1741265699.999999,ETH/USD,BUY,0.882768,2265.599647311,1999.9988694574367,1.9999988694574369,ridge_entry
1741273800,1741273799.999999,BTC/USD,SELL,0.022051,90696.1334796,1999.9404393586597,1.9999404393586597,ridge_exit
1741274100,1741274099.999999,BTC/USD,SELL,0.022087,90550.294065,1999.9843450136548,1.9999843450136547,ridge_exit
1741274400,1741274399.999999,BTC/USD,SELL,0.021959,91076.185000647,1999.9419464292075,1.9999419464292076,ridge_exit
1741274700,1741274699.999999,BTC/USD,SELL,0.022048,90710.34782802299,1999.981748912251,1.9999817489122511,ridge_exit
1741275000,1741274999.999999,BTC/USD,SELL,0.022028,90790.000121997,1999.9221226873499,1.99992212268735,ridge_exit
1741275300,1741275299.999999,BTC/USD,SELL,0.02205,90702.76617626399,1999.995994186621,1.999995994186621,ridge_exit
1741275600,1741275599.999999,BTC/USD,SELL,0.021931,91193.5857294,1999.9665286314714,1.9999665286314714,ridge_exit
1741275900,1741275899.999999,BTC/USD,SELL,0.021958,91079.42143697101,1999.9219359130093,1.9999219359130094,ridge_exit
1741276200,1741276199.999999,BTC/USD,SELL,0.021991,90943.501100364,1999.9385326981046,1.9999385326981047,ridge_exit
1741276500,1741276499.999999,ETH/USD,SELL,0.888052,2252.12016546,1999.9998171770837,1.9999998171770839,ridge_exit
1741276800,1741276799.999999,ETH/USD,SELL,0.886911,2255.01697575,1999.999360979408,1.999999360979408,ridge_exit
1741277100,1741277099.999999,ETH/USD,SELL,0.886157,2256.934863942,1999.9986282262507,1.9999986282262507,ridge_exit
1741277400,1741277399.999999,ETH/USD,SELL,0.88397,2262.5187155010003,1999.9986689414193,1.9999986689414193,ridge_exit
1741277700,1741277699.999999,ETH/USD,SELL,0.887528,2253.448702593,1999.99882011496,1.9999988201149599,ridge_exit
1741278900,1741278899.999999,ETH/USD,SELL,0.890421,2246.12676486,1999.998440093406,1.999998440093406,ridge_exit
1741280700,1741280699.999999,BTC/USD,BUY,0.022556,88667.88635204498,1999.9928445567266,1.9999928445567265,ridge_entry
1741281000,1741280999.999999,BTC/USD,BUY,0.022483,88954.33112365799,1999.9602266532027,1.9999602266532026,ridge_entry
1741281300,1741281299.999999,BTC/USD,BUY,0.022521,88805.88800082999,1999.9974036666922,1.9999974036666923,ridge_entry
1741281600,1741281599.999999,BTC/USD,BUY,0.022537,88742.02782545099,1999.9790811021892,1.9999790811021891,ridge_entry
1741281900,1741281899.999999,BTC/USD,BUY,0.022493,88913.59636058898,1999.933522938728,1.999933522938728,ridge_entry
1741282200,1741282199.999999,BTC/USD,BUY,0.022511,88843.649496602,1999.9593938180076,1.9999593938180076,ridge_entry
1741282500,1741282499.999999,BTC/USD,BUY,0.022489,88930.54498528199,1999.9590261740066,1.9999590261740066,ridge_entry
1741282800,1741282799.999999,BTC/USD,BUY,0.022623,88403.38569462398,1999.9497945694784,1.9999497945694784,ridge_entry
1741283100,1741283099.999999,BTC/USD,BUY,0.022578,88578.508135117,1999.9255566746715,1.9999255566746716,ridge_entry
1741283400,1741283399.999999,ETH/USD,BUY,0.915415,2184.80085824,1999.9994776457693,1.9999994776457692,ridge_entry
1741283700,1741283699.999999,ETH/USD,BUY,0.913531,2189.30580869,1999.9987247183844,1.9999987247183846,ridge_entry
1741284000,1741283999.999999,ETH/USD,BUY,0.911743,2193.6005281189996,1999.999926308801,1.9999999263088009,ridge_entry
1741284300,1741284299.999999,ETH/USD,BUY,0.910957,2195.492607308,1999.9993590754739,1.9999993590754739,ridge_entry
1741290600,1741290599.999999,BTC/USD,SELL,0.022452,89076.556813464,1999.9468535758938,1.9999468535758937,ridge_exit
1741292100,1741292099.999999,BTC/USD,SELL,0.022442,89118.400738653,1999.9951493768506,1.9999951493768506,ridge_exit
1741292400,1741292399.999999,BTC/USD,SELL,0.022437,89135.22221633699,1999.9269808679528,1.999926980867953,ridge_exit
1741293300,1741293299.999999,BTC/USD,SELL,0.022471,89002.368503037,1999.9722226317444,1.9999722226317445,ridge_exit
1741293600,1741293599.999999,BTC/USD,SELL,0.022477,88976.646825462,1999.9280906959093,1.9999280906959094,ridge_exit
1741298400,1741298399.999999,BTC/USD,SELL,0.022261,89840.265884919,1999.9341588641819,1.999934158864182,ridge_exit
1741298700,1741298699.999999,BTC/USD,SELL,0.022119,90417.39040669499,1999.9422584056865,1.9999422584056865,ridge_exit
1741299000,1741298999.999999,BTC/USD,SELL,0.022107,90465.857039547,1999.9287015732657,1.9999287015732656,ridge_exit
1741299300,1741299299.999999,BTC/USD,SELL,0.022139,90337.937892741,1999.991607007393,1.999991607007393,ridge_exit
1741301100,1741301099.999999,ETH/USD,SELL,0.902462,2216.15976186,1999.9999710076993,1.9999999710076992,ridge_exit
1741301400,1741301399.999999,ETH/USD,SELL,0.901669,2218.107617055,1999.9988769623649,1.999998876962365,ridge_exit
1741302300,1741302299.999999,ETH/USD,SELL,0.903977,2212.443853488,1999.998357344522,1.9999983573445221,ridge_exit
1741303200,1741303199.999999,ETH/USD,SELL,0.905568,2208.558132099,1999.9995705686274,1.9999995705686275,ridge_exit
1741303500,1741303499.999999,ETH/USD,SELL,0.905297,2209.2174061650003,1999.9978901489562,1.9999978901489563,ridge_exit
1741304100,1741304099.999999,ETH/USD,SELL,0.905498,2208.727945116,1999.9987368466477,1.9999987368466479,ridge_exit
1741306800,1741306799.999999,BTC/USD,BUY,0.022637,88347.31407802299,1999.9181487842066,1.9999181487842066,ridge_entry
1741307100,1741307099.999999,BTC/USD,BUY,0.022867,87461.17030250598,1999.9745813074042,1.9999745813074041,ridge_entry
1741307400,1741307399.999999,BTC/USD,BUY,0.022953,87133.22993174799,1999.9690266234118,1.9999690266234118,ridge_entry
1741307700,1741307699.999999,BTC/USD,BUY,0.022954,87129.45578437099,1999.9695280744515,1.9999695280744516,ridge_entry
1741308000,1741307999.999999,BTC/USD,BUY,0.023259,85987.651065316,1999.9867761281846,1.9999867761281847,ridge_entry
1741308300,1741308299.999999,BTC/USD,BUY,0.023252,86012.65854581399,1999.9663365072668,1.9999663365072669,ridge_entry
1741308600,1741308599.999999,BTC/USD,BUY,0.023359,85618.355249427,1999.9591602713654,1.9999591602713653,ridge_entry
1741308900,1741308899.999999,BTC/USD,BUY,0.023471,85210.99760773599,1999.9873248511713,1.9999873248511713,ridge_entry
1741309200,1741309199.999999,BTC/USD,BUY,0.023358,85623.32070592298,1999.989525048949,1.999989525048949,ridge_entry
1741309500,1741309499.999999,ETH/USD,BUY,0.941573,2124.1041591769995,1999.999125468765,1.999999125468765,ridge_entry
1741309800,1741309799.999999,ETH/USD,BUY,0.935038,2138.9504736599997,1999.999972990099,1.999999972990099,ridge_entry
1741310100,1741310099.999999,ETH/USD,BUY,0.930556,2149.2517936889994,1999.9991521280606,1.9999991521280607,ridge_entry
1741310400,1741310399.999999,ETH/USD,BUY,0.92198,2169.2437626859996,1999.999364321238,1.9999993643212381,ridge_entry
1741311300,1741311299.999999,ETH/USD,BUY,0.926027,2159.7633447389994,1999.9991708386215,1.9999991708386216,ridge_entry
1741312200,1741312199.999999,ETH/USD,BUY,0.917837,2179.0345216639994,1999.9985082605203,1.9999985082605203,ridge_entry
1741313700,1741313699.999999,ETH/USD,BUY,0.917947,2178.774235638,1999.999273281195,1.999999273281195,ridge_entry
1741314000,1741313999.999999,ETH/USD,BUY,0.91929,2175.59073732,1999.9988089109027,1.9999988089109026,ridge_entry
1741339800,1741339799.999999,ETH/USD,SELL,0.9061,2207.259561969,1999.997889100111,1.9999978891001111,ridge_exit
1741340100,1741340099.999999,BTC/USD,SELL,0.022383,89352.32316407101,1999.9730493814016,1.9999730493814016,ridge_exit
1741351500,1741351499.999999,ETH/USD,BUY,0.921363,2170.695357831,1999.9983869772436,1.9999983869772437,ridge_entry
1741354500,1741354499.999999,BTC/USD,SELL,0.022296,89702.048078082,1999.9968639489164,1.9999968639489165,ridge_exit
1741354800,1741354799.999999,BTC/USD,SELL,0.022205,90066.81642759901,1999.933658774836,1.999933658774836,ridge_exit
1741355100,1741355099.999999,BTC/USD,SELL,0.022221,90004.65487437599,1999.993435963509,1.999993435963509,ridge_exit
1741355400,1741355399.999999,BTC/USD,SELL,0.022302,89675.98677447299,1999.9538570442965,1.9999538570442965,ridge_exit
1741355700,1741355699.999999,BTC/USD,SELL,0.022334,89549.176406778,1999.99130586898,1.99999130586898,ridge_exit
1741356300,1741356299.999999,BTC/USD,SELL,0.022325,89583.58851522299,1999.9536136023532,1.9999536136023532,ridge_exit
1741358700,1741358699.999999,BTC/USD,SELL,0.022259,89850.674423961,1999.986162002948,1.999986162002948,ridge_exit
1741359000,1741358999.999999,BTC/USD,SELL,0.02208,90577.174466691,1999.9440122245371,1.999944012224537,ridge_exit
1741359300,1741359299.999999,BTC/USD,SELL,0.022033,90770.052087,1999.9365576328712,1.9999365576328711,ridge_exit
1741359600,1741359599.999999,ETH/USD,SELL,0.901219,2219.216396166,1999.9999813363263,1.9999999813363263,ridge_exit
1741359900,1741359899.999999,ETH/USD,SELL,0.896774,2230.2142862670003,1999.9981863528028,1.999998186352803,ridge_exit
1741360200,1741360199.999999,ETH/USD,SELL,0.896682,2230.4440332900003,1999.999016658544,1.999999016658544,ridge_exit
1741360500,1741360499.999999,ETH/USD,SELL,0.900355,2221.3440533790003,1999.99822518005,1.99999822518005,ridge_exit
1741361400,1741361399.999999,BTC/USD,BUY,0.022394,89309.61153814699,1999.9994407852637,1.9999994407852637,ridge_entry
1741361700,1741361699.999999,BTC/USD,BUY,0.022558,88659.65730922298,1999.9845495814523,1.9999845495814523,ridge_entry
1741362000,1741361999.999999,BTC/USD,BUY,0.022632,88368.46732313598,1999.9551524572134,1.9999551524572134,ridge_entry
1741362300,1741362299.999999,BTC/USD,BUY,0.022568,88617.771281039,1999.925862270488,1.999925862270488,ridge_entry
1741362600,1741362599.999999,BTC/USD,BUY,0.022405,89265.50306774098,1999.9935962327368,1.9999935962327369,ridge_entry
1741362900,1741362899.999999,BTC/USD,BUY,0.02253,88767.545867,1999.93280838351,1.9999328083835102,ridge_entry
1741363200,1741363199.999999,BTC/USD,BUY,0.022584,88555.302634799,1999.9329547043005,1.9999329547043005,ridge_entry
1741363500,1741363499.999999,BTC/USD,BUY,0.022584,88557.124636981,1999.9741028015787,1.9999741028015787,ridge_entry
1741363800,1741363799.999999,BTC/USD,BUY,0.022509,88850.43695527999,1999.9344854263975,1.9999344854263976,ridge_entry
1741364100,1741364099.999999,ETH/USD,BUY,0.909663,2198.6160396199994,1999.9996624488474,1.9999996624488474,ridge_entry
1741364400,1741364399.999999,ETH/USD,BUY,0.912388,2192.0488229639996,1999.9990414864776,1.9999990414864777,ridge_entry
1741364700,1741364699.999999,ETH/USD,BUY,0.917315,2180.275885788,1999.999774171619,1.9999997741716191,ridge_entry
1741365000,1741364999.999999,ETH/USD,BUY,0.92336,2166.000198362,1999.9979431595361,1.9999979431595363,ridge_entry
1741370100,1741370099.999999,ETH/USD,SELL,0.917011,2180.99847834,1999.9995956210419,1.999999595621042,ridge_exit
1741372800,1741372799.999999,ETH/USD,SELL,0.915895,2183.655552606,1999.9992023540726,1.9999992023540727,ridge_exit
1741374000,1741373999.999999,ETH/USD,SELL,0.912227,2192.435884485,1999.999209596098,1.999999209596098,ridge_exit
1741377000,1741376999.999999,ETH/USD,BUY,0.923117,2166.570825419,1999.9983606483108,1.999998360648311,ridge_entry
1741377300,1741377299.999999,ETH/USD,BUY,0.92054,2172.6374920249996,1999.9997169086932,1.9999997169086934,ridge_entry
1741379400,1741379399.999999,ETH/USD,BUY,0.921346,2170.7354018349997,1999.9983795390697,1.9999983795390697,ridge_entry
1741393500,1741393499.999999,ETH/USD,SELL,0.936965,2134.54962369,1999.998288160701,1.999998288160701,ridge_exit
1741393800,1741393799.999999,ETH/USD,SELL,0.937009,2134.4497336800005,1999.9986105057635,1.9999986105057634,ridge_exit
1741394100,1741394099.999999,ETH/USD,SELL,0.935503,2137.885950024,1999.998719905302,1.9999987199053022,ridge_exit
1741394400,1741394399.999999,BTC/USD,SELL,0.023082,86644.60466300101,1999.930764831389,1.999930764831389,ridge_exit
1741394700,1741394699.999999,BTC/USD,SELL,0.023065,86708.05479735299,1999.9212839009465,1.9999212839009466,ridge_exit
1741395000,1741394999.999999,BTC/USD,SELL,0.023046,86782.033338759,1999.9787403250402,1.9999787403250402,ridge_exit
1741395300,1741395299.999999,BTC/USD,SELL,0.023048,86774.451687,1999.9775624819758,1.9999775624819758,ridge_exit
1741395600,1741395599.999999,BTC/USD,SELL,0.023086,86631.399203679,1999.9724820161332,1.9999724820161333,ridge_exit
1741395900,1741395899.999999,BTC/USD,SELL,0.023088,86621.649938703,1999.9206537847751,1.9999206537847751,ridge_exit
1741396200,1741396199.999999,BTC/USD,SELL,0.023128,86473.393185861,1999.9566376025932,1.9999566376025932,ridge_exit
1741396500,1741396499.999999,BTC/USD,SELL,0.023202,86197.56690124799,1999.9559472427559,1.999955947242756,ridge_exit
1741401300,1741401299.999999,ETH/USD,SELL,0.938195,2131.75270341,1999.9997275757448,1.9999997275757448,ridge_exit
1741401600,1741401599.999999,ETH/USD,SELL,0.93772,2132.831515518,1999.9987687315388,1.9999987687315388,ridge_exit
1741401900,1741401899.999999,ETH/USD,SELL,0.936356,2135.938094829,1999.998450721703,1.999998450721703,ridge_exit
1741402200,1741402199.999999,ETH/USD,SELL,0.934294,2140.652903301,1999.9991636367045,1.9999991636367045,ridge_exit
1741402500,1741402499.999999,ETH/USD,SELL,0.934285,2140.672881303,1999.9985629081734,1.9999985629081736,ridge_exit
1741437600,1741437599.999999,ETH/USD,SELL,0.894306,2163.427825581,1934.7664849840419,1.934766484984042,ridge_exit
1741540800,1741540799.999999,ETH/USD,BUY,0.977867,2045.2675263019996,1999.9996201423576,1.9999996201423575,ridge_entry
1741541100,1741541099.999999,ETH/USD,BUY,0.984347,2031.8027299569997,1999.9989218249827,1.9999989218249827,ridge_entry
1741541400,1741541399.999999,ETH/USD,BUY,0.982247,2036.1475043909998,1999.9997777455462,1.9999997777455463,ridge_entry
1741541700,1741541699.999999,ETH/USD,BUY,0.97917,2042.5445340299996,1999.9983313861546,1.9999983313861547,ridge_entry
1741542000,1741541999.999999,ETH/USD,BUY,0.984235,2032.0329829799998,1999.99798300332,1.99999798300332,ridge_entry
1741542300,1741542299.999999,ETH/USD,BUY,0.990334,2019.5192317299998,1999.9985588360978,1.9999985588360978,ridge_entry
1741542600,1741542599.999999,ETH/USD,BUY,0.982131,2036.3877684149998,1999.999555381192,1.999999555381192,ridge_entry
1741542900,1741542899.999999,ETH/USD,BUY,0.988365,2023.5436541319996,1999.9997237161738,1.9999997237161737,ridge_entry
1741543200,1741543199.999999,ETH/USD,BUY,0.98709,2026.1565253929998,1999.9988446501761,1.9999988446501762,ridge_entry
1741562100,1741562099.999999,ETH/USD,SELL,0.992024,2016.08007183,1999.999817177084,1.999999817177084,ridge_exit
1741562400,1741562399.999999,ETH/USD,SELL,0.989455,2021.3143083539999,1999.999548972407,1.999999548972407,ridge_exit
1741562700,1741562699.999999,ETH/USD,SELL,0.990988,2018.1877510410002,1999.9998430286187,1.9999998430286188,ridge_exit
1741563000,1741562999.999999,ETH/USD,SELL,0.99164,2016.859213908,1999.998270879729,1.999998270879729,ridge_exit
1741563300,1741563299.999999,ETH/USD,SELL,0.990399,2019.386431161,1999.9983020354234,1.9999983020354235,ridge_exit
1741563600,1741563599.999999,ETH/USD,SELL,0.991365,2017.418597964,1999.998188370581,1.9999981883705809,ridge_exit
1741563900,1741563899.999999,ETH/USD,SELL,0.995387,2009.267573148,1999.9988218330684,1.9999988218330684,ridge_exit
1741564200,1741564199.999999,ETH/USD,SELL,0.996412,2007.199849941,1999.9980168794116,1.9999980168794116,ridge_exit
1741598400,1741598399.999999,ETH/USD,SELL,0.918116,2129.724936207,1955.3345395306262,1.9553345395306263,ridge_exit
1741615500,1741615499.999999,ETH/USD,BUY,0.97335,2054.7579552499997,1999.9986557425873,1.9999986557425873,ridge_entry
1741615800,1741615799.999999,ETH/USD,BUY,0.972625,2056.289638403,1999.9987095517179,1.999998709551718,ridge_entry
1741616100,1741616099.999999,ETH/USD,BUY,0.977599,2045.8281423579997,1999.999546141038,1.999999546141038,ridge_entry
1741616400,1741616399.999999,ETH/USD,BUY,0.990737,2018.6983296479998,1999.9991270204703,1.9999991270204702,ridge_entry
1741616700,1741616699.999999,ETH/USD,BUY,0.981127,2038.4700566229997,1999.9980112443536,1.9999980112443536,ridge_entry
1741617000,1741616999.999999,ETH/USD,BUY,0.988467,2023.3334231109998,1999.9983187422606,1.9999983187422608,ridge_entry
1741617300,1741617299.999999,ETH/USD,BUY,0.991853,2016.4258324209998,1999.9980111642658,1.999998011164266,ridge_entry
1741617600,1741617599.999999,ETH/USD,BUY,0.991445,2017.2567455039996,1999.999114046213,1.999999114046213,ridge_entry
1741617900,1741617899.999999,ETH/USD,BUY,0.996892,2006.2346334029999,1999.9992561623833,1.9999992561623834,ridge_entry
1741626900,1741626899.999999,ETH/USD,BUY,0.988128,1946.4389244299998,1923.330801519167,1.923330801519167,ridge_entry
1741632900,1741632899.999999,BTC/USD,BUY,0.025665,77925.631784,1999.96133973636,1.99996133973636,ridge_entry
1741633200,1741633199.999999,BTC/USD,BUY,0.025726,77740.67854052498,1999.9566961335456,1.9999566961335458,ridge_entry
1741633500,1741633499.999999,BTC/USD,BUY,0.025762,77631.56864062598,1999.9444713198066,1.9999444713198067,ridge_entry
1741635300,1741635299.999999,BTC/USD,SELL,0.025197,79372.611935001,1999.9517029262202,1.9999517029262202,ridge_exit
1741635600,1741635599.999999,BTC/USD,SELL,0.025245,79221.98778892201,1999.959081731336,1.999959081731336,ridge_exit
1741636500,1741636499.999999,BTC/USD,SELL,0.025356,78873.871104072,1999.9258757148496,1.9999258757148497,ridge_exit
1741675500,1741675499.999999,ETH/USD,SELL,1.057235,1891.726998381,1999.9999931333364,1.9999999931333363,ridge_exit
1741684200,1741684199.999999,ETH/USD,BUY,1.045761,1912.4816090379998,1999.9986799491876,1.9999986799491876,ridge_entry
1741716600,1741716599.999999,ETH/USD,SELL,1.038066,1926.658534878,1999.9987186666658,1.999998718666666,ridge_exit
1741716900,1741716899.999999,ETH/USD,SELL,1.029441,1942.800760494,1999.998757683704,1.9999987576837042,ridge_exit
1741717200,1741717199.999999,ETH/USD,SELL,1.032898,1936.2979208430002,1999.9982498428933,1.9999982498428934,ridge_exit
1741717500,1741717499.999999,ETH/USD,SELL,1.028172,1945.198120734,1999.9982421913185,1.9999982421913185,ridge_exit
1741717800,1741717799.999999,ETH/USD,SELL,1.030395,1941.002740314,1999.9995186058438,1.999999518605844,ridge_exit
1741718100,1741718099.999999,ETH/USD,SELL,1.034264,1933.740736587,1999.998429185417,1.9999984291854171,ridge_exit
1741718400,1741718399.999999,ETH/USD,SELL,1.031579,1938.7751930910001,1999.999774913621,1.999999774913621,ridge_exit
1741718700,1741718699.999999,ETH/USD,SELL,1.028532,1944.5188686660001,1999.9998810267784,1.9999998810267785,ridge_exit
1741719000,1741718999.999999,ETH/USD,SELL,1.027755,1945.987251813,1999.99812798707,1.99999812798707,ridge_exit
1741771800,1741771799.999999,ETH/USD,BUY,1.063022,1881.4274839359998,1999.9988068286143,1.9999988068286143,ridge_entry
1741773900,1741773899.999999,ETH/USD,BUY,1.056205,1893.570828149,1999.9989765451146,1.9999989765451147,ridge_entry
1741774200,1741774199.999999,ETH/USD,BUY,1.059178,1888.2549866179997,1999.9981402160797,1.9999981402160798,ridge_entry
1741777800,1741777799.999999,ETH/USD,SELL,1.050462,1903.9235686020002,1999.9993597207942,1.9999993597207943,ridge_exit
1741778100,1741778099.999999,ETH/USD,SELL,1.046804,1910.576243268,1999.9988537579156,1.9999988537579156,ridge_exit
1741778400,1741778399.999999,ETH/USD,SELL,1.045672,1912.6439664749998,1999.9982417118458,1.9999982417118458,ridge_exit
1741787400,1741787399.999999,ETH/USD,BUY,1.055508,1894.8222032739998,1999.9999941333328,1.9999999941333328,ridge_entry
1741787700,1741787699.999999,ETH/USD,BUY,1.059285,1888.0647775989999,1999.9986979389566,1.9999986979389566,ridge_entry
1741789200,1741789199.999999,ETH/USD,SELL,1.061607,1883.935577601,1999.9991967302647,1.9999991967302646,ridge_exit
1741789500,1741789499.999999,ETH/USD,SELL,1.063739,1880.159735223,1999.9992365863789,1.9999992365863788,ridge_exit
1741792200,1741792199.999999,ETH/USD,BUY,1.082537,1847.5102125479998,1999.9981629610743,1.9999981629610744,ridge_entry
1741792500,1741792499.999999,ETH/USD,BUY,1.084842,1843.5859001559998,1999.9994150970351,1.9999994150970353,ridge_entry
1741792800,1741792799.999999,ETH/USD,BUY,1.082614,1847.3800695349996,1999.999526599564,1.999999526599564,ridge_entry
1741795800,1741795799.999999,ETH/USD,SELL,1.067334,1873.8267085890002,1999.9989561851319,1.999998956185132,ridge_exit
1741796100,1741796099.999999,ETH/USD,SELL,1.06457,1878.6913520760002,1999.9984526795474,1.9999984526795476,ridge_exit
1741796400,1741796399.999999,ETH/USD,SELL,1.067767,1873.067544513,1999.9997128020123,1.9999997128020124,ridge_exit
1741803300,1741803299.999999,ETH/USD,BUY,1.065255,1877.4831495419999,1999.9983124653631,1.999998312465363,ridge_entry
1741803900,1741803899.999999,ETH/USD,BUY,1.064064,1879.585459752,1999.9992226455518,1.9999992226455519,ridge_entry
1741804200,1741804199.999999,ETH/USD,BUY,1.063011,1881.447505938,1999.999394734659,1.999999394734659,ridge_entry
1741805700,1741805699.999999,ETH/USD,BUY,1.061373,1884.3506962279998,1999.9989515076006,1.9999989515076007,ridge_entry
1741806000,1741805999.999999,ETH/USD,BUY,1.06343,1880.7066918639998,1999.9999173289334,1.9999999173289333,ridge_entry
1741806300,1741806299.999999,ETH/USD,BUY,1.064699,1878.4642276399998,1999.9989847040802,1.9999989847040802,ridge_entry
1741806600,1741806599.999999,ETH/USD,BUY,1.065733,1876.6422254579995,1999.9995488640302,1.9999995488640303,ridge_entry
1741806900,1741806899.999999,ETH/USD,BUY,1.063815,1880.0259437959999,1999.9997993993416,1.9999997993993417,ridge_entry
1741807800,1741807799.999999,ETH/USD,BUY,1.064495,1878.8246236759999,1999.9994177799833,1.9999994177799834,ridge_entry
1741812000,1741811999.999999,ETH/USD,SELL,1.060218,1886.402860848,1999.998268322545,1.999998268322545,ridge_exit
1741812600,1741812599.999999,ETH/USD,SELL,1.060786,1885.393971747,1999.9995297136131,1.9999995297136133,ridge_exit
1741813200,1741813199.999999,ETH/USD,SELL,1.058375,1889.689242177,1999.9998516890826,1.9999998516890827,ridge_exit
1741813500,1741813499.999999,ETH/USD,SELL,1.05282,1899.658265175,1999.9982147415437,1.9999982147415438,ridge_exit
1741813800,1741813799.999999,ETH/USD,SELL,1.054462,1896.7015208789999,1999.999679109112,1.9999996791091121,ridge_exit
1741814100,1741814099.999999,ETH/USD,SELL,1.052671,1899.9279682019999,1999.9990742151672,1.9999990742151672,ridge_exit
1741814400,1741814399.999999,ETH/USD,SELL,1.05146,1902.115559421,1999.9984261088048,1.9999984261088048,ridge_exit
1741814700,1741814699.999999,ETH/USD,SELL,1.052007,1901.1266483220002,1999.9985419212824,1.9999985419212825,ridge_exit
1741815000,1741814999.999999,ETH/USD,SELL,1.054062,1897.420728951,1999.999088399549,1.999999088399549,ridge_exit
1742431500,1742431499.999999,ETH/USD,BUY,0.980911,2038.9205516679997,1999.9995972572092,1.9999995972572093,ridge_entry
1742431800,1742431799.999999,ETH/USD,BUY,0.983606,2033.3344131099996,1999.9999287414742,1.9999999287414743,ridge_entry
1742432100,1742432099.999999,ETH/USD,BUY,0.981788,2037.0985494859995,1999.9989107027604,1.9999989107027605,ridge_entry
1742432400,1742432399.999999,ETH/USD,BUY,0.982686,2035.2365032999996,1999.9984184818634,1.9999984184818633,ridge_entry
1742432700,1742432699.999999,ETH/USD,BUY,0.980752,2039.2509147009996,1999.9994130948346,1.9999994130948346,ridge_entry
1742433000,1742432999.999999,ETH/USD,BUY,0.97966,2041.5234119279996,1999.9988257293842,1.9999988257293841,ridge_entry
1742433300,1742433299.999999,ETH/USD,BUY,0.979257,2042.3643360119995,1999.9995725901026,1.9999995725901027,ridge_entry
1742433600,1742433599.999999,ETH/USD,BUY,0.98028,2040.2319927989997,1999.9986179010036,1.9999986179010036,ridge_entry
1742448300,1742448299.999999,ETH/USD,BUY,0.964898,2017.6471745429997,1946.8237234221913,1.9468237234221912,ridge_entry
1742481000,1742480999.999999,ETH/USD,SELL,0.997649,2004.7125886920003,1999.9995093959853,1.9999995093959855,ridge_exit
1742484000,1742483999.999999,ETH/USD,BUY,1.00814,1983.8500351669998,1999.9985744532592,1.9999985744532591,ridge_entry
1742498700,1742498699.999999,ETH/USD,SELL,1.014163,1972.068533424,1999.998940062884,1.9999989400628841,ridge_exit
1742499000,1742498999.999999,ETH/USD,SELL,1.016088,1968.33264705,1999.9991826757407,1.9999991826757408,ridge_exit
1742499300,1742499299.999999,ETH/USD,SELL,1.015346,1969.771063194,1999.9991699297752,1.9999991699297752,ridge_exit
1742499600,1742499599.999999,ETH/USD,SELL,1.014379,1971.6489953819998,1999.9993362865976,1.9999993362865975,ridge_exit
1742499900,1742499899.999999,ETH/USD,SELL,1.011933,1976.413748859,1999.9982941241344,1.9999982941241345,ridge_exit
1742500200,1742500199.999999,ETH/USD,SELL,1.012225,1975.844375802,1999.9990732961794,1.9999990732961794,ridge_exit
1742500500,1742500499.999999,ETH/USD,SELL,1.013203,1973.9364766109998,1999.998359911695,1.999998359911695,ridge_exit
1742500800,1742500799.999999,ETH/USD,SELL,1.013896,1972.587961476,1999.9990437886702,1.9999990437886703,ridge_exit
1742501100,1742501099.999999,ETH/USD,SELL,1.013917,1972.5480054719999,1999.9999560641536,1.9999999560641537,ridge_exit
1743628200,1743628199.999999,ETH/USD,BUY,1.07515,1860.204161816,1999.9985045764724,1.9999985045764725,ridge_entry
1743628500,1743628499.999999,ETH/USD,BUY,1.073631,1862.8370550789998,1999.9996102815217,1.9999996102815216,ridge_entry
1743628800,1743628799.999999,ETH/USD,BUY,1.073002,1863.9282541879998,1999.9987446002322,1.9999987446002323,ridge_entry
1743629700,1743629699.999999,ETH/USD,BUY,1.072104,1865.4899703439999,1999.9992591656835,1.9999992591656834,ridge_entry
1743631500,1743631499.999999,ETH/USD,BUY,1.078394,1854.608012257,1999.9981527698753,1.9999981527698754,ridge_entry
1743631800,1743631799.999999,ETH/USD,BUY,1.080331,1851.2843599249998,1999.9998838421348,1.999999883842135,ridge_entry
1743632100,1743632099.999999,ETH/USD,BUY,1.087505,1839.0709387049997,1999.9988411963805,1.9999988411963805,ridge_entry
1743632400,1743632399.999999,ETH/USD,BUY,1.093841,1828.4192336409997,1999.9999229451048,1.9999999229451049,ridge_entry
1743632700,1743632699.999999,ETH/USD,BUY,1.094506,1827.3080125299998,1999.9995835621598,1.9999995835621598,ridge_entry
1743633300,1743633299.999999,BTC/USD,BUY,0.024032,83220.79058693399,1999.9620393851976,1.9999620393851976,ridge_entry
1743633600,1743633599.999999,BTC/USD,BUY,0.024068,83095.05241437399,1999.931721509153,1.999931721509153,ridge_entry
1743633900,1743633899.999999,BTC/USD,BUY,0.024146,82828.659677764,1999.9808165792895,1.9999808165792896,ridge_entry
1743634200,1743634199.999999,BTC/USD,BUY,0.024059,83127.34790359999,1999.9608632127122,1.9999608632127122,ridge_entry
1743634500,1743634499.999999,BTC/USD,BUY,0.024087,83031.47254702298,1999.9790792401425,1.9999790792401426,ridge_entry
1743634800,1743634799.999999,BTC/USD,BUY,0.024121,82912.71204216,1999.9375271689414,1.9999375271689415,ridge_entry
1743635100,1743635099.999999,BTC/USD,BUY,0.024209,82611.84141810599,1999.9500688909282,1.9999500688909282,ridge_entry
1743635400,1743635399.999999,BTC/USD,BUY,0.024205,82626.77783159798,1999.9811574138291,1.999981157413829,ridge_entry
1743648000,1743647999.999999,BTC/USD,SELL,0.023953,83494.52325264602,1999.9443154706298,1.9999443154706298,ridge_exit
1743648300,1743648299.999999,BTC/USD,SELL,0.023976,83415.310474716,1999.9654839417908,1.9999654839417909,ridge_exit
1743648600,1743648599.999999,BTC/USD,SELL,0.023927,83585.572996761,1999.9520050935002,1.9999520050935002,ridge_exit
1743648900,1743648899.999999,BTC/USD,SELL,0.023901,83676.632729877,1999.95519887679,1.99995519887679,ridge_exit
1743649200,1743649199.999999,BTC/USD,SELL,0.023901,83675.8635768,1999.9368153490966,1.9999368153490966,ridge_exit
1743649500,1743649499.999999,BTC/USD,SELL,0.02394,83540.023152201,1999.948154263692,1.999948154263692,ridge_exit
1743649800,1743649799.999999,BTC/USD,SELL,0.023971,83433.800115567,1999.9916225702566,1.9999916225702565,ridge_exit
1743650100,1743650099.999999,BTC/USD,SELL,0.023981,83396.06166978901,1999.92095490321,1.99992095490321,ridge_exit
1743654000,1743653999.999999,ETH/USD,SELL,1.096328,1824.271274628,1999.9996779703658,1.999999677970366,ridge_exit
1743654300,1743654299.999999,ETH/USD,SELL,1.096112,1824.6308786640002,1999.9998016741545,1.9999998016741545,ridge_exit
1743654600,1743654599.999999,ETH/USD,SELL,1.097157,1822.8927924900001,1999.999587529951,1.999999587529951,ridge_exit
1743654900,1743654899.999999,ETH/USD,SELL,1.092976,1829.8651151880001,1999.9986541377195,1.9999986541377195,ridge_exit
1743655200,1743655199.999999,ETH/USD,SELL,1.093968,1828.2069410220001,1999.9998908559555,1.9999998908559555,ridge_exit
1743655500,1743655499.999999,ETH/USD,SELL,1.086865,1840.1537862180003,1999.9987448578268,1.9999987448578267,ridge_exit
1743655800,1743655799.999999,ETH/USD,SELL,1.088952,1836.627668865,1999.9993732658793,1.9999993732658794,ridge_exit
1743656100,1743656099.999999,ETH/USD,SELL,1.08939,1835.8884827910001,1999.9985542676877,1.9999985542676877,ridge_exit
1743656400,1743656399.999999,ETH/USD,SELL,1.090892,1833.361265538,1999.99913768528,1.99999913768528,ridge_exit
1743684300,1743684299.999999,ETH/USD,BUY,1.130004,1769.904932796,1999.9996536792112,1.9999996536792113,ridge_entry
1743684600,1743684599.999999,ETH/USD,BUY,1.13693,1759.123084719,1999.9998087095726,1.9999998087095725,ridge_entry
1743684900,1743684899.999999,ETH/USD,BUY,1.132053,1766.7014124759999,1999.999634097693,1.9999996340976929,ridge_entry
1743685200,1743685199.999999,ETH/USD,BUY,1.13534,1761.585790965,1999.998811914203,1.9999988119142031,ridge_entry
1743685500,1743685499.999999,ETH/USD,BUY,1.133556,1764.3588382419998,1999.9995472422484,1.9999995472422485,ridge_entry
1743685800,1743685799.999999,ETH/USD,BUY,1.133704,1764.128585219,1999.9996335771211,1.999999633577121,ridge_entry
1743691800,1743691799.999999,ETH/USD,BUY,1.133826,1763.9383761999998,1999.9991933333408,1.999999193333341,ridge_entry
1743692100,1743692099.999999,ETH/USD,BUY,1.13516,1761.866098993,1999.9999209328937,1.9999999209328938,ridge_entry
1743692400,1743692399.999999,ETH/USD,BUY,1.136457,1759.8538877919998,1999.9982697584328,1.9999982697584329,ridge_entry
1743705900,1743705899.999999,ETH/USD,SELL,1.120627,1784.714830668,1999.999626546989,1.999999626546989,ridge_exit
1743706200,1743706199.999999,ETH/USD,SELL,1.115296,1793.2454375220002,1999.9994634865368,1.9999994634865368,ridge_exit
1743706500,1743706499.999999,ETH/USD,SELL,1.119724,1786.153246812,1999.9986581333196,1.9999986581333196,ridge_exit
1743706800,1743706799.999999,ETH/USD,SELL,1.119499,1786.512850848,1999.9993500114851,1.9999993500114852,ridge_exit
1743707100,1743707099.999999,ETH/USD,SELL,1.118255,1788.5006620469999,1999.9998078373678,1.999999807837368,ridge_exit
1743707400,1743707399.999999,ETH/USD,SELL,1.116994,1790.518440249,1999.9983546474914,1.9999983546474915,ridge_exit
1743707700,1743707699.999999,ETH/USD,SELL,1.117874,1789.1099911079998,1999.9995421998642,1.9999995421998642,ridge_exit
1743708000,1743707999.999999,ETH/USD,SELL,1.120432,1785.024489699,1999.99855904243,1.99999855904243,ridge_exit
1743708300,1743708299.999999,ETH/USD,SELL,1.12037,1785.1243797089999,1999.9998012945723,1.9999998012945723,ridge_exit
1743754200,1743754199.999999,BTC/USD,SELL,0.022727,84134.428645707,1912.123159830983,1.9121231598309831,ridge_exit
1743962700,1743962699.999999,ETH/USD,BUY,1.192497,1677.1530085309998,1999.9999312141915,1.9999999312141916,ridge_entry
1743963000,1743962999.999999,ETH/USD,BUY,1.197034,1670.7960228959998,1999.9996464712901,1.9999996464712901,ridge_entry
1743963300,1743963299.999999,ETH/USD,BUY,1.195022,1673.6091141769998,1999.9997108420266,1.9999997108420267,ridge_entry
1743963600,1743963599.999999,ETH/USD,BUY,1.209879,1653.0565291239998,1999.9983804000155,1.9999983804000157,ridge_entry
1743963900,1743963899.999999,ETH/USD,BUY,1.21455,1646.699543489,1999.998930544565,1.999998930544565,ridge_entry
1743964200,1743964199.999999,ETH/USD,BUY,1.229273,1626.9778715189998,1999.9999690557756,1.9999999690557757,ridge_entry
1743964500,1743964499.999999,ETH/USD,BUY,1.219451,1640.0822718279996,1999.999966462926,1.9999999664629262,ridge_entry
1743964800,1743964799.999999,ETH/USD,BUY,1.230408,1625.4762213689999,1999.9989465821882,1.9999989465821881,ridge_entry
1743965100,1743965099.999999,ETH/USD,BUY,1.233797,1621.0113149229996,1999.9988973180523,1.9999988973180522,ridge_entry
1744008300,1744008299.999999,BTC/USD,BUY,0.02662,75130.56030479999,1999.9755153137758,1.9999755153137757,ridge_entry
1744008600,1744008599.999999,ETH/USD,BUY,1.370714,1459.0933847489998,1999.9997297828406,1.9999997297828407,ridge_entry
1744008900,1744008899.999999,BTC/USD,BUY,0.026751,74761.134345898,1999.9351048871174,1.9999351048871175,ridge_entry
1744009200,1744009199.999999,BTC/USD,BUY,0.026705,74892.29848099999,1999.9988309351047,1.9999988309351047,ridge_entry
1744009500,1744009499.999999,BTC/USD,BUY,0.026776,74692.07846099998,1999.9550928717356,1.9999550928717356,ridge_entry
1744009800,1744009799.999999,BTC/USD,BUY,0.026668,74993.549745114,1999.9279846027,1.9999279846027,ridge_entry
1744010100,1744010099.999999,BTC/USD,BUY,0.026606,75170.48417678798,1999.9859020076212,1.9999859020076214,ridge_entry
1744010400,1744010399.999999,BTC/USD,BUY,0.026543,75346.78791539899,1999.9297916384355,1.9999297916384355,ridge_entry
1744010700,1744010699.999999,BTC/USD,BUY,0.026584,75232.672515,1999.98536613876,1.9999853661387599,ridge_entry
1744011000,1744010999.999999,BTC/USD,BUY,0.026612,75153.31531007298,1999.9800270316623,1.9999800270316623,ridge_entry
1744014300,1744014299.999999,BTC/USD,SELL,0.026184,76380.8961465,1999.957384699956,1.999957384699956,ridge_exit
1744014600,1744014599.999999,BTC/USD,SELL,0.026248,76196.099628,1999.995223035744,1.999995223035744,ridge_exit
1744014900,1744014899.999999,BTC/USD,SELL,0.026213,76295.989638,1999.9467763808939,1.999946776380894,ridge_exit
1744015200,1744015199.999999,BTC/USD,SELL,0.026195,76348.242102231,1999.942201867941,1.9999422018679411,ridge_exit
1744015500,1744015499.999999,BTC/USD,SELL,0.026122,76562.20650365099,1999.9579582883712,1.9999579582883713,ridge_exit
1744015800,1744015799.999999,BTC/USD,SELL,0.026153,76470.287716449,1999.9274346482907,1.9999274346482907,ridge_exit
1744016100,1744016099.999999,BTC/USD,SELL,0.026235,76231.400757534,1999.9307988739045,1.9999307988739046,ridge_exit
1744016400,1744016399.999999,BTC/USD,SELL,0.026252,76182.994058688,1999.9559600286773,1.9999559600286774,ridge_exit
1744016700,1744016699.999999,BTC/USD,SELL,0.026208,76311.99201760201,1999.9846867973133,1.9999846867973134,ridge_exit
1744030500,1744030499.999999,ETH/USD,SELL,1.318062,1517.379196905,1999.9998590309983,1.9999998590309984,ridge_exit
1744030800,1744030799.999999,ETH/USD,SELL,1.316354,1519.347030102,1999.998540462888,1.9999985404628882,ridge_exit
1744032600,1744032599.999999,ETH/USD,BUY,1.328944,1504.9537803299997,1999.999296646871,1.9999992966468711,ridge_entry
1744034100,1744034099.999999,ETH/USD,SELL,1.297897,1540.953239265,1999.998586382326,1.999998586382326,ridge_exit
1744034400,1744034399.999999,ETH/USD,SELL,1.29136,1548.754649046,1999.9998035920426,1.9999998035920425,ridge_exit
1744034700,1744034699.999999,ETH/USD,SELL,1.296066,1543.1308414829998,1999.9994171975056,1.9999994171975057,ridge_exit
1744035000,1744034999.999999,ETH/USD,SELL,1.291418,1548.684726039,1999.9993315318331,1.9999993315318332,ridge_exit
1744035300,1744035299.999999,ETH/USD,SELL,1.260713,1586.4031938150001,1999.9991296840901,1.9999991296840902,ridge_exit
1744035600,1744035599.999999,ETH/USD,SELL,1.248598,1601.7962443559998,1999.9995871104127,1.9999995871104128,ridge_exit
1744035900,1744035899.999999,ETH/USD,SELL,1.276353,1566.964597869,1999.999965383892,1.999999965383892,ridge_exit
1744036200,1744036199.999999,ETH/USD,SELL,1.284871,1556.576036829,1999.9994090165142,1.9999994090165143,ridge_exit
1744038900,1744038899.999999,ETH/USD,BUY,1.289445,1551.0544399349997,1999.9993923019856,1.9999993923019856,ridge_entry
1744039200,1744039199.999999,ETH/USD,BUY,1.286191,1554.9787523269997,1999.9996764342163,1.9999996764342163,ridge_entry
1744039500,1744039499.999999,ETH/USD,BUY,1.293511,1546.179082448,1999.999651116395,1.9999996511163949,ridge_entry
1744039800,1744039799.999999,ETH/USD,BUY,1.295163,1544.2069152509998,1999.9996609772309,1.9999996609772308,ridge_entry
1744041300,1744041299.999999,ETH/USD,BUY,1.284677,1556.8107655099998,1999.9989838030901,1.9999989838030903,ridge_entry
1744042500,1744042499.999999,ETH/USD,BUY,1.287965,1552.8363981129999,1999.99893149561,1.99999893149561,ridge_entry
1744042800,1744042799.999999,ETH/USD,BUY,1.291195,1548.9521297249996,1999.9992451402711,1.999999245140271,ridge_entry
1744043100,1744043099.999999,ETH/USD,BUY,1.295759,1543.4961341799997,1999.9990073289423,1.9999990073289424,ridge_entry
1744047000,1744046999.999999,ETH/USD,SELL,1.284459,1557.075486879,1999.9996228011134,1.9999996228011134,ridge_exit
1744047300,1744047299.999999,ETH/USD,SELL,1.288153,1552.6104034319999,1999.9997490121411,1.9999997490121413,ridge_exit
1744047600,1744047599.999999,ETH/USD,SELL,1.279272,1563.388535511,1999.999178600228,1.9999991786002282,ridge_exit
1744047900,1744047899.999999,ETH/USD,SELL,1.277664,1565.356368708,1999.999479468938,1.999999479468938,ridge_exit
1744048200,1744048199.999999,ETH/USD,SELL,1.278537,1564.2875456010001,1999.999505690066,1.999999505690066,ridge_exit
1744048500,1744048499.999999,ETH/USD,SELL,1.279607,1562.97898647,1999.9988519399174,1.9999988519399174,ridge_exit
1744048800,1744048799.999999,ETH/USD,SELL,1.278423,1564.4273916150003,1999.9999592706235,1.9999999592706237,ridge_exit
1744049100,1744049099.999999,ETH/USD,SELL,1.281704,1560.421802214,1999.9988655848927,1.9999988655848926,ridge_exit
1744049400,1744049399.999999,ETH/USD,SELL,1.262823,1557.9345409650002,1967.3955708250446,1.9673955708250446,ridge_exit
1744133100,1744133099.999999,ETH/USD,BUY,1.36613,1463.988764238,1999.998970488459,1.999998970488459,ridge_entry
1744133400,1744133399.999999,ETH/USD,BUY,1.369023,1460.895364929,1999.9993551811945,1.9999993551811945,ridge_entry
1744133700,1744133699.999999,ETH/USD,BUY,1.367973,1462.0165970409998,1999.9992303039678,1.9999992303039678,ridge_entry
1744136700,1744136699.999999,ETH/USD,SELL,1.343696,1488.431072007,1999.998877731518,1.999998877731518,ridge_exit
1744137000,1744136999.999999,ETH/USD,SELL,1.350503,1480.929332256,1999.9995059997248,1.9999995059997249,ridge_exit
1744137300,1744137299.999999,ETH/USD,SELL,1.346652,1485.16466868,1999.9999714072592,1.9999999714072592,ridge_exit
1744161900,1744161899.999999,ETH/USD,BUY,1.419165,1409.2786437729999,1999.9989264901094,1.9999989264901095,ridge_entry
1744162200,1744162199.999999,ETH/USD,BUY,1.429196,1399.387774785,1999.9994101716227,1.9999994101716227,ridge_entry
1744163100,1744163099.999999,ETH/USD,BUY,1.405902,1422.5732531009996,1999.9985816812016,1.9999985816812016,ridge_entry
1744165200,1744165199.999999,ETH/USD,SELL,1.383911,1445.178697677,1999.9986966808744,1.9999986966808745,ridge_exit
1744165500,1744165499.999999,ETH/USD,SELL,1.388682,1440.21416418,1999.9994859418107,1.9999994859418107,ridge_exit
1744167600,1744167599.999999,ETH/USD,BUY,1.407854,1420.6010859039998,1999.9989211942896,1.9999989211942897,ridge_entry
1744167900,1744167899.999999,ETH/USD,BUY,1.410618,1417.818027626,1999.9996304937329,1.9999996304937329,ridge_entry
1744168200,1744168199.999999,ETH/USD,BUY,1.410947,1417.4876645929999,1999.9999678944994,1.9999999678944995,ridge_entry
1744169100,1744169099.999999,ETH/USD,BUY,1.406269,1422.202846064,1999.9997741315751,1.9999997741315751,ridge_entry
1744169400,1744169399.999999,ETH/USD,BUY,1.408787,1419.66005181,1999.9986254092544,1.9999986254092543,ridge_entry
1744170000,1744169999.999999,ETH/USD,BUY,1.41017,1418.268522671,1999.999722614964,1.999999722614964,ridge_entry
1744170300,1744170299.999999,ETH/USD,BUY,1.414193,1414.234089268,1999.9999494041806,1.9999999494041807,ridge_entry
1744170600,1744170599.999999,ETH/USD,BUY,1.413352,1415.0750133519998,1999.9991002710756,1.9999991002710755,ridge_entry
1744173600,1744173599.999999,ETH/USD,SELL,1.388143,1440.773548236,1999.9997155689655,1.9999997155689655,ridge_exit
1744173900,1744173899.999999,ETH/USD,SELL,1.385501,1443.520523511,1999.9991288450142,1.9999991288450143,ridge_exit
1744174200,1744174199.999999,ETH/USD,SELL,1.385635,1443.380677497,1999.9987850635557,1.9999987850635557,ridge_exit
1744175100,1744175099.999999,ETH/USD,SELL,1.383969,1445.1187636710001,1999.9995702389904,1.9999995702389903,ridge_exit
1744175400,1744175399.999999,ETH/USD,SELL,1.380848,1448.385166998,1999.9997610788544,1.9999997610788545,ridge_exit
1744175700,1744175699.999999,ETH/USD,SELL,1.380876,1448.3551999950002,1999.998935148296,1.9999989351482959,ridge_exit
1744176000,1744175999.999999,ETH/USD,SELL,1.379411,1449.8935061490001,1999.9990512104982,1.9999990512104984,ridge_exit
1744176300,1744176299.999999,ETH/USD,SELL,1.376831,1452.610514421,1999.99918718078,1.99999918718078,ridge_exit
1744176600,1744176599.999999,ETH/USD,SELL,1.371221,1458.5539700160002,1999.9998333193098,1.9999998333193099,ridge_exit
1744298700,1744298699.999999,ETH/USD,BUY,1.301872,1536.2481694559997,1999.998476866021,1.999998476866021,ridge_entry
1744299000,1744298999.999999,ETH/USD,BUY,1.308087,1528.9501497269998,1999.999814505942,1.9999998145059419,ridge_entry
1744299300,1744299299.999999,ETH/USD,BUY,1.315581,1520.240578857,1999.9996209732706,1.9999996209732707,ridge_entry
1744299600,1744299599.999999,ETH/USD,BUY,1.330883,1502.7613711109996,1999.9995618683206,1.9999995618683206,ridge_entry
1744299900,1744299899.999999,ETH/USD,BUY,1.329926,1503.8425592189997,1999.9993194118872,1.9999993194118872,ridge_entry
1744300200,1744300199.999999,ETH/USD,BUY,1.344741,1487.274352564,1999.998800141266,1.999998800141266,ridge_entry
1744300500,1744300499.999999,ETH/USD,BUY,1.324793,1509.6689618009998,1999.9988729112322,1.9999988729112321,ridge_entry
1744300800,1744300799.999999,ETH/USD,BUY,1.335456,1497.6157165969998,1999.999894423763,1.999999894423763,ridge_entry
1744301100,1744301099.999999,ETH/USD,BUY,1.33685,1496.054000441,1999.999790489551,1.999999790489551,ridge_entry
1744308000,1744307999.999999,BTC/USD,BUY,0.025184,79415.27874380098,1999.994379883884,1.999994379883884,ridge_entry
1744321200,1744321199.999999,BTC/USD,SELL,0.025066,79788.104431596,1999.9686256823854,1.9999686256823854,ridge_exit
1744344900,1744344899.999999,ETH/USD,SELL,1.288086,1552.6903154400002,1999.998657653848,1.9999986576538482,ridge_exit
1744345800,1744345799.999999,ETH/USD,SELL,1.291276,1548.8545390559998,1999.9986937740753,1.9999986937740752,ridge_exit
1744353000,1744352999.999999,ETH/USD,SELL,1.289771,1550.662548237,1999.9995855021837,1.9999995855021837,ridge_exit
1744353300,1744353299.999999,ETH/USD,SELL,1.287979,1552.820172453,1999.9997728958424,1.9999997728958425,ridge_exit
1744353600,1744353599.999999,ETH/USD,SELL,1.288385,1552.3307114039999,1999.9996036122423,1.9999996036122423,ridge_exit
1744353900,1744353899.999999,ETH/USD,SELL,1.286762,1554.2885555999999,1999.999450380967,1.9999994503809668,ridge_exit
1744354200,1744354199.999999,ETH/USD,SELL,1.285845,1555.397334711,1999.9998858514657,1.9999998858514658,ridge_exit
1744354500,1744354499.999999,ETH/USD,SELL,1.29022,1550.1231421829998,1999.9998805073499,1.99999988050735,ridge_exit
1744354800,1744354799.999999,ETH/USD,SELL,1.289538,1550.9422402650002,1999.998954626848,1.999998954626848,ridge_exit
1744552500,1744552499.999999,ETH/USD,BUY,1.270939,1573.639258191,1999.9995051660114,1.9999995051660115,ridge_entry
1744553400,1744553399.999999,ETH/USD,BUY,1.26719,1578.2943736559998,1999.9988473531464,1.9999988473531465,ridge_entry
1744554300,1744554299.999999,ETH/USD,BUY,1.265545,1580.3466288609995,1999.9997744218936,1.9999997744218936,ridge_entry
1744562700,1744562699.999999,ETH/USD,SELL,1.256394,1591.857188361,1999.9998203136302,1.9999998203136302,ridge_exit
1744563000,1744562999.999999,ETH/USD,SELL,1.257585,1590.3488492099998,1999.9988575337575,1.9999988575337575,ridge_exit
1744563300,1744563299.999999,ETH/USD,SELL,1.256401,1591.84719936,1999.9984131231035,1.9999984131231037,ridge_exit
1745420700,1745420699.999999,ETH/USD,BUY,1.118652,1787.8646685899998,1999.9983872475404,1.9999983872475404,ridge_entry
1745421000,1745420999.999999,ETH/USD,BUY,1.118759,1787.6944815729998,1999.9992905101278,1.9999992905101278,ridge_entry
1745421300,1745421299.999999,ETH/USD,BUY,1.122449,1781.8180239859996,1999.9998592050613,1.9999998592050614,ridge_entry
1745421600,1745421599.999999,ETH/USD,BUY,1.127237,1774.2497072299998,1999.9999172288233,1.9999999172288234,ridge_entry
1745421900,1745421899.999999,ETH/USD,BUY,1.127752,1773.4388161489996,1999.999171789667,1.999999171789667,ridge_entry
1745422200,1745422199.999999,ETH/USD,BUY,1.131066,1768.2431066299996,1999.999657643567,1.999999657643567,ridge_entry
1745422500,1745422499.999999,ETH/USD,BUY,1.125516,1776.9626885009998,1999.9999373108913,1.9999999373108912,ridge_entry
1745422800,1745422799.999999,ETH/USD,BUY,1.119825,1785.9926114029997,1999.9991760643643,1.9999991760643643,ridge_entry
1745466300,1745466299.999999,ETH/USD,BUY,1.090772,1776.672369472,1937.9444737937124,1.9379444737937124,ridge_entry
1745503500,1745503499.999999,ETH/USD,SELL,1.134167,1763.4082915349998,1999.999491785376,1.999999491785376,ridge_exit
1745503800,1745503799.999999,ETH/USD,SELL,1.130383,1769.311791126,1999.999970388381,1.999999970388381,ridge_exit
1745504100,1745504099.999999,ETH/USD,SELL,1.137421,1758.3638460299999,1999.9999641152885,1.9999999641152886,ridge_exit
1745504400,1745504399.999999,ETH/USD,SELL,1.137505,1758.233989017,1999.9999536767828,1.9999999536767827,ridge_exit
1745504700,1745504699.999999,ETH/USD,SELL,1.139233,1755.56692575,1999.9997755229497,1.9999997755229497,ridge_exit
1745505000,1745504999.999999,ETH/USD,SELL,1.139155,1755.6867937619998,1999.9993895479506,1.9999993895479506,ridge_exit
1745505300,1745505299.999999,ETH/USD,SELL,1.139032,1755.876584781,1999.9996181162721,1.9999996181162722,ridge_exit
1745505600,1745505599.999999,ETH/USD,SELL,1.135376,1761.530359347,1999.9992932739594,1.9999992932739594,ridge_exit
1745505900,1745505899.999999,ETH/USD,SELL,1.134263,1763.25845652,1999.9988266677449,1.9999988266677449,ridge_exit
1746801000,1746800999.999999,ETH/USD,BUY,0.8625,2318.8381506289998,1999.9979049175124,1.9999979049175125,ridge_entry
1746801300,1746801299.999999,ETH/USD,BUY,0.85719,2333.2039370639995,1999.9990828118898,1.9999990828118899,ridge_entry
1746801600,1746801599.999999,ETH/USD,BUY,0.87209,2293.340131082,1999.9989949153014,1.9999989949153014,ridge_entry
1746801900,1746801899.999999,ETH/USD,BUY,0.864007,2314.793706225,1999.9979657343433,1.9999979657343434,ridge_entry
1746802200,1746802199.999999,ETH/USD,BUY,0.868719,2302.2399109709995,1999.9995532188157,1.9999995532188157,ridge_entry
1746802500,1746802499.999999,ETH/USD,BUY,0.86887,2301.8394709309996,1999.9992611078178,1.999999261107818,ridge_entry
1746802800,1746802799.999999,ETH/USD,BUY,0.86636,2308.506797596999,1999.9979491661363,1.9999979491661364,ridge_entry
1746803100,1746803099.999999,ETH/USD,BUY,0.865962,2309.5679637030003,1999.9980929841774,1.9999980929841774,ridge_entry
1746804300,1746804299.999999,ETH/USD,BUY,0.85155,2296.8139484289995,1955.8519177847147,1.9558519177847147,ridge_entry
1746893400,1746893399.999999,ETH/USD,SELL,0.821449,2434.7191037400003,1999.9975730481194,1.9999975730481194,ridge_exit
1746895200,1746895199.999999,ETH/USD,SELL,0.811278,2465.245490796,1999.9994312819974,1.9999994312819975,ridge_exit
1746895800,1746895799.999999,ETH/USD,SELL,0.812542,2461.409714412,1999.9987721677553,1.9999987721677555,ridge_exit
1746896100,1746896099.999999,ETH/USD,SELL,0.813202,2459.411914212,1999.9986874610267,1.9999986874610267,ridge_exit
1746896400,1746896399.999999,ETH/USD,SELL,0.813486,2458.5528601260003,1999.9983319724595,1.9999983319724595,ridge_exit
1746896700,1746896699.999999,ETH/USD,SELL,0.812308,2462.118933483,1999.9989066197088,1.9999989066197088,ridge_exit
1746897000,1746896999.999999,ETH/USD,SELL,0.809716,2470.000255272,1999.9987266978226,1.9999987266978225,ridge_exit
1746897300,1746897299.999999,ETH/USD,SELL,0.807991,2475.2744478,1999.9994763523698,1.9999994763523699,ridge_exit
1746897600,1746897599.999999,ETH/USD,SELL,0.805167,2483.954889669,1999.9985066501195,1.9999985066501196,ridge_exit
1746897900,1746897899.999999,ETH/USD,SELL,0.807049,2478.1612690889997,1999.9975740570083,1.9999975740570084,ridge_exit
1746943800,1746943799.999999,ETH/USD,BUY,0.787807,2538.6897435899996,1999.997550828407,1.999997550828407,ridge_entry
1746944100,1746944099.999999,ETH/USD,BUY,0.788572,2536.227037344,1999.997627292433,1.999997627292433,ridge_entry
1746944400,1746944399.999999,ETH/USD,BUY,0.786347,2543.404925061,1999.9988326069422,1.9999988326069422,ridge_entry
1746946200,1746946199.999999,ETH/USD,BUY,0.795623,2513.7523400989994,1999.9991780865862,1.9999991780865862,ridge_entry
1746946500,1746946499.999999,ETH/USD,BUY,0.792904,2522.37181196,1999.9986991903318,1.9999986991903318,ridge_entry
1746946800,1746946799.999999,ETH/USD,BUY,0.792379,2524.0436491269993,1999.9991826516025,1.9999991826516026,ridge_entry
1746947100,1746947099.999999,ETH/USD,BUY,0.795861,2513.0015150239997,1999.9998987485155,1.9999998987485155,ridge_entry
1746947400,1746947399.999999,ETH/USD,BUY,0.80186,2494.200855146,1999.9998977073715,1.9999998977073714,ridge_entry
1746947700,1746947699.999999,ETH/USD,BUY,0.799613,2501.208555846,1999.9988769656875,1.9999988769656876,ridge_entry
1747033500,1747033499.999999,ETH/USD,SELL,0.781835,2558.08326609,1999.999030343475,1.999999030343475,ridge_exit
1747033800,1747033799.999999,ETH/USD,SELL,0.783119,2553.88788567,1999.9981271380045,1.9999981271380045,ridge_exit
1747034100,1747034099.999999,ETH/USD,SELL,0.778007,2570.6694073500003,1999.9987936041516,1.9999987936041517,ridge_exit
1747034400,1747034399.999999,ETH/USD,SELL,0.781499,2559.1820562000003,1999.9982177382442,1.9999982177382443,ridge_exit
1747034700,1747034699.999999,ETH/USD,SELL,0.775089,2580.348749319,1999.9999317609145,1.9999999317609145,ridge_exit
1747035000,1747034999.999999,ETH/USD,SELL,0.770454,2595.871656873,1999.9997015244303,1.9999997015244304,ridge_exit
1747035300,1747035299.999999,ETH/USD,SELL,0.767233,2606.7696569639998,1999.9997042214607,1.9999997042214608,ridge_exit
1747035600,1747035599.999999,ETH/USD,SELL,0.773791,2584.673986752,1999.997468882817,1.999997468882817,ridge_exit
1747035900,1747035899.999999,ETH/USD,SELL,0.778331,2569.600584243,1999.9997923344383,1.9999997923344384,ridge_exit
1747062300,1747062299.999999,ETH/USD,BUY,0.802343,2492.6992049959995,1999.9997582341052,1.9999997582341054,ridge_entry
1747062600,1747062599.999999,ETH/USD,BUY,0.800209,2499.3465096599994,1999.9995711485183,1.9999995711485183,ridge_entry
1747065300,1747065299.999999,ETH/USD,SELL,0.802656,2491.7263324469995,1999.999091096579,1.999999091096579,ridge_exit
1747066200,1747066199.999999,ETH/USD,SELL,0.807622,2476.403204913,1999.9977091582468,1.9999977091582468,ridge_exit
1747072200,1747072199.999999,ETH/USD,BUY,0.809236,2471.4658718749997,1999.999156292637,1.9999991562926371,ridge_entry
1747073400,1747073399.999999,ETH/USD,BUY,0.814422,2455.728578303,1999.999380198686,1.999999380198686,ridge_entry
1747073700,1747073699.999999,ETH/USD,BUY,0.811675,2464.0377091329997,1999.9978075605277,1.9999978075605278,ridge_entry
1747074300,1747074299.999999,ETH/USD,BUY,0.81157,2464.358061165,1999.999071699679,1.999999071699679,ridge_entry
1747074600,1747074599.999999,ETH/USD,BUY,0.816896,2448.29040456,1999.9986383234454,1.9999986383234456,ridge_entry
1747074900,1747074899.999999,ETH/USD,BUY,0.819268,2441.202615852,1999.9991846838361,1.999999184683836,ridge_entry
1747075200,1747075199.999999,ETH/USD,BUY,0.817806,2445.5674122879996,1999.9997031735998,1.9999997031735999,ridge_entry
1747075500,1747075499.999999,ETH/USD,BUY,0.816065,2450.7831438089997,1999.9983462524915,1.9999983462524915,ridge_entry
1747075800,1747075799.999999,ETH/USD,BUY,0.82796,2415.574453292,1999.9990243476443,1.9999990243476444,ridge_entry
1747089300,1747089299.999999,ETH/USD,SELL,0.804274,2486.711853945,1999.9976896197609,1.9999976896197609,ridge_exit
1747089600,1747089599.999999,ETH/USD,SELL,0.802707,2491.566508431,1999.9978772831225,1.9999978772831226,ridge_exit
1747089900,1747089899.999999,ETH/USD,SELL,0.803448,2489.269038201,1999.9982302045173,1.9999982302045174,ridge_exit
1747090200,1747090199.999999,ETH/USD,SELL,0.802701,2491.586486433,1999.9989642462556,1.9999989642462557,ridge_exit
1747090500,1747090499.999999,ETH/USD,SELL,0.80409,2487.281227002,1999.997961820038,1.999997961820038,ridge_exit
1747092000,1747091999.999999,ETH/USD,SELL,0.80201,2493.734121648,1999.9997029029125,1.9999997029029126,ridge_exit
1747092300,1747092299.999999,ETH/USD,SELL,0.801827,2494.303494705,1999.999888248826,1.9999998882488261,ridge_exit
1747092600,1747092599.999999,ETH/USD,SELL,0.802006,2493.744110649,1999.997739205162,1.999997739205162,ridge_exit
1747092900,1747092899.999999,ETH/USD,SELL,0.803858,2488.000435074,1999.9990537377155,1.9999990537377155,ridge_exit
1747102800,1747102799.999999,ETH/USD,BUY,0.824308,2426.276213361,1999.9988928831792,1.9999988928831793,ridge_entry
1747103100,1747103099.999999,ETH/USD,BUY,0.820729,2436.8578414179997,1999.9998993291535,1.9999998993291537,ridge_entry
1747103700,1747103699.999999,ETH/USD,BUY,0.819298,2441.112516843,1999.998602824436,1.9999986028244359,ridge_entry
1747104000,1747103999.999999,ETH/USD,BUY,0.820651,2437.0880944409996,1999.9987817911008,1.999998781791101,ridge_entry
1747104300,1747104299.999999,ETH/USD,BUY,0.821056,2435.886774321,1999.999451376903,1.999999451376903,ridge_entry
1747104600,1747104599.999999,ETH/USD,BUY,0.82027,2438.219337554,1999.9981760154199,1.99999817601542,ridge_entry
1747104900,1747104899.999999,ETH/USD,BUY,0.819201,2441.4028358719997,1999.999644549178,1.999999644549178,ridge_entry
1747105200,1747105199.999999,ETH/USD,BUY,0.819039,2441.8833639199993,1999.9977085016722,1.9999977085016722,ridge_entry
1747105500,1747105499.999999,ETH/USD,BUY,0.820776,2436.7176874039997,1999.999396596705,1.9999993965967051,ridge_entry
1747116900,1747116899.999999,ETH/USD,SELL,0.814048,2456.854729956,1999.9976792112218,1.9999976792112217,ridge_exit
1747118700,1747118699.999999,ETH/USD,SELL,0.814834,2454.4873367190003,1999.9997345280897,1.9999997345280898,ridge_exit
1747119900,1747119899.999999,ETH/USD,BUY,0.812676,2461.00437583,1999.9991921320209,1.9999991921320208,ridge_entry
1747120500,1747120499.999999,ETH/USD,BUY,0.810862,2466.51042638,1999.9995773553394,1.9999995773553394,ridge_entry
1747124100,1747124099.999999,ETH/USD,SELL,0.811357,2465.005754772,1999.9996741745454,1.9999996741745454,ridge_exit
1747128600,1747128599.999999,ETH/USD,SELL,0.807111,2477.9714780699996,1999.9980376365556,1.9999980376365556,ridge_exit
1747128900,1747128899.999999,ETH/USD,SELL,0.80704,2478.191236092,1999.9994551756877,1.9999994551756877,ridge_exit
1747129200,1747129199.999999,ETH/USD,SELL,0.806724,2479.160169189,1999.998008328827,1.999998008328827,ridge_exit
1747129500,1747129499.999999,ETH/USD,SELL,0.808049,2475.094645782,1999.9977534294994,1.9999977534294995,ridge_exit
1747129800,1747129799.999999,ETH/USD,SELL,0.806052,2481.2278923960002,1999.9987051215808,1.9999987051215808,ridge_exit
1747130100,1747130099.999999,ETH/USD,SELL,0.805251,2483.695175643,1999.9980238817013,1.9999980238817014,ridge_exit
1747130400,1747130399.999999,ETH/USD,SELL,0.805754,2482.146880488,1999.999777540728,1.999999777540728,ridge_exit
1747130700,1747130699.999999,ETH/USD,SELL,0.806192,2480.7983653530005,1999.9997957606663,1.9999997957606663,ridge_exit
1747242900,1747242899.999999,ETH/USD,BUY,0.77589,2577.6825924849995,1999.9981466831862,1.9999981466831862,ridge_entry
1747243200,1747243199.999999,ETH/USD,BUY,0.778566,2568.8228566,1999.9981361716355,1.9999981361716355,ridge_entry
1747243500,1747243499.999999,ETH/USD,BUY,0.781713,2558.481492567,1999.998242999027,1.999998242999027,ridge_entry
1747243800,1747243799.999999,ETH/USD,BUY,0.778263,2569.8239566999996,1999.9989020132118,1.9999989020132118,ridge_entry
1747244400,1747244399.999999,ETH/USD,BUY,0.774702,2581.63693788,1999.9992990495118,1.999999299049512,ridge_entry
1747244700,1747244699.999999,ETH/USD,BUY,0.774582,2582.0373779199995,1999.999676264029,1.999999676264029,ridge_entry
1747245000,1747244999.999999,ETH/USD,BUY,0.774642,2581.8371579,1999.999499669972,1.9999994996699721,ridge_entry
1747248900,1747248899.999999,ETH/USD,BUY,0.768477,2602.549918969,1999.99975407954,1.99999975407954,ridge_entry
1747257300,1747257299.999999,ETH/USD,BUY,0.761957,2589.2553096409993,1972.9012079681268,1.9729012079681267,ridge_entry
1747278300,1747278299.999999,ETH/USD,SELL,0.772755,2588.140170099,1999.9982571448527,1.9999982571448527,ridge_exit
1747279500,1747279499.999999,ETH/USD,SELL,0.772374,2589.418762227,1999.999727056317,1.999999727056317,ridge_exit
1747288200,1747288199.999999,ETH/USD,BUY,0.776035,2577.2020644369995,1999.999004075367,1.9999990040753672,ridge_entry
1747288500,1747288499.999999,ETH/USD,BUY,0.778475,2569.12318663,1999.9981727117893,1.9999981727117893,ridge_entry
1747299300,1747299299.999999,ETH/USD,SELL,0.780966,2560.930131375,1999.9993609794085,1.9999993609794084,ridge_exit
1747299600,1747299599.999999,ETH/USD,SELL,0.780756,2561.619372444,1999.9996947518875,1.9999996947518877,ridge_exit
1747299900,1747299899.999999,ETH/USD,SELL,0.782189,2556.9245419739996,1999.9982505621008,1.9999982505621008,ridge_exit
1747300200,1747300199.999999,ETH/USD,SELL,0.783404,2552.958908577,1999.998220814856,1.9999982208148561,ridge_exit
1747300500,1747300499.999999,ETH/USD,SELL,0.785978,2544.5981147400003,1999.9981370271157,1.9999981370271158,ridge_exit
1747300800,1747300799.999999,ETH/USD,SELL,0.783916,2551.29074541,1999.9976359788254,1.9999976359788254,ridge_exit
1747301100,1747301099.999999,ETH/USD,SELL,0.78617,2543.9787966780004,1999.9998105843438,1.9999998105843437,ridge_exit
1747301400,1747301399.999999,ETH/USD,SELL,0.784992,2547.79459506,1999.9983747653396,1.9999983747653396,ridge_exit
1747306500,1747306499.999999,ETH/USD,SELL,0.788485,2536.5070239300003,1999.9977407634462,1.9999977407634464,ridge_exit
1747447500,1747447499.999999,ETH/USD,BUY,0.807878,2475.6204372899997,1999.9992876369704,1.9999992876369703,ridge_entry
1747447800,1747447799.999999,ETH/USD,BUY,0.80981,2469.7139466999997,1999.9990511771268,1.9999990511771268,ridge_entry
1747448100,1747448099.999999,ETH/USD,BUY,0.812944,2460.1934847489997,1999.9995322657908,1.9999995322657909,ridge_entry
1747449900,1747449899.999999,ETH/USD,SELL,0.802292,2492.85508956,1999.9976955132715,1.9999976955132717,ridge_exit
1747455600,1747455599.999999,ETH/USD,SELL,0.801518,2495.2624388010004,1999.9977594229001,1.9999977594229001,ridge_exit
1747455900,1747455899.999999,ETH/USD,SELL,0.7997,2500.936191369,1999.9986722377892,1.9999986722377892,ridge_exit
1747598700,1747598699.999999,ETH/USD,BUY,0.844308,2368.8030566199996,1999.9993711287184,1.9999993711287185,ridge_entry
1747599000,1747598999.999999,ETH/USD,BUY,0.840016,2380.906356829,1999.9994342380692,1.9999994342380691,ridge_entry
1747599300,1747599299.999999,ETH/USD,BUY,0.843449,2371.215707861,1999.9995175796525,1.9999995175796526,ridge_entry
1747599600,1747599599.999999,ETH/USD,BUY,0.841846,2375.7306693119995,1999.9993610376296,1.9999993610376297,ridge_entry
1747599900,1747599899.999999,ETH/USD,BUY,0.842087,2375.0499212439995,1999.998663030596,1.999998663030596,ridge_entry
1747600200,1747600199.999999,ETH/USD,BUY,0.839589,2382.11768795,1999.9998075082526,1.9999998075082526,ridge_entry
1747600500,1747600499.999999,ETH/USD,BUY,0.83913,2383.41911808,1999.9984845544705,1.9999984845544705,ridge_entry
1747600800,1747600799.999999,ETH/USD,BUY,0.834918,2395.4423302809996,1999.9979195135518,1.9999979195135518,ridge_entry
1747601100,1747601099.999999,ETH/USD,BUY,0.833323,2400.0273687389995,1999.9980069996893,1.9999980069996894,ridge_entry
1747607700,1747607699.999999,ETH/USD,SELL,0.824053,2427.02757297,1999.9993525886475,1.9999993525886475,ridge_exit
1747608900,1747608899.999999,ETH/USD,SELL,0.821675,2434.0498406730003,1999.9979028349876,1.9999979028349877,ridge_exit
1747609200,1747609199.999999,ETH/USD,SELL,0.815594,2452.19985549,1999.9994889385111,1.999999488938511,ridge_exit
1747609500,1747609499.999999,ETH/USD,SELL,0.818354,2443.928962662,1999.9990423102981,1.9999990423102982,ridge_exit
1747609800,1747609799.999999,ETH/USD,SELL,0.819563,2440.322933301,1999.9983841849676,1.9999983841849676,ridge_exit
1747610100,1747610099.999999,ETH/USD,SELL,0.820282,2438.185287087,1999.9995036622981,1.9999995036622982,ridge_exit
1747610400,1747610399.999999,ETH/USD,SELL,0.820991,2436.077607876,1999.997791367725,1.9999977913677252,ridge_exit
1747610700,1747610699.999999,ETH/USD,SELL,0.819634,2440.11316428,1999.9997132914734,1.9999997132914735,ridge_exit
1747611000,1747610999.999999,ETH/USD,SELL,0.816525,2449.4029352099997,1999.9987316723448,1.9999987316723449,ridge_exit
1747630500,1747630499.999999,ETH/USD,BUY,0.849152,2355.2882052699997,1999.9976900814308,1.999997690081431,ridge_entry
1747630800,1747630799.999999,ETH/USD,BUY,0.844443,2368.4226385819998,1999.9979181920999,1.9999979181921,ridge_entry
1747631100,1747631099.999999,ETH/USD,BUY,0.845891,2364.3681831769995,1999.997766835775,1.9999977668357751,ridge_entry
1747634100,1747634099.999999,ETH/USD,BUY,0.839765,2381.6171378999998,1999.9987158085933,1.9999987158085932,ridge_entry
1747634400,1747634399.999999,ETH/USD,BUY,0.839871,2381.3168078699996,1999.9989287425844,1.9999989287425846,ridge_entry
1747634700,1747634699.999999,ETH/USD,BUY,0.840932,2378.3135075699993,1999.9999345478548,1.9999999345478547,ridge_entry
1747635000,1747634999.999999,ETH/USD,BUY,0.83727,2388.7149376089997,1999.999355811887,1.999999355811887,ridge_entry
1747638000,1747637999.999999,ETH/USD,BUY,0.848799,2356.269283368,1999.9990114534748,1.999999011453475,ridge_entry
1747639200,1747639199.999999,ETH/USD,SELL,0.831292,2405.890846854,1999.9978138629554,1.9999978138629555,ridge_exit
1747639500,1747639499.999999,ETH/USD,SELL,0.831582,2405.05177077,1999.9977616404583,1.9999977616404583,ridge_exit
1747640400,1747640399.999999,ETH/USD,SELL,0.831614,2404.961869761,1999.999960359424,1.999999960359424,ridge_exit
1747640700,1747640699.999999,ETH/USD,SELL,0.831289,2405.900835855,1999.9988999370669,1.999998899937067,ridge_exit
1747642500,1747642499.999999,ETH/USD,SELL,0.830947,2406.889746954,1999.9978145621856,1.9999978145621855,ridge_exit
1747642800,1747642799.999999,ETH/USD,SELL,0.828345,2414.451420711,1999.9987620888533,1.9999987620888533,ridge_exit
1747643100,1747643099.999999,ETH/USD,SELL,0.827561,2416.7389019400002,1999.9988624283685,1.9999988624283687,ridge_exit
1747647300,1747647299.999999,ETH/USD,SELL,0.831085,2406.490186914,1999.9978969914216,1.9999978969914216,ridge_exit
1747647600,1747647599.999999,ETH/USD,SELL,0.830782,2407.369219002,1999.9990145009197,1.9999990145009197,ridge_exit
1747850100,1747850099.999999,ETH/USD,BUY,0.812431,2461.7451899039997,1999.9981063788964,1.9999981063788965,ridge_entry
1747851900,1747851899.999999,ETH/USD,SELL,0.807284,2477.442061017,1999.999336786048,1.999999336786048,ridge_exit
1747988400,1747988399.999999,ETH/USD,BUY,0.75217,2658.971920605,1999.9989095214628,1.9999989095214628,ridge_entry
1747998300,1747998299.999999,ETH/USD,SELL,0.74986,2667.16315701,1999.9989649155184,1.9999989649155185,ridge_exit
1748001000,1748000999.999999,ETH/USD,BUY,0.770843,2594.561140171,1999.999292972834,1.999999292972834,ridge_entry
1748001300,1748001299.999999,ETH/USD,BUY,0.775216,2579.925056709,1999.9991827617241,1.999999182761724,ridge_entry
1748001600,1748001599.999999,ETH/USD,BUY,0.77833,2569.603714678,1999.9996592453276,1.9999996592453277,ridge_entry
1748001900,1748001899.999999,ETH/USD,BUY,0.783962,2551.1434288339997,1999.99950475556,1.99999950475556,ridge_entry
1748002200,1748002199.999999,ETH/USD,BUY,0.781845,2558.0510195239995,1999.9993993597413,1.9999993993597414,ridge_entry
1748002500,1748002499.999999,ETH/USD,BUY,0.785382,2546.5283573729994,1999.997534370321,1.9999975343703211,ridge_entry
1748002800,1748002799.999999,ETH/USD,BUY,0.786781,2542.003384921,1999.999965191529,1.9999999651915292,ridge_entry
1748003100,1748003099.999999,ETH/USD,BUY,0.787994,2538.0890835299997,1999.9989692871386,1.9999989692871387,ridge_entry
1748003400,1748003399.999999,ETH/USD,BUY,0.784799,2548.420436562,1999.997810193421,1.999997810193421,ridge_entry
1748023500,1748023499.999999,ETH/USD,SELL,0.777074,2573.756008659,1999.998876672684,1.999998876672684,ridge_exit
1748023800,1748023799.999999,ETH/USD,SELL,0.777071,2573.7659976600003,1999.998917567654,1.999998917567654,ridge_exit
1748024100,1748024099.999999,ETH/USD,SELL,0.777333,2572.896954573,1999.997708389094,1.999997708389094,ridge_exit
1748027400,1748027399.999999,ETH/USD,SELL,0.77876,2568.182146101,1999.9975280976148,1.9999975280976148,ridge_exit
1748027700,1748027699.999999,ETH/USD,SELL,0.778491,2569.0711671900003,1999.9987820169106,1.9999987820169107,ridge_exit
1748028000,1748027999.999999,ETH/USD,SELL,0.779731,2564.985665781,1999.9988381650849,1.9999988381650848,ridge_exit
1748028900,1748028899.999999,ETH/USD,SELL,0.778131,2570.2598583090003,1999.9988738058407,1.9999988738058407,ridge_exit
1748029200,1748029199.999999,ETH/USD,SELL,0.77907,2567.163267999,1999.9998871999808,1.999999887199981,ridge_exit
1748029500,1748029499.999999,ETH/USD,SELL,0.779045,2567.243180007,1999.9979631685533,1.9999979631685534,ridge_exit
1748043600,1748043599.999999,ETH/USD,BUY,0.794291,2517.9669715199993,1999.9985037755916,1.9999985037755916,ridge_entry
1748043900,1748043899.999999,ETH/USD,BUY,0.794436,2517.5064654739995,1999.9977664053024,1.9999977664053024,ridge_entry
1748050800,1748050799.999999,ETH/USD,BUY,0.788308,2537.0779724289996,1999.9988622895598,1.99999886228956,ridge_entry
1748052900,1748052899.999999,ETH/USD,BUY,0.78952,2533.18369304,1999.9991893289407,1.9999991893289408,ridge_entry
1748053200,1748053199.999999,ETH/USD,BUY,0.787125,2540.8921638099996,1999.9997444389458,1.999999744438946,ridge_entry
1748053500,1748053499.999999,ETH/USD,BUY,0.787873,2538.479512569,1999.9994690062756,1.9999994690062757,ridge_entry
1748053800,1748053799.999999,ETH/USD,BUY,0.787187,2540.6919437899996,1999.9996691562183,1.9999996691562183,ridge_entry
1748054100,1748054099.999999,ETH/USD,BUY,0.786657,2542.403824961,1999.9997657323454,1.9999997657323454,ridge_entry
1748054400,1748054399.999999,ETH/USD,BUY,0.785713,2545.4571802659993,1999.9987974783392,1.9999987974783393,ridge_entry
1748061900,1748061899.999999,ETH/USD,SELL,0.782782,2554.98667578,1999.99758004042,1.99999758004042,ridge_exit
1748067300,1748067299.999999,ETH/USD,SELL,0.784645,2548.923352173,1999.9999636657835,1.9999999636657835,ridge_exit
1748067900,1748067899.999999,ETH/USD,SELL,0.784906,2548.0742870880003,1999.998796381094,1.9999987963810941,ridge_exit
1748068200,1748068199.999999,ETH/USD,SELL,0.784909,2548.0642980869998,1999.9986001471689,1.999998600147169,ridge_exit
1748069100,1748069099.999999,ETH/USD,SELL,0.787041,2541.161898396,1999.9986016754863,1.9999986016754863,ridge_exit
1748069400,1748069399.999999,ETH/USD,SELL,0.788178,2537.4959350289996,1999.998471079287,1.9999984710792869,ridge_exit
1748069700,1748069699.999999,ETH/USD,SELL,0.787341,2540.1929652989998,1999.9980694914796,1.9999980694914796,ridge_exit
1748070000,1748069999.999999,ETH/USD,SELL,0.786031,2544.428301723,1999.9995224316315,1.9999995224316316,ridge_exit
1748070300,1748070299.999999,ETH/USD,SELL,0.784479,2549.462758227,1999.9999951111588,1.999999995111159,ridge_exit
1748566500,1748566499.999999,ETH/USD,BUY,0.772288,2589.705804686,1999.9987164893416,1.9999987164893416,ridge_entry
1748566800,1748566799.999999,ETH/USD,BUY,0.776297,2576.3311073499995,1999.9981096424826,1.9999981096424826,ridge_entry
1748567100,1748567099.999999,ETH/USD,BUY,0.773742,2584.8404581999994,1999.999625808584,1.999999625808584,ridge_entry
1748567400,1748567399.999999,ETH/USD,BUY,0.770789,2594.7413381889996,1999.9980813213606,1.9999980813213607,ridge_entry
1748568000,1748567999.999999,ETH/USD,BUY,0.770537,2595.5922732739996,1999.9998834717278,1.9999998834717279,ridge_entry
1748572500,1748572499.999999,ETH/USD,BUY,0.76174,2625.5652102679996,1999.998043269546,1.999998043269546,ridge_entry
1748572800,1748572799.999999,ETH/USD,BUY,0.761305,2627.066860417999,1999.999136170525,1.999999136170525,ridge_entry
1748573700,1748573699.999999,ETH/USD,BUY,0.760777,2628.8888626,1999.99818222224,1.9999981822222401,ridge_entry
1748577600,1748577599.999999,ETH/USD,BUY,0.759277,2634.084572119,1999.9998316647977,1.9999998316647978,ridge_entry
1748580600,1748580599.999999,ETH/USD,SELL,0.759595,2632.980795588,1999.999047424667,1.999999047424667,ridge_exit
1748581500,1748581499.999999,ETH/USD,SELL,0.759195,2634.3692667269997,1999.9999754528044,1.9999999754528044,ridge_exit
1748581800,1748581799.999999,ETH/USD,SELL,0.759442,2633.5102126409997,1999.998262908506,1.999998262908506,ridge_exit
1748582700,1748582699.999999,ETH/USD,SELL,0.758754,2635.89758388,1999.9978353592858,1.9999978353592858,ridge_exit
1748583000,1748582999.999999,ETH/USD,SELL,0.759359,2633.79989367,1999.9996534573577,1.9999996534573576,ridge_exit
1748583300,1748583299.999999,ETH/USD,SELL,0.758728,2635.987484889,1999.997512434861,1.999997512434861,ridge_exit
1748583600,1748583599.999999,ETH/USD,SELL,0.757354,2640.7722163679996,1999.9994011551698,1.9999994011551698,ridge_exit
1748583900,1748583899.999999,ETH/USD,SELL,0.756747,2642.88988458,1999.998991486261,1.999998991486261,ridge_exit
1748584200,1748584199.999999,ETH/USD,SELL,0.758812,2635.69780386,1999.9991219426145,1.9999991219426145,ridge_exit
1749151200,1749151199.999999,ETH/USD,BUY,0.793235,2521.320656855,1999.999791240376,1.999999791240376,ridge_entry
1749155100,1749155099.999999,ETH/USD,BUY,0.806782,2478.9841336259997,1999.9997772950512,1.9999997772950513,ridge_entry
1749155400,1749155399.999999,ETH/USD,BUY,0.807607,2476.451350373,1999.9994457206874,1.9999994457206873,ridge_entry
1749155700,1749155699.999999,ETH/USD,BUY,0.813821,2457.540569484,1999.9981237980385,1.9999981237980384,ridge_entry
1749156000,1749155999.999999,ETH/USD,BUY,0.813904,2457.2902944589996,1999.9983998213575,1.9999983998213575,ridge_entry
1749156300,1749156299.999999,ETH/USD,BUY,0.825841,2421.771262911,1999.9980015336835,1.9999980015336836,ridge_entry
1749156600,1749156599.999999,ETH/USD,BUY,0.819749,2439.7710427089996,1999.9998724896595,1.9999998724896595,ridge_entry
1749156900,1749156899.999999,ETH/USD,BUY,0.828898,2412.8414500189997,1999.9994522378488,1.9999994522378488,ridge_entry
1749157200,1749157199.999999,ETH/USD,BUY,0.832795,2401.5490408909995,1999.9980335088198,1.9999980335088199,ridge_entry
1749178800,1749178799.999999,ETH/USD,SELL,0.822124,2432.72130354,1999.9985689515188,1.9999985689515187,ridge_exit
1749180300,1749180299.999999,ETH/USD,SELL,0.819902,2439.3140442,1999.9984634676684,1.9999984634676684,ridge_exit
1749180600,1749180599.999999,ETH/USD,SELL,0.819503,2440.5027353190003,1999.9993131021267,1.9999993131021268,ridge_exit
1749180900,1749180899.999999,ETH/USD,SELL,0.818481,2443.5493806239997,1999.9987406025118,1.999998740602512,ridge_exit
1749181500,1749181499.999999,ETH/USD,SELL,0.817478,2446.546080924,1999.9975971415897,1.9999975971415898,ridge_exit
1749181800,1749181799.999999,ETH/USD,SELL,0.816458,2449.6027152300003,1999.9977336712557,1.9999977336712558,ridge_exit
1749182100,1749182099.999999,ETH/USD,SELL,0.815697,2451.8901964590004,1999.9994775810173,1.9999994775810175,ridge_exit
1749182400,1749182399.999999,ETH/USD,SELL,0.815328,2452.99897557,1999.998748753537,1.9999987487535371,ridge_exit
1749182700,1749182699.999999,ETH/USD,SELL,0.81491,2454.257589696,1999.9990524191676,1.9999990524191675,ridge_exit
1749602700,1749602699.999999,ETH/USD,BUY,0.713941,2801.3483768269994,1999.997461500245,1.999997461500245,ridge_entry
1749603900,1749603899.999999,ETH/USD,BUY,0.714677,2798.465208539,1999.9987198430267,1.9999987198430267,ridge_entry
1749604200,1749604199.999999,ETH/USD,BUY,0.716985,2789.455307639,1999.9976137475483,1.9999976137475484,ridge_entry
1749604500,1749604499.999999,ETH/USD,BUY,0.714905,2797.5742294499996,1999.999804504952,1.999999804504952,ridge_entry
1749604800,1749604799.999999,ETH/USD,BUY,0.716412,2791.687760862,1999.9986121346672,1.9999986121346671,ridge_entry
1749605100,1749605099.999999,ETH/USD,BUY,0.717392,2787.8735694809993,1999.998195757113,1.9999981957571131,ridge_entry
1749605400,1749605399.999999,ETH/USD,BUY,0.716417,2791.6677388599996,1999.9982264708642,1.9999982264708642,ridge_entry
1749605700,1749605699.999999,ETH/USD,BUY,0.717727,2786.572139351,1999.998061859975,1.999998061859975,ridge_entry
1749606000,1749605999.999999,ETH/USD,BUY,0.717578,2787.152777409,1999.9995157075955,1.9999995157075956,ridge_entry
1749627600,1749627599.999999,ETH/USD,SELL,0.714691,2798.408641149,1999.9974701514197,1.9999974701514198,ridge_exit
1749627900,1749627899.999999,ETH/USD,SELL,0.715634,2794.7226997800003,1999.9985845343608,1.9999985845343609,ridge_exit
1749628200,1749628199.999999,ETH/USD,SELL,0.715488,2795.292072837,1999.9979346099994,1.9999979346099994,ridge_exit
1749628500,1749628499.999999,ETH/USD,SELL,0.716149,2792.714910579,1999.9999904962403,1.9999999904962404,ridge_exit
1749640800,1749640799.999999,ETH/USD,BUY,0.722642,2767.6213144579992,1999.9994019225576,1.9999994019225575,ridge_entry
1749641100,1749641099.999999,ETH/USD,BUY,0.722767,2767.1407864099997,1999.9980447711964,1.9999980447711965,ridge_entry
1749641400,1749641399.999999,ETH/USD,BUY,0.722205,2769.2931516249996,1999.9973605693328,1.9999973605693329,ridge_entry
1749641700,1749641699.999999,ETH/USD,BUY,0.721592,2771.6457368599995,1999.9973905522809,1.999997390552281,ridge_entry
1749651600,1749651599.999999,ETH/USD,SELL,0.708693,2822.0925625200002,1999.9972444099865,1.9999972444099865,ridge_exit
1749651900,1749651899.999999,ETH/USD,SELL,0.706795,2829.6742142790004,1999.999586281326,1.999999586281326,ridge_exit
1749652200,1749652199.999999,ETH/USD,SELL,0.704254,2839.882973301,1999.9989434791228,1.9999989434791228,ridge_exit
1749652500,1749652499.999999,ETH/USD,SELL,0.701611,2850.581193372,1999.9991216629223,1.9999991216629225,ridge_exit
1749652800,1749652799.999999,ETH/USD,SELL,0.707371,2827.3667550480004,1999.997248885059,1.999997248885059,ridge_exit
1749653100,1749653099.999999,ETH/USD,SELL,0.703092,2844.577803771,1999.9998972089602,1.9999998972089603,ridge_exit
1749653400,1749653399.999999,ETH/USD,SELL,0.70581,2833.619869674,1999.9972402146059,1.999997240214606,ridge_exit
1749653700,1749653699.999999,ETH/USD,SELL,0.705124,2836.37683395,1999.99737866216,1.9999973786621599,ridge_exit
1749654000,1749653999.999999,ETH/USD,SELL,0.704854,2837.465635059,1999.9990027338763,1.9999990027338763,ridge_exit
1749670800,1749670799.999999,ETH/USD,BUY,0.70955,2818.687430559,1999.9996663531385,1.9999996663531385,ridge_entry
1749676500,1749676499.999999,ETH/USD,SELL,0.707192,2828.0859631199996,1999.9997684307589,1.9999997684307589,ridge_exit
1749678000,1749677999.999999,ETH/USD,BUY,0.715675,2794.5609181489995,1999.9973850962851,1.999997385096285,ridge_entry
1749678300,1749678299.999999,ETH/USD,BUY,0.714138,2800.57752975,1999.9988359406057,1.9999988359406058,ridge_entry
1749678600,1749678599.999999,ETH/USD,BUY,0.714018,2801.0480467969996,1999.9987242779002,1.9999987242779003,ridge_entry
1749678900,1749678899.999999,ETH/USD,BUY,0.713704,2802.2793999199994,1999.9980168405032,1.9999980168405032,ridge_entry
1749679200,1749679199.999999,ETH/USD,BUY,0.718091,2785.1605882099993,1999.9987519483068,1.999998751948307,ridge_entry
1749679500,1749679499.999999,ETH/USD,BUY,0.720811,2774.64903716,1999.9975471243365,1.9999975471243365,ridge_entry
1749679800,1749679799.999999,ETH/USD,BUY,0.718504,2783.5588280499996,1999.998152189237,1.9999981521892372,ridge_entry
1749680100,1749680099.999999,ETH/USD,BUY,0.718478,2783.65893806,1999.9977064994725,1.9999977064994725,ridge_entry
1749680400,1749680399.999999,ETH/USD,BUY,0.721824,2770.7547577709997,1999.997282273294,1.999997282273294,ridge_entry
1749718200,1749718199.999999,ETH/USD,SELL,0.726195,2754.0774547110004,1999.997277223855,1.999997277223855,ridge_exit
1749718500,1749718499.999999,ETH/USD,SELL,0.725574,2756.4348589469996,1999.9974663456105,1.9999974663456106,ridge_exit
1749718800,1749718799.999999,ETH/USD,SELL,0.72614,2754.2872237320003,1999.9981246407547,1.9999981246407548,ridge_exit
1749719100,1749719099.999999,ETH/USD,SELL,0.726275,2753.777784681,1999.9999605691933,1.9999999605691934,ridge_exit
1749719400,1749719399.999999,ETH/USD,SELL,0.726412,2753.258356629,1999.999909355585,1.9999999093555851,ridge_exit
1749719700,1749719699.999999,ETH/USD,SELL,0.7272,2750.2716453300004,1999.997540483976,1.999997540483976,ridge_exit
1749720000,1749719999.999999,ETH/USD,SELL,0.727335,2749.762206279,1999.9982943039365,1.9999982943039365,ridge_exit
1749720300,1749720299.999999,ETH/USD,SELL,0.727898,2747.6345490659996,1999.997692996043,1.999997692996043,ridge_exit
1749720600,1749720599.999999,ETH/USD,SELL,0.726733,2752.039698507,1999.9980662150876,1.9999980662150876,ridge_exit
1749742800,1749742799.999999,ETH/USD,BUY,0.725386,2757.1498074119995,1999.9978701993607,1.9999978701993608,ridge_entry
1749743400,1749743399.999999,ETH/USD,BUY,0.730367,2738.3491475339997,1999.9998518369648,1.9999998518369648,ridge_entry
1749743700,1749743699.999999,ETH/USD,BUY,0.734005,2724.774230178,1999.9979088218029,1.999997908821803,ridge_entry
1749744000,1749743999.999999,ETH/USD,BUY,0.734542,2722.7820409789997,1999.9977659447966,1.9999977659447967,ridge_entry
1749744300,1749744299.999999,ETH/USD,BUY,0.733811,2725.4950222499997,1999.9982277722945,1.9999982277722945,ridge_entry
1749744600,1749744599.999999,ETH/USD,BUY,0.73123,2735.115594211,1999.9985759549095,1.9999985759549095,ridge_entry
1749744900,1749744899.999999,ETH/USD,BUY,0.731795,2733.003273,1999.9981301650348,1.999998130165035,ridge_entry
1749745200,1749745199.999999,ETH/USD,BUY,0.730351,2738.40921354,1999.9999075181524,1.9999999075181525,ridge_entry
1749746700,1749746699.999999,ETH/USD,BUY,0.728888,2743.9052530889994,1999.9996121135346,1.9999996121135346,ridge_entry
1749750600,1749750599.999999,ETH/USD,SELL,0.723033,2766.124189917,1999.9990714082583,1.9999990714082583,ridge_exit
1749750900,1749750899.999999,ETH/USD,SELL,0.723843,2763.0275996070004,1999.99818678233,1.9999981867823302,ridge_exit
1749751200,1749751199.999999,ETH/USD,SELL,0.724881,2759.0719552110004,1999.9988379653053,1.9999988379653053,ridge_exit
1749751500,1749751499.999999,ETH/USD,SELL,0.725364,2757.2339790270003,1999.998267962941,1.9999982679629411,ridge_exit
1749751800,1749751799.999999,ETH/USD,SELL,0.7281,2746.8753849900004,1999.9999678112192,1.9999999678112192,ridge_exit
1749752100,1749752099.999999,ETH/USD,SELL,0.72807,2746.9852640010004,1999.9975611612083,1.9999975611612084,ridge_exit
1749752400,1749752399.999999,ETH/USD,SELL,0.729107,2743.07956461,1999.998512114103,1.999998512114103,ridge_exit
1749752700,1749752699.999999,ETH/USD,SELL,0.73113,2735.48792385,1999.9972857644502,1.9999972857644503,ridge_exit
1749756900,1749756899.999999,ETH/USD,SELL,0.732168,2731.612191462,1999.9990349983495,1.9999990349983496,ridge_exit
1749759300,1749759299.999999,ETH/USD,BUY,0.744082,2687.873680492,1999.9984239278483,1.9999984239278483,ridge_entry
1749759600,1749759599.999999,ETH/USD,BUY,0.742139,2694.9114141949995,1999.9988620192628,1.9999988620192628,ridge_entry
1749759900,1749759899.999999,ETH/USD,BUY,0.743924,2688.4443075489994,1999.998243049082,1.9999982430490821,ridge_entry
1749760200,1749760199.999999,ETH/USD,BUY,0.742564,2693.3697200409997,1999.999392792525,1.999999392792525,ridge_entry
1749760500,1749760499.999999,ETH/USD,BUY,0.744964,2684.6901821739993,1999.997536873071,1.9999975368730711,ridge_entry
1749760800,1749760799.999999,ETH/USD,BUY,0.748526,2671.9161448979994,1999.9987042759199,1.99999870427592,ridge_entry
1749761100,1749761099.999999,ETH/USD,BUY,0.753304,2654.9675202050003,1999.9976528405075,1.9999976528405075,ridge_entry
1749761400,1749761399.999999,ETH/USD,BUY,0.756597,2643.414825051,1999.9997263891114,1.9999997263891114,ridge_entry
1749761700,1749761699.999999,ETH/USD,BUY,0.761761,2625.495133261,1999.9997982080326,1.9999997982080326,ridge_entry
1749774900,1749774899.999999,ETH/USD,BUY,0.77997,2524.0636711289994,1968.6939415704858,1.9686939415704858,ridge_entry
1749799800,1749799799.999999,ETH/USD,SELL,0.79001,2531.61241344,1999.9991227417345,1.9999991227417344,ridge_exit
1749800100,1749800099.999999,ETH/USD,SELL,0.791381,2527.2272420010004,1999.9996220019937,1.9999996220019938,ridge_exit
1749800400,1749800399.999999,ETH/USD,SELL,0.791853,2525.71890285,1999.9980903784813,1.9999980903784813,ridge_exit
1749800700,1749800699.999999,ETH/USD,SELL,0.791105,2528.106274089,1999.9975139631783,1.9999975139631785,ridge_exit
1749801000,1749800999.999999,ETH/USD,SELL,0.792618,2523.281586606,1999.9984046124746,1.9999984046124746,ridge_exit
1749801300,1749801299.999999,ETH/USD,SELL,0.792104,2524.91978277,1999.9990596112482,1.9999990596112482,ridge_exit
1749801600,1749801599.999999,ETH/USD,SELL,0.792493,2523.6811466460003,1999.9996429489288,1.9999996429489288,ridge_exit
1749801900,1749801899.999999,ETH/USD,SELL,0.791957,2525.389265817,1999.9997067886338,1.999999706788634,ridge_exit
1749802200,1749802199.999999,ETH/USD,SELL,0.79005,2531.482556427,1999.9977937051515,1.9999977937051516,ridge_exit
1749837000,1749836999.999999,ETH/USD,BUY,0.790041,2531.5118558729996,1999.9981581257605,1.9999981581257604,ridge_entry
1749837900,1749837899.999999,ETH/USD,BUY,0.788984,2534.9055852119996,1999.9999482429043,1.9999999482429043,ridge_entry
1749839700,1749839699.999999,ETH/USD,BUY,0.794196,2518.2673015499995,1999.9978178218034,1.9999978178218034,ridge_entry
1749840000,1749839999.999999,ETH/USD,BUY,0.795401,2514.453110169,1999.9985182815328,1.999998518281533,ridge_entry
1749844500,1749844499.999999,ETH/USD,SELL,0.792104,2524.91978277,1999.9990596112482,1.9999990596112482,ridge_exit
1749844800,1749844799.999999,ETH/USD,SELL,0.792098,2524.9397607719998,1999.9997346279795,1.9999997346279794,ridge_exit
1749845100,1749845099.999999,ETH/USD,SELL,0.792515,2523.611223639,1999.999748902262,1.9999997489022618,ridge_exit
1749845400,1749845399.999999,ETH/USD,SELL,0.790927,2528.675647146,1999.9978435702444,1.9999978435702443,ridge_exit
1750119000,1750118999.999999,ETH/USD,BUY,0.789389,2533.604155082,1999.999250376025,1.999999250376025,ridge_entry
1750121400,1750121399.999999,ETH/USD,SELL,0.777765,2571.46852743,1999.998219236594,1.999998219236594,ridge_exit
1750172400,1750172399.999999,ETH/USD,BUY,0.788653,2535.9667513179998,1999.9977863271945,1.9999977863271945,ridge_entry
1750172700,1750172699.999999,ETH/USD,BUY,0.789804,2532.2726919489996,1999.9991011920877,1.9999991011920877,ridge_entry
1750173000,1750172999.999999,ETH/USD,BUY,0.794067,2518.6777525909997,1999.9988869666772,1.9999988869666772,ridge_entry
1750173300,1750173299.999999,ETH/USD,BUY,0.792303,2524.283913151,1999.9977172412766,1.9999977172412766,ridge_entry
1750173600,1750173599.999999,ETH/USD,BUY,0.794424,2517.546509478,1999.9993682455508,1.9999993682455508,ridge_entry
1750173900,1750173899.999999,ETH/USD,BUY,0.797328,2508.376432562,1999.9987642217943,1.9999987642217945,ridge_entry
1750174200,1750174199.999999,ETH/USD,BUY,0.800314,2499.0161466269997,1999.9976083716406,1.9999976083716406,ridge_entry
1750174500,1750174499.999999,ETH/USD,BUY,0.80017,2499.4666416719992,1999.9982226666837,1.9999982226666837,ridge_entry
1750174800,1750174799.999999,ETH/USD,BUY,0.799251,2502.339798959,1999.9975866577797,1.9999975866577797,ridge_entry
1750200000,1750199999.999999,ETH/USD,SELL,0.798262,2505.44123082,1999.9985277968349,1.9999985277968348,ridge_exit
1750200300,1750200299.999999,ETH/USD,SELL,0.797686,2507.249240001,1999.9976172594377,1.9999976172594378,ridge_exit
1750200600,1750200599.999999,ETH/USD,SELL,0.797979,2506.3302519090003,1999.998908088092,1.9999989080880922,ridge_exit
1750200900,1750200899.999999,ETH/USD,SELL,0.799087,2502.854079561,1999.9981578741608,1.9999981578741608,ridge_exit
1750201200,1750201199.999999,ETH/USD,SELL,0.802694,2491.606464435,1999.997559363188,1.999997559363188,ridge_exit
1750201500,1750201499.999999,ETH/USD,SELL,0.800538,2498.3190731070003,1999.9993541469319,1.9999993541469319,ridge_exit
1750201800,1750201799.999999,ETH/USD,SELL,0.798555,2504.522242728,1999.998759541658,1.9999987595416582,ridge_exit
1750202100,1750202099.999999,ETH/USD,SELL,0.798772,2503.84299066,1999.9996733354697,1.9999996733354697,ridge_exit
1750202400,1750202399.999999,ETH/USD,SELL,0.798402,2505.0017147760004,1999.9983790805882,1.9999983790805882,ridge_exit
1750440900,1750440899.999999,ETH/USD,BUY,0.832369,2402.7803940139997,1999.999913785039,1.999999913785039,ridge_entry
1750441200,1750441199.999999,ETH/USD,BUY,0.837705,2387.4735734849996,1999.9985498762517,1.9999985498762518,ridge_entry
1750441500,1750441499.999999,ETH/USD,BUY,0.828719,2413.3620220709995,1999.9989615686566,1.9999989615686566,ridge_entry
1750441800,1750441799.999999,ETH/USD,BUY,0.827782,2416.0950253439996,1999.9999722693067,1.9999999722693067,ridge_entry
1750442100,1750442099.999999,ETH/USD,BUY,0.830376,2408.5467305899997,1999.9993999604017,1.9999993999604018,ridge_entry
1750442700,1750442699.999999,ETH/USD,BUY,0.826928,2418.587764593,1999.9979429993602,1.9999979429993602,ridge_entry
1750443000,1750442999.999999,ETH/USD,BUY,0.82424,2426.476433381,1999.9989354499553,1.9999989354499554,ridge_entry
1750446900,1750446899.999999,ETH/USD,BUY,0.832445,2402.5601519919996,1999.9991857249802,1.9999991857249801,ridge_entry
1750447200,1750447199.999999,ETH/USD,BUY,0.830103,2409.3375996689997,1999.9983694980358,1.9999983694980359,ridge_entry
1750451400,1750451399.999999,ETH/USD,SELL,0.823517,2428.6058351280003,1999.9981915271055,1.9999981915271055,ridge_exit
1750451700,1750451699.999999,ETH/USD,SELL,0.824049,2427.037561971,1999.9978759046405,1.9999978759046406,ridge_exit
1750452000,1750451999.999999,ETH/USD,SELL,0.823057,2429.9643392639996,1999.99915918161,1.99999915918161,ridge_exit
1750452300,1750452299.999999,ETH/USD,SELL,0.823477,2428.72570314,1999.9997558446178,1.9999997558446179,ridge_exit
1750452600,1750452599.999999,ETH/USD,SELL,0.824222,2426.5281229199995,1999.997862529368,1.999997862529368,ridge_exit
1750452900,1750452899.999999,ETH/USD,SELL,0.82429,2426.3283429,1999.9981897690407,1.9999981897690406,ridge_exit
1750453200,1750453199.999999,ETH/USD,SELL,0.82501,2424.2106746880004,1999.9980487243472,1.9999980487243472,ridge_exit
1750453500,1750453499.999999,ETH/USD,SELL,0.827161,2417.9076150570004,1999.9988807781635,1.9999988807781637,ridge_exit
1750453800,1750453799.999999,ETH/USD,SELL,0.827322,2417.43813201,1999.9997502507774,1.9999997502507774,ridge_exit
1750541700,1750541699.999999,ETH/USD,BUY,0.876382,2282.1077879599998,1999.9981874279606,1.9999981874279606,ridge_entry
1750542000,1750541999.999999,ETH/USD,BUY,0.873998,2288.334630582,1999.999890459407,1.999999890459407,ridge_entry
1750542300,1750542299.999999,ETH/USD,BUY,0.869063,2301.3289098799996,1999.9998064070421,1.9999998064070421,ridge_entry
1750542600,1750542599.999999,ETH/USD,BUY,0.868269,2303.43122009,1999.997922036324,1.9999979220363242,ridge_entry
1750542900,1750542899.999999,ETH/USD,BUY,0.870502,2297.5247294999995,1999.9998720792084,1.9999998720792085,ridge_entry
1750543200,1750543199.999999,ETH/USD,BUY,0.875537,2284.31020818,1999.9981067392926,1.9999981067392927,ridge_entry
1750543500,1750543499.999999,ETH/USD,BUY,0.87368,2289.165543665,1999.998152189237,1.9999981521892372,ridge_entry
1750543800,1750543799.999999,ETH/USD,BUY,0.866766,2307.4256094889997,1999.9980658343425,1.9999980658343426,ridge_entry
1750544100,1750544099.999999,ETH/USD,BUY,0.858825,2302.9707140439996,1977.8488234888378,1.9778488234888378,ridge_entry
1750569300,1750569299.999999,ETH/USD,SELL,0.875115,2285.4135057930002,1999.9996401220415,1.9999996401220415,ridge_exit
1750569600,1750569599.999999,ETH/USD,SELL,0.873027,2290.87748934,1999.9979018860322,1.9999979018860323,ridge_exit
1750570200,1750570199.999999,ETH/USD,SELL,0.874801,2286.232603875,1999.998568102454,1.9999985681024541,ridge_exit
1750570500,1750570499.999999,ETH/USD,SELL,0.876663,2281.377949389,1999.999637245209,1.9999996372452091,ridge_exit
1750570800,1750570799.999999,ETH/USD,SELL,0.877696,2278.69090812,1999.9978952932918,1.9999978952932917,ridge_exit
1750571100,1750571099.999999,ETH/USD,SELL,0.877854,2278.281359079,1999.9984041929367,1.9999984041929368,ridge_exit
1750572900,1750572899.999999,ETH/USD,SELL,0.873145,2290.5678303090003,1999.997848195152,1.9999978481951521,ridge_exit
1750573200,1750573199.999999,ETH/USD,SELL,0.87243,2292.445762497,1999.998456575258,1.999998456575258,ridge_exit
1750573500,1750573499.999999,ETH/USD,SELL,0.8735,2289.6388532159995,1999.9995382841757,1.9999995382841758,ridge_exit
1750586100,1750586099.999999,ETH/USD,BUY,0.888899,2249.9724747499995,1999.9982828327998,1.9999982828327998,ridge_entry
1750586400,1750586399.999999,ETH/USD,BUY,0.8911,2244.4163691949993,1999.999426589664,1.999999426589664,ridge_entry
1750586700,1750586699.999999,ETH/USD,BUY,0.889517,2248.4107585939996,1999.9995927522586,1.9999995927522587,ridge_entry
1750587000,1750586999.999999,ETH/USD,BUY,0.88693,2254.9679642489996,1999.9987365313652,1.9999987365313652,ridge_entry
1750587300,1750587299.999999,ETH/USD,BUY,0.886049,2257.210428473,1999.999042938073,1.999999042938073,ridge_entry
1750587600,1750587599.999999,ETH/USD,BUY,0.885856,2257.7009675219997,1999.9979482851686,1.9999979482851686,ridge_entry
1750587900,1750587899.999999,ETH/USD,BUY,0.885158,2259.4829256999997,1999.9993875467603,1.9999993875467603,ridge_entry
1750588200,1750588199.999999,ETH/USD,BUY,0.8861,2257.0802854599997,1999.9988409461057,1.9999988409461058,ridge_entry
1750588500,1750588499.999999,ETH/USD,BUY,0.885115,2259.5930467109997,1999.9996995396066,1.9999996995396065,ridge_entry
1750627500,1750627499.999999,ETH/USD,SELL,0.915359,2184.9341447340003,1999.99913378957,1.99999913378957,ridge_exit
1750627800,1750627799.999999,ETH/USD,SELL,0.918593,2177.242613964,1999.9998244890328,1.999999824489033,ridge_exit
1750628100,1750628099.999999,ETH/USD,SELL,0.91794,2178.790909119,1999.9993271166948,1.9999993271166947,ridge_exit
1750628400,1750628399.999999,ETH/USD,SELL,0.919149,2175.9240658320005,1999.9984291854173,1.9999984291854174,ridge_exit
1750628700,1750628699.999999,ETH/USD,SELL,0.915476,2184.654452706,1999.998719745478,1.999998719745478,ridge_exit
1750629000,1750628999.999999,ETH/USD,SELL,0.917763,2179.2104471610005,1999.9987176178213,1.9999987176178213,ridge_exit
1750629300,1750629299.999999,ETH/USD,SELL,0.918563,2177.312536971,1999.9987358976928,1.9999987358976927,ridge_exit
1750629600,1750629599.999999,ETH/USD,SELL,0.91882,2176.70320791,1999.998441491866,1.9999984414918661,ridge_exit
1750629900,1750629899.999999,ETH/USD,SELL,0.912913,2190.78769932,1999.998570949319,1.9999985709493189,ridge_exit
1750803900,1750803899.999999,ETH/USD,BUY,0.820253,2438.2693925589997,1999.9977840546971,1.9999977840546972,ridge_entry
1750804200,1750804199.999999,ETH/USD,BUY,0.818868,2442.3939249709997,1999.9982285531528,1.9999982285531528,ridge_entry
1750806600,1750806599.999999,ETH/USD,BUY,0.821012,2436.0169173339996,1999.9991213342216,1.9999991213342216,ridge_entry
1750806900,1750806899.999999,ETH/USD,BUY,0.821407,2434.845630217,1999.9992445796552,1.9999992445796553,ridge_entry
1750807200,1750807199.999999,ETH/USD,BUY,0.821133,2435.6565212979995,1999.9979463029902,1.9999979463029902,ridge_entry
1750807500,1750807499.999999,ETH/USD,BUY,0.821228,2435.3762132699994,1999.999136871295,1.999999136871295,ridge_entry
1750810800,1750810799.999999,ETH/USD,SELL,0.815351,2452.9290525630004,1999.998155936295,1.9999981559362952,ridge_exit
1750813200,1750813199.999999,ETH/USD,SELL,0.814396,2455.805884851,1999.998489399115,1.999998489399115,ridge_exit
1750813500,1750813499.999999,ETH/USD,SELL,0.814058,2456.824762953,1999.9978528799932,1.999997852879993,ridge_exit
1750815600,1750815599.999999,ETH/USD,SELL,0.814095,2456.714883942,1999.9993034427625,1.9999993034427626,ridge_exit
1750815900,1750815899.999999,ETH/USD,SELL,0.813222,2459.351980206,1999.9991360470838,1.999999136047084,ridge_exit
1750816200,1750816199.999999,ETH/USD,SELL,0.814638,2455.076687778,1999.9987627780945,1.9999987627780946,ridge_exit
1750861200,1750861199.999999,ETH/USD,BUY,0.83283,2401.448930881,1999.998713105623,1.999998713105623,ridge_entry
1750863000,1750862999.999999,ETH/USD,SELL,0.822411,2431.8722384550006,1999.9984795000155,1.9999984795000156,ridge_exit
1750870200,1750870199.999999,ETH/USD,BUY,0.831374,2405.653551301,1999.9978155593174,1.9999978155593174,ridge_entry
1750870500,1750870499.999999,ETH/USD,BUY,0.829559,2410.9193378269997,1999.999834968428,1.999999834968428,ridge_entry
1750870800,1750870799.999999,ETH/USD,BUY,0.828777,2413.191835054,1999.9978894805488,1.9999978894805488,ridge_entry
1750872300,1750872299.999999,ETH/USD,SELL,0.823456,2428.785637146,1999.9981056216966,1.9999981056216967,ridge_exit
1750875600,1750875599.999999,ETH/USD,SELL,0.826379,2420.195096286,1999.9984034737283,1.9999984034737284,ridge_exit
1750876500,1750876499.999999,ETH/USD,SELL,0.828506,2413.981937664,1999.9985192462498,1.9999985192462497,ridge_exit
1751328000,,BTC/USD,SELL,0.004173999999999949,107028.64956465001,446.7375832828437,0.4467375832828437,terminal_liquidation
1751328000,,ETH/USD,SELL,0.43328899999999515,2482.7362315469995,1075.742299030756,1.075742299030756,terminal_liquidation
