timestamp,signal_timestamp,pair,side,quantity,price,notional,fee,reason
1740787200.0,1740787199.999999,ETH/USD,BUY,0.892836,2240.051572759,1999.9986860158544,1.9999986860158545,ridge_entry
1740787500.0,1740787499.999999,ETH/USD,BUY,0.895072,2234.4554231999996,1999.99848455447,1.99999848455447,ridge_entry
1740787800.0,1740787799.999999,ETH/USD,BUY,0.894804,2235.1261602669997,1999.9998287115525,1.9999998287115526,ridge_entry
1740788400.0,1740788399.999999,ETH/USD,BUY,0.892944,2239.781275732,1999.9992514772348,1.999999251477235,ridge_entry
1740788700.0,1740788699.999999,ETH/USD,BUY,0.893367,2238.720109626,1999.998668176251,1.999998668176251,ridge_entry
1740789000.0,1740788999.999999,ETH/USD,BUY,0.894431,2236.0571833599997,1999.998862569868,1.999998862569868,ridge_entry
1740789300.0,1740789299.999999,ETH/USD,BUY,0.895313,2233.8547631399997,1999.9992095511627,1.9999992095511627,ridge_entry
1740789600.0,1740789599.999999,ETH/USD,BUY,0.896719,2230.3509127899997,1999.9980401661358,1.9999980401661357,ridge_entry
1740789900.0,1740789899.999999,ETH/USD,BUY,0.896796,2230.160703771,1999.999198499018,1.999999198499018,ridge_entry
1740790200.0,1740790199.999999,ETH/USD,BUY,0.897203,2229.1495926699995,1999.9997019923014,1.9999997019923015,ridge_entry
1740792900.0,1740792899.999999,ETH/USD,SELL,0.899211,2224.170940662,1999.9989757236174,1.9999989757236174,ridge_exit
1740793200.0,1740793199.999999,ETH/USD,SELL,0.898368,2226.2586418710002,1999.999523580367,1.999999523580367,ridge_exit
1740793500.0,1740793499.999999,ETH/USD,SELL,0.894603,2235.628324809,1999.9998062591058,1.9999998062591058,ridge_exit
1740793800.0,1740793799.999999,ETH/USD,SELL,0.893019,2239.593958206,1999.9999569631639,1.999999956963164,ridge_exit
1740794100.0,1740794099.999999,ETH/USD,SELL,0.88997,2247.2655109739994,1999.9988868015303,1.9999988868015304,ridge_exit
1740794400.0,1740794399.999999,ETH/USD,SELL,0.888603,2250.7217053199997,1999.9980595124678,1.9999980595124678,ridge_exit
1740794700.0,1740794699.999999,ETH/USD,SELL,0.8928,2240.1433532610004,1999.9999857914213,1.9999999857914212,ridge_exit
1740795000.0,1740794999.999999,ETH/USD,SELL,0.892509,2240.872550334,1999.998919026048,1.999998919026048,ridge_exit
1740795300.0,1740795299.999999,ETH/USD,SELL,0.887981,2252.2999674780003,1999.9995774210822,1.9999995774210824,ridge_exit
1740795600.0,1740795599.999999,ETH/USD,SELL,0.889472,2248.5241250999998,1999.999250600947,1.9999992506009472,ridge_exit
1740827700.0,1740827699.999999,ETH/USD,BUY,0.916053,2183.2791860879997,1999.9994482534705,1.9999994482534706,ridge_entry
1740828000.0,1740827999.999999,ETH/USD,BUY,0.918149,2178.29370759,1999.9981893300508,1.999998189330051,ridge_entry
1740828300.0,1740828299.999999,ETH/USD,BUY,0.915205,2185.3014082899995,1999.998775374049,1.9999987753740491,ridge_entry
1740828600.0,1740828599.999999,ETH/USD,BUY,0.915285,2185.111199271,1999.999504024757,1.9999995040247571,ridge_entry
1740828900.0,1740828899.999999,ETH/USD,BUY,0.915587,2184.3904071989996,1999.9994597561106,1.9999994597561106,ridge_entry
1740829200.0,1740829199.999999,ETH/USD,BUY,0.914685,2186.5427724139995,1999.997875785499,1.999997875785499,ridge_entry
1740829500.0,1740829499.999999,ETH/USD,BUY,0.914321,2187.413729501,1999.998308571084,1.999998308571084,ridge_entry
1740829800.0,1740829799.999999,ETH/USD,BUY,0.914748,2186.392607398999,1999.9982648330197,1.9999982648330197,ridge_entry
1740830100.0,1740830099.999999,ETH/USD,BUY,0.915587,2184.3904071989996,1999.9994597561106,1.9999994597561106,ridge_entry
1740831000.0,1740830999.999999,ETH/USD,BUY,0.918356,2177.8031685409996,1999.998606648638,1.9999986066486382,ridge_entry
1740833400.0,1740833399.999999,ETH/USD,SELL,0.918138,2178.3214260719997,1999.9996774908936,1.9999996774908937,ridge_exit
1740833700.0,1740833699.999999,ETH/USD,SELL,0.916864,2181.348093375,1999.9995382841762,1.9999995382841762,ridge_exit
1740834000.0,1740833999.999999,ETH/USD,SELL,0.917889,2178.910777131,1999.9982343099964,1.9999982343099965,ridge_exit
1740834300.0,1740834299.999999,ETH/USD,SELL,0.916713,2181.7076974110005,1999.9998084167305,1.9999998084167305,ridge_exit
1740834900.0,1740834899.999999,ETH/USD,BUY,0.921537,2170.2849067899997,1999.9978421485362,1.9999978421485363,ridge_entry
1740835200.0,1740835199.999999,ETH/USD,BUY,0.926409,2158.8723656499997,1999.9987893894506,1.9999987893894506,ridge_entry
1740835500.0,1740835499.999999,ETH/USD,BUY,0.927278,2156.850143448,1999.9996873161747,1.9999996873161747,ridge_entry
1740835800.0,1740835799.999999,ETH/USD,BUY,0.928666,2153.626601126,1999.999801161278,1.9999998011612778,ridge_entry
1740847800.0,1740847799.999999,ETH/USD,SELL,0.914055,2188.050713046,1999.9986945132614,1.9999986945132615,ridge_exit
1740848100.0,1740848099.999999,ETH/USD,SELL,0.910712,2196.08186985,1999.9981118548333,1.9999981118548333,ridge_exit
1740848400.0,1740848399.999999,ETH/USD,SELL,0.905998,2207.5092869940004,1999.9989989979904,1.9999989989979905,ridge_exit
1740848700.0,1740848699.999999,ETH/USD,SELL,0.911496,2194.193948661,1999.9990074287068,1.9999990074287068,ridge_exit
1740849000.0,1740848999.999999,ETH/USD,SELL,0.910667,2196.191748861,1999.9993513600004,1.9999993513600005,ridge_exit
1740849300.0,1740849299.999999,ETH/USD,SELL,0.911745,2193.5946086010003,1999.9989164189192,1.9999989164189191,ridge_exit
1740849600.0,1740849599.999999,ETH/USD,SELL,0.912501,2191.776610419,1999.998348783948,1.9999983487839479,ridge_exit
1740849900.0,1740849899.999999,ETH/USD,SELL,0.90988,2198.0896590510006,1999.9978189773244,1.9999978189773244,ridge_exit
1740850200.0,1740850199.999999,ETH/USD,SELL,0.911662,2193.794388621,1999.9989799189982,1.9999989799189983,ridge_exit
1740850500.0,1740850499.999999,ETH/USD,SELL,0.913059,2190.4380842849996,1999.9992067991773,1.9999992067991774,ridge_exit
1740967800.0,1740967799.999999,ETH/USD,BUY,0.818603,2443.1847940499997,1999.9984019637118,1.9999984019637118,ridge_entry
1740968100.0,1740968099.999999,ETH/USD,BUY,0.81794,2445.1669722479996,1999.9998732805288,1.9999998732805289,ridge_entry
1740968700.0,1740968699.999999,ETH/USD,BUY,0.820742,2436.8177974139994,1999.9987126851606,1.9999987126851606,ridge_entry
1740969000.0,1740968999.999999,ETH/USD,BUY,0.825299,2423.3630120699995,1999.9990704983586,1.9999990704983586,ridge_entry
1740970200.0,1740970199.999999,ETH/USD,SELL,0.819198,2441.41173441,1999.999610005203,1.999999610005203,ridge_exit
1740971400.0,1740971399.999999,ETH/USD,BUY,0.818033,2444.8866642199996,1999.997972591879,1.999997972591879,ridge_entry
1740971700.0,1740971699.999999,ETH/USD,BUY,0.818972,2442.0835839399997,1999.9980769065096,1.9999980769065095,ridge_entry
1740972000.0,1740971999.999999,ETH/USD,BUY,0.821052,2435.8967853219992,1999.9979273821982,1.9999979273821982,ridge_entry
1740972300.0,1740972299.999999,ETH/USD,BUY,0.822536,2431.5019558829995,1999.997892784179,1.999997892784179,ridge_entry
1740972600.0,1740972599.999999,ETH/USD,BUY,0.821285,2435.206026253,1999.998181271195,1.999998181271195,ridge_entry
1740972900.0,1740972899.999999,ETH/USD,BUY,0.819406,2440.7921648109996,1999.9997445991219,1.999999744599122,ridge_entry
1740984300.0,1740984299.999999,ETH/USD,BUY,0.836313,2391.447940882,1999.999001782848,1.999999001782848,ridge_entry
1741003500.0,1741003499.999999,ETH/USD,SELL,0.843664,2370.609695322,1999.9980579941396,1.9999980579941397,ridge_exit
1741003800.0,1741003799.999999,ETH/USD,SELL,0.845078,2366.6440619249997,1999.998830563455,1.999998830563455,ridge_exit
1741004100.0,1741004099.999999,ETH/USD,SELL,0.846797,2361.839352444,1999.9984781315218,1.9999984781315219,ridge_exit
1741004700.0,1741004699.999999,ETH/USD,SELL,0.847841,2358.9325531530003,1999.9997347977928,1.999999734797793,ridge_exit
1741005000.0,1741004999.999999,ETH/USD,SELL,0.848815,2356.225533882,1999.99957654205,1.99999957654205,ridge_exit
1741005300.0,1741005299.999999,ETH/USD,SELL,0.847557,2359.721684232,1999.998631522621,1.999998631522621,ridge_exit
1741005600.0,1741005599.999999,ETH/USD,SELL,0.847675,2359.392047199,1999.9976536094123,1.9999976536094124,ridge_exit
1741005900.0,1741005899.999999,ETH/USD,SELL,0.845264,2366.124633873,1999.9999725260277,1.9999999725260278,ridge_exit
1741006200.0,1741006199.999999,ETH/USD,SELL,0.843881,2370.000366261,1999.9982790806991,1.9999982790806992,ridge_exit
1741013700.0,1741013699.999999,ETH/USD,BUY,0.8677,2304.942881240999,1999.998938052815,1.999998938052815,ridge_entry
1741014000.0,1741013999.999999,ETH/USD,BUY,0.878224,2277.3225294819995,1999.9993011317995,1.9999993011317996,ridge_entry
1741014300.0,1741014299.999999,ETH/USD,BUY,0.870744,2296.884025436,1999.9979838442441,1.999997983844244,ridge_entry
1741014600.0,1741014599.999999,ETH/USD,BUY,0.874958,2285.8218693309996,1999.9981311461127,1.9999981311461128,ridge_entry
1741014900.0,1741014899.999999,ETH/USD,BUY,0.870612,2297.234410471,1999.9998445689785,1.9999998445689784,ridge_entry
1741015200.0,1741015199.999999,ETH/USD,BUY,0.87591,2283.3391410829995,1999.99958706601,1.99999958706601,ridge_entry
1741015500.0,1741015499.999999,ETH/USD,BUY,0.867915,2304.3722541839998,1999.999244990106,1.999999244990106,ridge_entry
1741015800.0,1741015799.999999,ETH/USD,BUY,0.866785,2307.375554484,1999.998519993414,1.999998519993414,ridge_entry
1741016100.0,1741016099.999999,ETH/USD,BUY,0.872101,2293.310098079,1999.998029844794,1.9999980298447941,ridge_entry
1741025400.0,1741025399.999999,BTC/USD,BUY,0.022258,89853.44915647099,1999.9580713247312,1.9999580713247314,ridge_entry
1741025700.0,1741025699.999999,BTC/USD,BUY,0.022352,89475.68403373599,1999.9604895220668,1.9999604895220668,ridge_entry
1741026000.0,1741025999.999999,BTC/USD,BUY,0.022478,88975.77468779999,1999.9974634323682,1.9999974634323683,ridge_entry
1741026300.0,1741026299.999999,BTC/USD,BUY,0.022476,88982.31187145298,1999.9664416227772,1.9999664416227771,ridge_entry
1741026600.0,1741026599.999999,BTC/USD,BUY,0.022762,87862.64147560898,1999.9294452678116,1.9999294452678116,ridge_entry
1741026900.0,1741026899.999999,BTC/USD,BUY,0.0228,87715.86017894698,1999.9216120799913,1.9999216120799914,ridge_entry
1741027200.0,1741027199.999999,BTC/USD,BUY,0.022969,87070.78130751,1999.928775852197,1.999928775852197,ridge_entry
1741027500.0,1741027499.999999,BTC/USD,BUY,0.022883,87400.03311939898,1999.974957871207,1.999974957871207,ridge_entry
1741027800.0,1741027799.999999,BTC/USD,BUY,0.022873,87436.09274500099,1999.9257493564078,1.9999257493564078,ridge_entry
1741031700.0,1741031699.999999,BTC/USD,BUY,0.023248,86028.59605940599,1999.9928011890704,1.9999928011890704,ridge_entry
1741067700.0,1741067699.999999,BTC/USD,SELL,0.023753,84197.798868051,1999.9503165128153,1.9999503165128154,ridge_exit
1741068000.0,1741067999.999999,BTC/USD,SELL,0.023758,84181.3070274,1999.9794923569696,1.9999794923569696,ridge_exit
1741068300.0,1741068299.999999,BTC/USD,SELL,0.023755,84191.575720428,1999.9708812387669,1.9999708812387669,ridge_exit
1741068600.0,1741068599.999999,BTC/USD,SELL,0.023786,84081.74665443301,1999.9684259223436,1.9999684259223436,ridge_exit
1741068900.0,1741068899.999999,BTC/USD,SELL,0.023818,83967.552395001,1999.9391629441336,1.9999391629441337,ridge_exit
1741069200.0,1741069199.999999,BTC/USD,SELL,0.023855,83837.675403999,1999.9477467623963,1.9999477467623963,ridge_exit
1741069500.0,1741069499.999999,BTC/USD,SELL,0.023799,84035.477601801,1999.960331445262,1.999960331445262,ridge_exit
1741069800.0,1741069799.999999,BTC/USD,SELL,0.023765,84153.93716466,1999.9183167181452,1.9999183167181454,ridge_exit
1741070100.0,1741070099.999999,BTC/USD,SELL,0.023778,84109.39620920099,1999.953223062381,1.999953223062381,ridge_exit
1741071300.0,1741071299.999999,ETH/USD,SELL,0.955126,2093.964312627,1999.999758062176,1.999999758062176,ridge_exit
1741071600.0,1741071599.999999,ETH/USD,SELL,0.954493,2095.352783766,1999.9995646351606,1.9999995646351607,ridge_exit
1741071900.0,1741071899.999999,ETH/USD,SELL,0.955623,2092.8755115179997,1999.9999749433655,1.9999999749433655,ridge_exit
1741074000.0,1741073999.999999,ETH/USD,SELL,0.962356,2078.231636052,1999.9986843444583,1.9999986843444584,ridge_exit
1741074300.0,1741074299.999999,ETH/USD,SELL,0.963964,2074.7654527050004,1999.9992048513232,1.999999204851323,ridge_exit
1741074600.0,1741074599.999999,ETH/USD,SELL,0.963,2076.843164913,1999.9999678112188,1.9999999678112188,ridge_exit
1741075200.0,1741075199.999999,ETH/USD,SELL,0.962402,2078.1317460420005,1999.9981486543134,1.9999981486543135,ridge_exit
1741075500.0,1741075499.999999,ETH/USD,SELL,0.958422,2086.762242906,1999.9988423704544,1.9999988423704544,ridge_exit
1741105800.0,1741105799.999999,ETH/USD,BUY,0.986413,2027.5480545319997,1999.9997591150734,1.9999997591150735,ridge_entry
1741106100.0,1741106099.999999,ETH/USD,BUY,0.985984,2028.4290226199998,1999.998561438958,1.999998561438958,ridge_entry
1741106400.0,1741106399.999999,ETH/USD,BUY,0.98813,2024.0241821799998,1999.9990151375232,1.9999990151375233,ridge_entry
1741107300.0,1741107299.999999,ETH/USD,SELL,0.971508,2058.6531940920004,1999.998047285931,1.9999980472859311,ridge_exit
1741107600.0,1741107599.999999,ETH/USD,SELL,0.970877,2059.9917202260003,1999.9985813578585,1.9999985813578585,ridge_exit
1741107900.0,1741107899.999999,ETH/USD,SELL,0.963992,2074.7055186989996,1999.999522381686,1.999999522381686,ridge_exit
1741108200.0,1741108199.999999,ETH/USD,SELL,0.93156,2077.1927799480004,1935.0297060883593,1.9350297060883592,ridge_exit
1741193100.0,1741193099.999999,ETH/USD,BUY,0.919087,2176.071265368,1999.9988110732788,1.999998811073279,ridge_entry
1741193400.0,1741193399.999999,ETH/USD,BUY,0.917774,2179.1846866789997,1999.9990466321321,1.9999990466321322,ridge_entry
1741193700.0,1741193699.999999,ETH/USD,BUY,0.917563,2179.685236729,1999.9985248687713,1.9999985248687713,ridge_entry
1741195200.0,1741195199.999999,ETH/USD,BUY,0.907431,2204.0219801599997,1999.9978694785686,1.9999978694785687,ridge_entry
1741196100.0,1741196099.999999,ETH/USD,SELL,0.903431,2213.7823796219996,1999.9996290042827,1.9999996290042827,ridge_exit
1741196400.0,1741196399.999999,ETH/USD,BUY,0.906851,2205.4335313009997,1999.9996032938427,1.9999996032938427,ridge_entry
1741196700.0,1741196699.999999,ETH/USD,BUY,0.91016,2197.4147195,1999.9989811001199,1.99999898110012,ridge_entry
1741197000.0,1741196999.999999,ETH/USD,BUY,0.911792,2193.4803961069997,1999.9978773271937,1.9999978773271938,ridge_entry
1741197300.0,1741197299.999999,ETH/USD,BUY,0.91087,2195.702838329,1999.999844348736,1.999999844348736,ridge_entry
1741197600.0,1741197599.999999,ETH/USD,BUY,0.910222,2197.2645544849997,1999.9985373124455,1.9999985373124456,ridge_entry
1741197900.0,1741197899.999999,ETH/USD,BUY,0.909862,2198.1355115719994,1999.9999728299224,1.9999999728299225,ridge_entry
1741208400.0,1741208399.999999,ETH/USD,SELL,0.897285,2228.9456831400003,1999.9995272962751,1.9999995272962752,ridge_exit
1741209900.0,1741209899.999999,ETH/USD,BUY,0.897674,2227.978305553,1999.998197458984,1.999998197458984,ridge_entry
1741217100.0,1741217099.999999,ETH/USD,SELL,0.895483,2233.430744589,1999.9992634567914,1.9999992634567914,ridge_exit
1741217400.0,1741217399.999999,ETH/USD,SELL,0.895002,2234.6294247090004,1999.9978043734047,1.9999978043734048,ridge_exit
1741217700.0,1741217699.999999,ETH/USD,SELL,0.894359,2236.23765387,1999.9992718775195,1.9999992718775195,ridge_exit
1741218000.0,1741217999.999999,ETH/USD,SELL,0.89169,2242.93028454,1999.9985054214724,1.9999985054214724,ridge_exit
1741218300.0,1741218299.999999,ETH/USD,SELL,0.891123,2244.358711683,1999.99966823109,1.99999966823109,ridge_exit
1741218600.0,1741218599.999999,ETH/USD,SELL,0.891551,2243.279899575,1999.9984377459907,1.9999984377459907,ridge_exit
1741218900.0,1741218899.999999,ETH/USD,SELL,0.892887,2239.923595239,1999.9986591821648,1.9999986591821648,ridge_exit
1741219200.0,1741219199.999999,ETH/USD,SELL,0.893206,2239.124475159,1999.99941595887,1.99999941595887,ridge_exit
1741219500.0,1741219499.999999,ETH/USD,SELL,0.892211,2241.621725409,1999.9995612488894,1.9999995612488894,ridge_exit
1741264800.0,1741264799.999999,BTC/USD,BUY,0.022131,90367.30382679998,1999.9188009909105,1.9999188009909106,ridge_entry
1741265100.0,1741265099.999999,BTC/USD,BUY,0.0221,90494.213286477,1999.9221136311417,1.9999221136311418,ridge_entry
1741265400.0,1741265399.999999,BTC/USD,BUY,0.022236,89942.43694436,1999.960027894789,1.9999600278947889,ridge_entry
1741265700.0,1741265699.999999,BTC/USD,BUY,0.022216,90021.92429229998,1999.9270700777365,1.9999270700777365,ridge_entry
1741266000.0,1741265999.999999,BTC/USD,BUY,0.022172,90201.141232202,1999.939703400383,1.999939703400383,ridge_entry
1741266300.0,1741266299.999999,BTC/USD,BUY,0.022169,90213.074345394,1999.9336451630395,1.9999336451630396,ridge_entry
1741267500.0,1741267499.999999,ETH/USD,BUY,0.884315,2261.635290915,1999.9980122854981,1.9999980122854981,ridge_entry
1741267800.0,1741267799.999999,BTC/USD,BUY,0.022178,90177.49524784,1999.9564896065954,1.9999564896065953,ridge_entry
1741268100.0,1741268099.999999,ETH/USD,BUY,0.882908,2265.239251275,1999.9978568647075,1.9999978568647074,ridge_entry
1741268700.0,1741268699.999999,ETH/USD,BUY,0.88645,2256.189306371,1999.999010632573,1.999999010632573,ridge_entry
1741269300.0,1741269299.999999,ETH/USD,BUY,0.886454,2256.1792953699996,1999.9991610979175,1.9999991610979175,ridge_entry
1741269600.0,1741269599.999999,BTC/USD,BUY,0.022304,89667.664999913,1999.9476001580597,1.9999476001580598,ridge_entry
1741269900.0,1741269899.999999,ETH/USD,BUY,0.888397,2251.243871877,1999.998302043911,1.9999983020439112,ridge_entry
1741270200.0,1741270199.999999,BTC/USD,BUY,0.02227,89804.895801621,1999.9550295020997,1.9999550295020998,ridge_entry
1741270500.0,1741270499.999999,ETH/USD,BUY,0.889327,2248.891286642,1999.99974127547,1.99999974127547,ridge_entry
1741271700.0,1741271699.999999,ETH/USD,BUY,0.897324,2228.84926264,1999.9999357491752,1.9999999357491751,ridge_entry
1741272000.0,1741271999.999999,BTC/USD,SELL,0.022318,89613.555518223,1999.995332055701,1.9999953320557011,ridge_exit
1741272300.0,1741272299.999999,ETH/USD,BUY,0.901787,2217.8171395379995,1999.998664812554,1.9999986648125538,ridge_entry
1741272600.0,1741272599.999999,BTC/USD,SELL,0.022314,89627.290394598,1999.94335786506,1.99994335786506,ridge_exit
1741272900.0,1741272899.999999,BTC/USD,SELL,0.022261,89842.683223161,1999.987971230787,1.999987971230787,ridge_exit
1741273200.0,1741273199.999999,BTC/USD,SELL,0.022295,89705.21459139901,1999.9777593152407,1.9999777593152408,ridge_exit
1741273500.0,1741273499.999999,BTC/USD,SELL,0.022175,90189.771040908,1999.958172832135,1.999958172832135,ridge_exit
1741273800.0,1741273799.999999,BTC/USD,SELL,0.022051,90696.1334796,1999.9404393586597,1.9999404393586597,ridge_exit
1741274100.0,1741274099.999999,BTC/USD,SELL,0.022087,90550.294065,1999.9843450136548,1.9999843450136547,ridge_exit
1741274400.0,1741274399.999999,BTC/USD,SELL,0.021959,91076.185000647,1999.9419464292075,1.9999419464292076,ridge_exit
1741274700.0,1741274699.999999,BTC/USD,SELL,0.022048,90710.34782802299,1999.981748912251,1.9999817489122511,ridge_exit
1741275000.0,1741274999.999999,ETH/USD,SELL,0.88651,2256.035853852,1999.9983447983366,1.9999983447983367,ridge_exit
1741275300.0,1741275299.999999,ETH/USD,SELL,0.887265,2254.1179656599998,1999.9999768013197,1.9999999768013197,ridge_exit
1741275600.0,1741275599.999999,ETH/USD,SELL,0.881736,2268.252402075,1999.9997999960024,1.9999997999960024,ridge_exit
1741275900.0,1741275899.999999,ETH/USD,SELL,0.883288,2264.2667906760003,1999.9996850026228,1.9999996850026227,ridge_exit
1741276200.0,1741276199.999999,ETH/USD,SELL,0.885495,2258.623005111,1999.9993779107651,1.9999993779107652,ridge_exit
1741276500.0,1741276499.999999,ETH/USD,SELL,0.888052,2252.12016546,1999.9998171770837,1.9999998171770839,ridge_exit
1741276800.0,1741276799.999999,ETH/USD,SELL,0.886911,2255.01697575,1999.999360979408,1.999999360979408,ridge_exit
1741277100.0,1741277099.999999,ETH/USD,SELL,0.886157,2256.934863942,1999.9986282262507,1.9999986282262507,ridge_exit
1741280700.0,1741280699.999999,ETH/USD,BUY,0.904953,2210.058613763,1999.999172700668,1.999999172700668,ridge_entry
1741281000.0,1741280999.999999,ETH/USD,BUY,0.903991,2212.4111989979997,1999.9998121934007,1.9999998121934006,ridge_entry
1741281300.0,1741281299.999999,ETH/USD,BUY,0.902386,2216.3455223909996,1999.9991705683246,1.9999991705683247,ridge_entry
1741281600.0,1741281599.999999,ETH/USD,BUY,0.902141,2216.946182451,1999.9980459825274,1.9999980459825275,ridge_entry
1741281900.0,1741281899.999999,ETH/USD,BUY,0.9006,2220.74035183,1999.9987608580977,1.9999987608580978,ridge_entry
1741282200.0,1741282199.999999,ETH/USD,BUY,0.901641,2218.1775355739996,1999.9998113524766,1.9999998113524766,ridge_entry
1741282500.0,1741282499.999999,BTC/USD,BUY,0.022489,88930.54498528199,1999.9590261740066,1.9999590261740066,ridge_entry
1741282800.0,1741282799.999999,BTC/USD,BUY,0.022623,88403.38569462398,1999.9497945694784,1.9999497945694784,ridge_entry
1741283100.0,1741283099.999999,BTC/USD,BUY,0.022578,88578.508135117,1999.9255566746715,1.9999255566746716,ridge_entry
1741283400.0,1741283399.999999,BTC/USD,BUY,0.022667,88231.65698346998,1999.946968844314,1.9999469688443139,ridge_entry
1741283700.0,1741283699.999999,BTC/USD,BUY,0.022625,88397.158852002,1999.9857190265452,1.9999857190265453,ridge_entry
1741284000.0,1741283999.999999,ETH/USD,BUY,0.911743,2193.6005281189996,1999.999926308801,1.9999999263088009,ridge_entry
1741284300.0,1741284299.999999,BTC/USD,SELL,0.022588,88538.679076617,1999.9116829826248,1.999911682982625,ridge_exit
1741284600.0,1741284599.999999,BTC/USD,SELL,0.022582,88563.58165611001,1999.9428009582764,1.9999428009582765,ridge_exit
1741284900.0,1741284899.999999,BTC/USD,SELL,0.022585,88551.48497589902,1999.9352881806794,1.9999352881806796,ridge_exit
1741285200.0,1741285199.999999,BTC/USD,SELL,0.022535,88748.17839459,1999.9402001220856,1.9999402001220856,ridge_exit
1741285500.0,1741285499.999999,BTC/USD,SELL,0.022541,88726.3024824,1999.9795842557783,1.9999795842557784,ridge_exit
1741285800.0,1741285799.999999,ETH/USD,SELL,0.910294,2197.090758951,1999.998535328542,1.9999985353285419,ridge_exit
1741286100.0,1741286099.999999,ETH/USD,SELL,0.908337,2201.825545425,1999.9996104547083,1.9999996104547084,ridge_exit
1741286400.0,1741286399.999999,ETH/USD,SELL,0.913292,2189.878700229,1999.998697889544,1.999998697889544,ridge_exit
1741286700.0,1741286699.999999,ETH/USD,SELL,0.911334,2194.5835196999997,1999.9985773422795,1.9999985773422795,ridge_exit
1741287000.0,1741286999.999999,ETH/USD,SELL,0.9115,2194.1839596600003,1999.9986792300901,1.9999986792300901,ridge_exit
1741287300.0,1741287299.999999,ETH/USD,SELL,0.90943,2199.17846016,1999.998867023309,1.999998867023309,ridge_exit
1741287600.0,1741287599.999999,ETH/USD,SELL,0.90943,2199.17846016,1999.998867023309,1.999998867023309,ridge_exit
1741307100.0,1741307099.999999,ETH/USD,BUY,0.933857,2141.65344393,1999.998060188138,1.999998060188138,ridge_entry
1741307400.0,1741307399.999999,ETH/USD,BUY,0.938949,2130.04068277,1999.9995690462088,1.999999569046209,ridge_entry
1741307700.0,1741307699.999999,ETH/USD,BUY,0.934911,2139.2407926889996,1999.9997487336655,1.9999997487336656,ridge_entry
1741308000.0,1741307999.999999,BTC/USD,BUY,0.023259,85987.651065316,1999.9867761281846,1.9999867761281847,ridge_entry
1741308300.0,1741308299.999999,BTC/USD,BUY,0.023252,86012.65854581399,1999.9663365072668,1.9999663365072669,ridge_entry
1741308600.0,1741308599.999999,BTC/USD,BUY,0.023359,85618.355249427,1999.9591602713654,1.9999591602713653,ridge_entry
1741308900.0,1741308899.999999,BTC/USD,BUY,0.023471,85210.99760773599,1999.9873248511713,1.9999873248511713,ridge_entry
1741309200.0,1741309199.999999,BTC/USD,BUY,0.023358,85623.32070592298,1999.989525048949,1.999989525048949,ridge_entry
1741309500.0,1741309499.999999,BTC/USD,BUY,0.023269,85948.76833743199,1999.941890443705,1.999941890443705,ridge_entry
1741309800.0,1741309799.999999,BTC/USD,BUY,0.023201,86202.34699276199,1999.980652579071,1.9999806525790709,ridge_entry
1741310100.0,1741310099.999999,BTC/USD,BUY,0.023094,86600.234227507,1999.9458092500465,1.9999458092500466,ridge_entry
1741310400.0,1741310399.999999,BTC/USD,SELL,0.022949,87146.721776268,1999.9301180435743,1.9999301180435745,ridge_exit
1741310700.0,1741310699.999999,BTC/USD,SELL,0.02301,86917.883752359,1999.9805051417807,1.9999805051417807,ridge_exit
1741311000.0,1741310999.999999,BTC/USD,SELL,0.022982,87023.47748193,1999.973559489715,1.999973559489715,ridge_exit
1741311300.0,1741311299.999999,BTC/USD,SELL,0.023048,86771.864535741,1999.9179338197584,1.9999179338197586,ridge_exit
1741311600.0,1741311599.999999,BTC/USD,SELL,0.022895,87355.21220514,1999.99758343668,1.99999758343668,ridge_exit
1741311900.0,1741311899.999999,BTC/USD,SELL,0.022568,88617.781975536,1999.9261036238966,1.9999261036238967,ridge_exit
1741312200.0,1741312199.999999,BTC/USD,SELL,0.022647,88310.420414766,1999.9660911332057,1.9999660911332058,ridge_exit
1741312500.0,1741312499.999999,BTC/USD,SELL,0.022765,87851.605620834,1999.941801958286,1.9999418019582862,ridge_exit
1741312800.0,1741312799.999999,ETH/USD,SELL,0.920552,2172.6077174999996,1999.9983795600597,1.9999983795600598,ridge_exit
1741313100.0,1741313099.999999,ETH/USD,SELL,0.920298,2173.20705756,1999.9981086583527,1.9999981086583527,ridge_exit
1741313400.0,1741313399.999999,ETH/USD,SELL,0.920087,2173.70650761,1999.999099467362,1.999999099467362,ridge_exit
1741381800.0,1741381799.999999,BTC/USD,BUY,0.023154,86376.398256148,1999.9591252228506,1.9999591252228506,ridge_entry
1741382100.0,1741382099.999999,BTC/USD,BUY,0.023137,86438.03598930499,1999.9168386845497,1.9999168386845498,ridge_entry
1741382700.0,1741382699.999999,BTC/USD,SELL,0.022973,87056.511108237,1999.9492296895287,1.9999492296895287,ridge_exit
1741383000.0,1741382999.999999,BTC/USD,SELL,0.022965,87086.038595193,1999.930876338607,1.999930876338607,ridge_exit
1741384500.0,1741384499.999999,BTC/USD,BUY,0.023173,86307.13214022898,1999.995173085526,1.9999951730855259,ridge_entry
1741385100.0,1741385099.999999,BTC/USD,BUY,0.0232,86203.498257877,1999.9211595827462,1.9999211595827462,ridge_entry
1741385400.0,1741385399.999999,BTC/USD,BUY,0.023247,86029.18670846499,1999.9205034116856,1.9999205034116856,ridge_entry
1741385700.0,1741385699.999999,BTC/USD,BUY,0.023257,85993.63764391399,1999.9540306845076,1.9999540306845076,ridge_entry
1741386300.0,1741386299.999999,BTC/USD,BUY,0.0233,85834.162397984,1999.9359838730272,1.9999359838730273,ridge_entry
1741387200.0,1741387199.999999,BTC/USD,SELL,0.02317,86315.91658509601,1999.9397872766747,1.9999397872766747,ridge_exit
1741387500.0,1741387499.999999,BTC/USD,SELL,0.023059,86733.576694908,1999.9895450078834,1.9999895450078835,ridge_exit
1741387800.0,1741387799.999999,BTC/USD,SELL,0.023074,86677.45848729,1999.9956771357295,1.9999956771357295,ridge_exit
1741388100.0,1741388099.999999,BTC/USD,SELL,0.023066,86707.35556728301,1999.99186351495,1.99999186351495,ridge_exit
1741388400.0,1741388399.999999,BTC/USD,SELL,0.023081,86649.729020514,1999.9623955224838,1.999962395522484,ridge_exit
1741528800.0,1741528799.999999,ETH/USD,BUY,0.949309,2106.7951384479998,1999.9995860849322,1.9999995860849322,ridge_entry
1741530300.0,1741530299.999999,ETH/USD,SELL,0.945862,2114.47173168,1999.9984610703084,1.9999984610703085,ridge_exit
1741535400.0,1741535399.999999,ETH/USD,BUY,0.955575,2092.9799570679997,1999.9993224752538,1.999999322475254,ridge_entry
1741535700.0,1741535699.999999,ETH/USD,BUY,0.954566,2095.1923882889996,1999.9994173194773,1.9999994173194773,ridge_entry
1741536300.0,1741536299.999999,ETH/USD,BUY,0.954981,2094.2813871979997,1999.998933427733,1.999998933427733,ridge_entry
1741536600.0,1741536599.999999,ETH/USD,BUY,0.953996,2096.4437634139995,1999.9989645219018,1.9999989645219018,ridge_entry
1741537200.0,1741537199.999999,ETH/USD,SELL,0.952962,2098.7190771030005,1999.9995291542295,1.9999995291542296,ridge_exit
1741538400.0,1741538399.999999,ETH/USD,BUY,0.963539,2075.68094734,1999.9995443190362,1.9999995443190361,ridge_entry
1741538700.0,1741538699.999999,ETH/USD,BUY,0.959928,2083.4895281199992,1999.9999357491747,1.9999999357491747,ridge_entry
1741539000.0,1741538999.999999,ETH/USD,BUY,0.963399,2075.9812773699996,1999.9982866369803,1.9999982866369803,ridge_entry
1741539300.0,1741539299.999999,ETH/USD,BUY,0.97193,2057.76125555,1999.9998971067114,1.9999998971067114,ridge_entry
1741539600.0,1741539599.999999,ETH/USD,BUY,0.974818,2051.6645559409994,1999.9995390932932,1.9999995390932932,ridge_entry
1741539900.0,1741539899.999999,ETH/USD,BUY,0.973967,2053.4565251199997,1999.9988914015507,1.9999988914015507,ridge_entry
1741560900.0,1741560899.999999,BTC/USD,BUY,0.024791,80671.29897326499,1999.9221728462123,1.9999221728462124,ridge_entry
1741561200.0,1741561199.999999,BTC/USD,BUY,0.024861,80446.58203381799,1999.9824759427493,1.9999824759427494,ridge_entry
1741561500.0,1741561499.999999,BTC/USD,BUY,0.024899,80321.955082369,1999.9363595959057,1.9999363595959059,ridge_entry
1741561800.0,1741561799.999999,BTC/USD,BUY,0.024858,80455.421747701,1999.9608738043514,1.9999608738043515,ridge_entry
1741562100.0,1741562099.999999,BTC/USD,BUY,0.024791,80671.359039271,1999.9236619425674,1.9999236619425673,ridge_entry
1741564500.0,1741564499.999999,BTC/USD,SELL,0.024779,80711.12808,1999.9410426943198,1.9999410426943198,ridge_exit
1741564800.0,1741564799.999999,BTC/USD,SELL,0.024799,80645.680145448,1999.9322219269652,1.9999322219269653,ridge_exit
1741565100.0,1741565099.999999,BTC/USD,SELL,0.024634,81185.76545151601,1999.9301461326454,1.9999301461326455,ridge_exit
1741565400.0,1741565399.999999,BTC/USD,SELL,0.024648,81142.023616137,1999.9885980905447,1.9999885980905447,ridge_exit
1741565700.0,1741565699.999999,BTC/USD,SELL,0.024743,80828.319039732,1999.935098000089,1.9999350980000892,ridge_exit
1741566000.0,1741565999.999999,ETH/USD,SELL,0.993032,2014.032326625,1999.9985493730771,1.9999985493730772,ridge_exit
1741566300.0,1741566299.999999,ETH/USD,SELL,0.992122,2015.8802918099998,1999.9991868711204,1.9999991868711204,ridge_exit
1741566900.0,1741566899.999999,ETH/USD,BUY,0.999215,2001.5695069369997,1999.998274874054,1.9999982748740541,ridge_entry
1741567500.0,1741567499.999999,ETH/USD,SELL,0.987459,2025.3998097630001,1999.9992707487622,1.9999992707487622,ridge_exit
1741567800.0,1741567799.999999,ETH/USD,SELL,0.984134,2032.242275448,1999.998719505742,1.999998719505742,ridge_exit
1741568100.0,1741568099.999999,ETH/USD,SELL,0.983018,2034.549734679,1999.9990110846811,1.9999990110846813,ridge_exit
1741568400.0,1741568399.999999,ETH/USD,SELL,0.983172,2034.230086647,1999.9980627489044,1.9999980627489045,ridge_exit
1741568700.0,1741568699.999999,ETH/USD,SELL,0.975827,2049.5432251800003,1999.9996167977242,1.9999996167977243,ridge_exit
1741569000.0,1741568999.999999,ETH/USD,SELL,0.979833,2041.1624533410002,1999.9983301444722,1.9999983301444724,ridge_exit
1741569300.0,1741569299.999999,ETH/USD,SELL,0.981856,2036.95708392,1999.9985345893556,1.9999985345893556,ridge_exit
1741569600.0,1741569599.999999,ETH/USD,SELL,0.984478,2031.5330563769999,1999.999600275916,1.999999600275916,ridge_exit
1741615500.0,1741615499.999999,BTC/USD,BUY,0.02474,80838.30249194699,1999.9396036507687,1.9999396036507688,ridge_entry
1741615800.0,1741615799.999999,BTC/USD,BUY,0.024789,80678.66707000099,1999.9434779982544,1.9999434779982543,ridge_entry
1741616100.0,1741616099.999999,BTC/USD,BUY,0.024921,80250.46652422799,1999.9218762502855,1.9999218762502855,ridge_entry
1741616400.0,1741616399.999999,BTC/USD,BUY,0.025055,79821.69535139798,1999.9325770292764,1.9999325770292764,ridge_entry
1741616700.0,1741616699.999999,BTC/USD,BUY,0.024874,80403.92515855699,1999.9672343939465,1.9999672343939465,ridge_entry
1741617000.0,1741616999.999999,BTC/USD,BUY,0.025009,79970.238584236,1999.975696753158,1.9999756967531581,ridge_entry
1741617300.0,1741617299.999999,BTC/USD,BUY,0.025041,79866.58467988198,1999.939146968925,1.999939146968925,ridge_entry
1741617600.0,1741617599.999999,BTC/USD,BUY,0.024968,80100.69193826699,1999.9540763146501,1.9999540763146502,ridge_entry
1741617900.0,1741617899.999999,BTC/USD,BUY,0.025026,79804.806792711,1997.1950947943853,1.9971950947943853,ridge_entry
1741618200.0,1741618199.999999,ETH/USD,BUY,0.994406,2011.2501449039999,1999.999211593407,1.9999992115934069,ridge_entry
1741618500.0,1741618499.999999,ETH/USD,BUY,0.997579,2004.8531152649998,1999.9993658729431,1.9999993658729431,ridge_entry
1741618800.0,1741618799.999999,ETH/USD,BUY,0.989525,2021.1710468949998,1999.9992801787746,1.9999992801787747,ridge_entry
1741619100.0,1741619099.999999,ETH/USD,BUY,0.990094,2020.0097707789998,1999.9995539896631,1.9999995539896631,ridge_entry
1741619400.0,1741619399.999999,ETH/USD,BUY,0.983935,2032.6536650419998,1999.9990839131,1.9999990839131,ridge_entry
1741619700.0,1741619699.999999,ETH/USD,BUY,0.985352,2029.7304527499998,1999.9989610781179,1.999998961078118,ridge_entry
1741620000.0,1741619999.999999,ETH/USD,BUY,0.991297,2017.5570755339998,1999.9982763056273,1.9999982763056274,ridge_entry
1741620300.0,1741620299.999999,ETH/USD,BUY,0.988399,2023.4735771249998,1999.9992601567728,1.9999992601567729,ridge_entry
1741620600.0,1741620599.999999,ETH/USD,BUY,0.989834,2020.5403538319997,1999.9995405949435,1.9999995405949436,ridge_entry
1741620900.0,1741620899.999999,BTC/USD,SELL,0.024741,80834.801901381,1999.933833842067,1.9999338338420671,ridge_exit
1741621200.0,1741621199.999999,BTC/USD,SELL,0.024781,80706.243458511,1999.9814191453613,1.9999814191453613,ridge_exit
1741621800.0,1741621799.999999,BTC/USD,SELL,0.024861,80447.008904559,1999.9930883762413,1.9999930883762413,ridge_exit
1741622100.0,1741622099.999999,BTC/USD,SELL,0.024908,80292.84865212599,1999.9342742271542,1.9999342742271542,ridge_exit
1741623000.0,1741622999.999999,BTC/USD,BUY,0.025047,79849.65607719099,1999.9943357654026,1.9999943357654026,ridge_entry
1741623300.0,1741623299.999999,BTC/USD,BUY,0.024967,80103.30480952798,1999.939211179485,1.9999392111794851,ridge_entry
1741623600.0,1741623599.999999,BTC/USD,BUY,0.025075,79759.95750823099,1999.9809345188921,1.9999809345188921,ridge_entry
1741623900.0,1741623899.999999,BTC/USD,BUY,0.024511,79580.68050232298,1950.6020597924387,1.9506020597924387,ridge_entry
1741628700.0,1741628699.999999,ETH/USD,BUY,0.995485,1926.7172524599996,1918.0181240651425,1.9180181240651426,ridge_entry
1741640100.0,1741640099.999999,BTC/USD,SELL,0.025193,79386.59653640099,1999.9865265415501,1.9999865265415502,ridge_exit
1741640400.0,1741640399.999999,BTC/USD,SELL,0.025246,79217.74246349701,1999.9311262334456,1.9999311262334456,ridge_exit
1741641000.0,1741640999.999999,BTC/USD,SELL,0.025241,79234.07448013201,1999.947273953012,1.999947273953012,ridge_exit
1741641300.0,1741641299.999999,BTC/USD,SELL,0.025134,79572.24211998601,1999.9687334437283,1.9999687334437284,ridge_exit
1741641600.0,1741641599.999999,BTC/USD,SELL,0.025212,79326.67251940201,1999.9840675591633,1.9999840675591634,ridge_exit
1741641900.0,1741641899.999999,BTC/USD,SELL,0.025173,79448.51835360001,1999.9575525151731,1.9999575525151732,ridge_exit
1741642200.0,1741642199.999999,BTC/USD,SELL,0.025161,79485.83726133601,1999.9431513324753,1.9999431513324752,ridge_exit
1741642500.0,1741642499.999999,BTC/USD,SELL,0.025159,79492.380056991,1999.9487898538364,1.9999487898538364,ridge_exit
1741642800.0,1741642799.999999,BTC/USD,SELL,0.025075,79760.185173801,1999.98664323306,1.99998664323306,ridge_exit
1741653600.0,1741653599.999999,BTC/USD,BUY,0.025966,77023.67062690298,1999.9966314981627,1.9999966314981628,ridge_entry
1741653900.0,1741653899.999999,BTC/USD,BUY,0.026008,76899.26391747598,1999.9960559657154,1.9999960559657155,ridge_entry
1741654200.0,1741654199.999999,BTC/USD,BUY,0.025965,77024.54158398998,1999.9422222282997,1.9999422222282996,ridge_entry
1741654500.0,1741654499.999999,BTC/USD,BUY,0.025881,77276.628600171,1999.9964248010256,1.9999964248010256,ridge_entry
1741654800.0,1741654799.999999,BTC/USD,SELL,0.025777,77588.16680736,1999.990175793319,1.999990175793319,ridge_exit
1741655100.0,1741655099.999999,BTC/USD,BUY,0.025895,77234.13190092599,1999.9778455744786,1.9999778455744786,ridge_entry
1741655400.0,1741655399.999999,BTC/USD,BUY,0.025949,77071.83355271399,1999.9370088593753,1.9999370088593753,ridge_entry
1741656300.0,1741656299.999999,BTC/USD,SELL,0.02583,77428.692406395,1999.9831248571827,1.9999831248571827,ridge_exit
1741656600.0,1741656599.999999,BTC/USD,SELL,0.025753,77658.61923141302,1999.9424210665795,1.9999424210665795,ridge_exit
1741656900.0,1741656899.999999,BTC/USD,SELL,0.025606,78103.809027981,1999.9261339704815,1.9999261339704815,ridge_exit
1741657200.0,1741657199.999999,BTC/USD,SELL,0.02554,78307.834373406,1999.9820898967894,1.9999820898967895,ridge_exit
1741657500.0,1741657499.999999,BTC/USD,SELL,0.025361,78860.196161703,1999.97343485695,1.99997343485695,ridge_exit
1741670100.0,1741670099.999999,ETH/USD,SELL,1.053474,1898.479563057,1999.99885921191,1.99999885921191,ridge_exit
1741670400.0,1741670399.999999,ETH/USD,SELL,1.054095,1897.360794945,1999.9985271475498,1.9999985271475498,ridge_exit
1741670700.0,1741670699.999999,ETH/USD,SELL,1.056119,1893.724798581,1999.9987405525671,1.9999987405525672,ridge_exit
1741671000.0,1741670999.999999,ETH/USD,SELL,1.057536,1891.187592327,1999.9989616391263,1.9999989616391263,ridge_exit
1741671300.0,1741671299.999999,ETH/USD,SELL,1.059343,1887.961145004,1999.998423231972,1.999998423231972,ridge_exit
1741671900.0,1741671899.999999,ETH/USD,SELL,1.061044,1884.9344777009999,1999.9984179577798,1.9999984179577799,ridge_exit
1741672200.0,1741672199.999999,ETH/USD,SELL,1.057078,1892.006690409,1999.9986482841648,1.9999986482841647,ridge_exit
1741672500.0,1741672499.999999,ETH/USD,SELL,1.057558,1891.147636323,1999.998311974479,1.999998311974479,ridge_exit
1741672800.0,1741672799.999999,ETH/USD,SELL,1.057352,1891.5172293599999,1999.9995254982548,1.9999995254982548,ridge_exit
1741684800.0,1741684799.999999,ETH/USD,BUY,1.044569,1914.6640072559999,1999.9986673953927,1.9999986673953927,ridge_entry
1741685100.0,1741685099.999999,ETH/USD,BUY,1.042558,1918.3580666249998,1999.9995492244268,1.999999549224427,ridge_entry
1741686000.0,1741685999.999999,ETH/USD,SELL,1.039932,1923.2023405319999,1999.9996563941238,1.9999996563941238,ridge_exit
1741686900.0,1741686899.999999,ETH/USD,SELL,1.042808,1917.898181001,1999.9995663332907,1.9999995663332908,ridge_exit
1741690500.0,1741690499.999999,ETH/USD,BUY,1.040684,1921.8118619699999,1999.9988557623872,1.9999988557623871,ridge_entry
1741691100.0,1741691099.999999,ETH/USD,BUY,1.041243,1920.7807288669999,1999.9994884676614,1.9999994884676615,ridge_entry
1741691400.0,1741691399.999999,ETH/USD,BUY,1.047444,1909.4082317309997,1999.9981958772453,1.9999981958772453,ridge_entry
1741691700.0,1741691699.999999,ETH/USD,BUY,1.046682,1910.7997608699998,1999.9997153069328,1.9999997153069329,ridge_entry
1741692000.0,1741691999.999999,ETH/USD,BUY,1.044864,1914.1234132019997,1999.9986460118942,1.9999986460118941,ridge_entry
1741692300.0,1741692299.999999,ETH/USD,BUY,1.042939,1917.6572965549997,1999.999583211775,1.999999583211775,ridge_entry
1741692600.0,1741692599.999999,ETH/USD,BUY,1.043478,1916.6662074559997,1999.9990208237714,1.9999990208237715,ridge_entry
1741692900.0,1741692899.999999,ETH/USD,BUY,1.042362,1918.7184626609996,1999.999214176245,1.999999214176245,ridge_entry
1741693200.0,1741693199.999999,ETH/USD,BUY,1.043925,1915.8453053739997,1999.9988104125528,1.9999988104125528,ridge_entry
1741704000.0,1741703999.999999,BTC/USD,BUY,0.025158,79495.80723584499,1999.9555184393882,1.9999555184393882,ridge_entry
1741704600.0,1741704599.999999,BTC/USD,BUY,0.025167,79468.16686208398,1999.9753554180672,1.9999753554180673,ridge_entry
1741704900.0,1741704899.999999,BTC/USD,SELL,0.024935,80205.354992367,1999.9205267346713,1.9999205267346714,ridge_exit
1741705500.0,1741705499.999999,BTC/USD,SELL,0.02497,80095.79562939901,1999.9920168660933,1.9999920168660934,ridge_exit
1741716300.0,1741716299.999999,ETH/USD,SELL,1.041593,1920.135717225,1999.9999221115395,1.9999999221115394,ridge_exit
1741716600.0,1741716599.999999,ETH/USD,SELL,1.038066,1926.658534878,1999.9987186666658,1.999998718666666,ridge_exit
1741716900.0,1741716899.999999,ETH/USD,SELL,1.029441,1942.800760494,1999.998757683704,1.9999987576837042,ridge_exit
1741717200.0,1741717199.999999,ETH/USD,SELL,1.032898,1936.2979208430002,1999.9982498428933,1.9999982498428934,ridge_exit
1741717500.0,1741717499.999999,ETH/USD,SELL,1.028172,1945.198120734,1999.9982421913185,1.9999982421913185,ridge_exit
1741717800.0,1741717799.999999,ETH/USD,SELL,1.030395,1941.002740314,1999.9995186058438,1.999999518605844,ridge_exit
1741718100.0,1741718099.999999,ETH/USD,SELL,1.034264,1933.740736587,1999.998429185417,1.9999984291854171,ridge_exit
1741718400.0,1741718399.999999,ETH/USD,SELL,1.031579,1938.7751930910001,1999.999774913621,1.999999774913621,ridge_exit
1741718700.0,1741718699.999999,ETH/USD,SELL,1.028532,1944.5188686660001,1999.9998810267784,1.9999998810267785,ridge_exit
1741747800.0,1741747799.999999,ETH/USD,BUY,1.054054,1897.4350745349998,1999.9990300539148,1.9999990300539148,ridge_entry
1741748100.0,1741748099.999999,ETH/USD,BUY,1.054783,1896.1236334039997,1999.998974412771,1.999998974412771,ridge_entry
1741748700.0,1741748699.999999,ETH/USD,BUY,1.054583,1896.4840294399999,1999.9998172189235,1.9999998172189235,ridge_entry
1741749000.0,1741748999.999999,ETH/USD,BUY,1.054043,1897.4550965369997,1999.9992623191488,1.999999262319149,ridge_entry
1741749300.0,1741749299.999999,ETH/USD,BUY,1.056434,1893.1603771079997,1999.9989898297126,1.9999989898297126,ridge_entry
1741749600.0,1741749599.999999,ETH/USD,BUY,1.057928,1890.4874398409997,1999.999596256109,1.999999596256109,ridge_entry
1741749900.0,1741749899.999999,ETH/USD,BUY,1.060438,1886.012522394,1999.9993472224485,1.9999993472224484,ridge_entry
1741750200.0,1741750199.999999,ETH/USD,BUY,1.059729,1887.2739085199998,1999.9988918019908,1.9999988918019909,ridge_entry
1741750500.0,1741750499.999999,ETH/USD,BUY,1.062338,1882.6388150569999,1999.998753510023,1.9999987535100232,ridge_entry
1741764600.0,1741764599.999999,ETH/USD,SELL,1.049366,1905.911379801,1999.9986009762563,1.9999986009762563,ridge_exit
1741764900.0,1741764899.999999,ETH/USD,SELL,1.046821,1910.5462762650002,1999.9999634660037,1.9999999634660037,ridge_exit
1741765200.0,1741765199.999999,ETH/USD,SELL,1.048273,1907.899191,1999.999208647143,1.999999208647143,ridge_exit
1741765500.0,1741765499.999999,ETH/USD,SELL,1.049597,1905.491841759,1999.9985206347208,1.9999985206347208,ridge_exit
1741765800.0,1741765799.999999,ETH/USD,SELL,1.047302,1909.6672441770002,1999.9983241610605,1.9999983241610606,ridge_exit
1741766100.0,1741766099.999999,ETH/USD,SELL,1.045301,1913.3232185430002,1999.9986736662167,1.9999986736662168,ridge_exit
1741766400.0,1741766399.999999,ETH/USD,SELL,1.047582,1909.157805126,1999.9993518095055,1.9999993518095056,ridge_exit
1741766700.0,1741766699.999999,ETH/USD,SELL,1.04511,1913.672833578,1999.9986151007038,1.9999986151007039,ridge_exit
1741767000.0,1741766999.999999,ETH/USD,SELL,1.044216,1915.311029742,1999.9984222330725,1.9999984222330724,ridge_exit
1741767600.0,1741767599.999999,ETH/USD,BUY,1.054967,1895.7932703709998,1999.9993390634825,1.9999993390634825,ridge_entry
1741767900.0,1741767899.999999,ETH/USD,BUY,1.052394,1900.4283638339998,1999.9994075287184,1.9999994075287184,ridge_entry
1741768800.0,1741768799.999999,ETH/USD,SELL,1.040797,1921.604100372,1999.9997828548765,1.9999997828548766,ridge_exit
1741769100.0,1741769099.999999,ETH/USD,SELL,1.039818,1923.412109553,1999.9985329311812,1.9999985329311813,ridge_exit
1741770900.0,1741770899.999999,ETH/USD,BUY,1.043718,1916.2257234119995,1999.999279588125,1.9999992795881252,ridge_entry
1741771200.0,1741771199.999999,ETH/USD,BUY,1.052083,1900.9889798899997,1999.9981889296107,1.9999981889296108,ridge_entry
1741771500.0,1741771499.999999,ETH/USD,BUY,1.060511,1885.8823793809997,1999.9990080397233,1.9999990080397234,ridge_entry
1741771800.0,1741771799.999999,ETH/USD,BUY,1.063022,1881.4274839359998,1999.9988068286143,1.9999988068286143,ridge_entry
1741772100.0,1741772099.999999,ETH/USD,BUY,1.052605,1900.0479457959998,1999.9999679845985,1.9999999679845986,ridge_entry
1741772400.0,1741772399.999999,ETH/USD,BUY,1.052871,1899.5674177479998,1999.999446691754,1.9999994466917541,ridge_entry
1741772700.0,1741772699.999999,ETH/USD,BUY,1.052167,1900.8388148749998,1999.999873330584,1.9999998733305842,ridge_entry
1741773000.0,1741772999.999999,ETH/USD,BUY,1.051369,1902.2803990189998,1999.9986408362067,1.9999986408362067,ridge_entry
1741773300.0,1741773299.999999,ETH/USD,BUY,1.051304,1897.7053715619998,1995.0652479446167,1.9950652479446167,ridge_entry
1741778100.0,1741778099.999999,ETH/USD,SELL,1.046804,1910.576243268,1999.9988537579156,1.9999988537579156,ridge_exit
1741778400.0,1741778399.999999,ETH/USD,SELL,1.045672,1912.6439664749998,1999.9982417118458,1.9999982417118458,ridge_exit
1741779900.0,1741779899.999999,ETH/USD,BUY,1.046556,1911.0300138929997,1999.9999272198022,1.9999999272198024,ridge_entry
1741781100.0,1741781099.999999,ETH/USD,SELL,1.044009,1915.6906117800002,1999.9982399138262,1.9999982399138263,ridge_exit
1741781700.0,1741781699.999999,ETH/USD,SELL,1.047352,1909.577343168,1999.9996495216913,1.9999996495216914,ridge_exit
1741782000.0,1741781999.999999,ETH/USD,SELL,1.04529,1913.3431965450002,1999.9985099165233,1.9999985099165234,ridge_exit
1741782300.0,1741782299.999999,ETH/USD,SELL,1.044919,1914.022448613,1999.9984229822473,1.9999984229822474,ridge_exit
1741782600.0,1741782599.999999,ETH/USD,SELL,1.040159,1922.7828024900002,1999.9998370551962,1.9999998370551961,ridge_exit
1741782900.0,1741782899.999999,ETH/USD,SELL,1.039181,1924.590811671,1999.9982042630813,1.9999982042630813,ridge_exit
1741783200.0,1741783199.999999,ETH/USD,SELL,1.044445,1914.8914917,1999.9988440486065,1.9999988440486065,ridge_exit
1741783500.0,1741783499.999999,ETH/USD,SELL,1.042444,1918.567444068,1999.999120664022,1.999999120664022,ridge_exit
1741786200.0,1741786199.999999,ETH/USD,BUY,1.046747,1910.6796288579997,1999.9981694682247,1.9999981694682247,ridge_entry
1741786500.0,1741786499.999999,ETH/USD,BUY,1.046281,1911.5305639429998,1999.998109972846,1.9999981099728459,ridge_entry
1741786800.0,1741786799.999999,ETH/USD,BUY,1.0521,1900.9589468869997,1999.9989080198125,1.9999989080198124,ridge_entry
1741787100.0,1741787099.999999,ETH/USD,BUY,1.050921,1903.0912901,1999.998601683182,1.999998601683182,ridge_entry
1741787400.0,1741787399.999999,ETH/USD,BUY,1.055508,1894.8222032739998,1999.9999941333328,1.9999999941333328,ridge_entry
1741787700.0,1741787699.999999,ETH/USD,BUY,1.059285,1888.0647775989999,1999.9986979389566,1.9999986979389566,ridge_entry
1741788000.0,1741787999.999999,ETH/USD,BUY,1.058421,1889.6064717529996,1999.9991714392818,1.9999991714392817,ridge_entry
1741788300.0,1741788299.999999,ETH/USD,BUY,1.055775,1894.3416752259998,1999.9985821617297,1.9999985821617297,ridge_entry
1741788900.0,1741788899.999999,ETH/USD,BUY,1.046574,1882.9291340859995,1970.6246755769207,1.9706246755769208,ridge_entry
1741800600.0,1741800599.999999,ETH/USD,SELL,1.060578,1885.763564784,1999.9993500114851,1.9999993500114852,ridge_exit
1741801500.0,1741801499.999999,ETH/USD,BUY,1.065153,1877.6633475599997,1999.9987476435763,1.9999987476435763,ridge_entry
1741813500.0,1741813499.999999,ETH/USD,SELL,1.05282,1899.658265175,1999.9982147415437,1.9999982147415438,ridge_exit
1741813800.0,1741813799.999999,ETH/USD,SELL,1.054462,1896.7015208789999,1999.999679109112,1.9999996791091121,ridge_exit
1741814100.0,1741814099.999999,ETH/USD,SELL,1.052671,1899.9279682019999,1999.9990742151672,1.9999990742151672,ridge_exit
1741814400.0,1741814399.999999,ETH/USD,SELL,1.05146,1902.115559421,1999.9984261088048,1.9999984261088048,ridge_exit
1741814700.0,1741814699.999999,ETH/USD,SELL,1.052007,1901.1266483220002,1999.9985419212824,1.9999985419212825,ridge_exit
1741815000.0,1741814999.999999,ETH/USD,SELL,1.054062,1897.420728951,1999.999088399549,1.999999088399549,ridge_exit
1741815300.0,1741815299.999999,ETH/USD,SELL,1.053557,1898.3297280420002,1999.9985732867458,1.9999985732867458,ridge_exit
1741815600.0,1741815599.999999,ETH/USD,SELL,1.055958,1894.01447961,1999.9997418600165,1.9999997418600164,ridge_exit
1741815900.0,1741815899.999999,ETH/USD,SELL,1.055407,1895.0033907089999,1999.9998435780135,1.9999998435780135,ridge_exit
1741845300.0,1741845299.999999,ETH/USD,BUY,1.070886,1867.6123025559996,1999.9998682349842,1.9999998682349842,ridge_entry
1741846500.0,1741846499.999999,ETH/USD,BUY,1.073515,1863.0372750989998,1999.9984603779028,1.9999984603779029,ridge_entry
1741847100.0,1741847099.999999,ETH/USD,BUY,1.073094,1863.7680781719998,1999.998342077904,1.999998342077904,ridge_entry
1741848600.0,1741848599.999999,ETH/USD,SELL,1.072181,1865.3560357410001,1999.9992997568213,1.9999992997568214,ridge_exit
1741848900.0,1741848899.999999,ETH/USD,SELL,1.070673,1867.983143004,1999.9991156695219,1.9999991156695218,ridge_exit
1741851600.0,1741851599.999999,ETH/USD,BUY,1.067413,1873.688980163,1999.9999753827283,1.9999999753827282,ridge_entry
1741852500.0,1741852499.999999,ETH/USD,BUY,1.066114,1875.9714883909999,1999.9994673744825,1.9999994673744825,ridge_entry
1741852800.0,1741852799.999999,ETH/USD,BUY,1.06707,1874.2896402229997,1999.998246392756,1.9999982463927561,ridge_entry
1741853100.0,1741853099.999999,ETH/USD,BUY,1.064773,1878.3340846269998,1999.9994182905443,1.9999994182905443,ridge_entry
1741853400.0,1741853399.999999,ETH/USD,BUY,1.064019,1879.6655477599998,1999.9998564620473,1.9999998564620474,ridge_entry
1741853700.0,1741853699.999999,ETH/USD,BUY,1.065255,1877.4831495419999,1999.9983124653631,1.999998312465363,ridge_entry
1741854600.0,1741854599.999999,ETH/USD,BUY,1.074624,1861.1151629069998,1999.9990208237718,1.999999020823772,ridge_entry
1741854900.0,1741854899.999999,ETH/USD,BUY,1.041056,1863.778089173,1940.2973624020865,1.9402973624020865,ridge_entry
1741857000.0,1741856999.999999,ETH/USD,SELL,1.064576,1878.681363075,1999.999090776931,1.9999990907769312,ridge_exit
1741857300.0,1741857299.999999,ETH/USD,SELL,1.06331,1880.918899299,1999.9998748136197,1.9999998748136198,ridge_exit
1741857600.0,1741857599.999999,ETH/USD,SELL,1.061607,1883.935577601,1999.9991967302647,1.9999991967302646,ridge_exit
1741857900.0,1741857899.999999,ETH/USD,SELL,1.062734,1881.9377774010002,1999.9992619284747,1.9999992619284748,ridge_exit
1741858200.0,1741858199.999999,ETH/USD,SELL,1.063615,1880.379493245,1999.9998347077808,1.9999998347077808,ridge_exit
1741858500.0,1741858499.999999,ETH/USD,SELL,1.063185,1881.138657321,1999.9984033838275,1.9999984033838276,ridge_exit
1741858800.0,1741858799.999999,ETH/USD,SELL,1.062548,1882.267414434,1999.999476672018,1.9999994766720182,ridge_exit
1741859100.0,1741859099.999999,ETH/USD,SELL,1.063191,1881.12866832,1999.9990699998093,1.9999990699998094,ridge_exit
1741859400.0,1741859399.999999,ETH/USD,SELL,1.059579,1887.5416069619998,1999.999448363189,1.999999448363189,ridge_exit
1743137100.0,1743137099.999999,ETH/USD,BUY,1.031166,1939.5513557419997,1999.9994132950549,1.999999413295055,ridge_entry
1743137400.0,1743137399.999999,ETH/USD,BUY,1.033695,1934.806141268,1999.9994341980253,1.9999994341980254,ridge_entry
1743137700.0,1743137699.999999,ETH/USD,BUY,1.035329,1931.752785963,1999.9996801382867,1.9999996801382869,ridge_entry
1743138000.0,1743137999.999999,ETH/USD,BUY,1.031059,1939.7515757619994,1999.9983199535914,1.9999983199535913,ridge_entry
1743138300.0,1743138299.999999,ETH/USD,BUY,1.036677,1929.2400247119997,1999.998761098362,1.999998761098362,ridge_entry
1743138600.0,1743138599.999999,ETH/USD,BUY,1.038234,1926.3468454229999,1999.998790710903,1.9999987907109031,ridge_entry
1743138900.0,1743138899.999999,ETH/USD,BUY,1.037388,1927.9185725799996,1999.9995921716206,1.9999995921716207,ridge_entry
1743139200.0,1743139199.999999,ETH/USD,BUY,1.039385,1924.2145022099996,1999.9996903795404,1.9999996903795405,ridge_entry
1743139800.0,1743139799.999999,ETH/USD,BUY,1.007563,1916.9264934819996,1931.424208552204,1.931424208552204,ridge_entry
1743158700.0,1743158699.999999,ETH/USD,SELL,1.046903,1910.39644125,1999.9997655339484,1.9999997655339485,ridge_exit
1743159000.0,1743158999.999999,ETH/USD,SELL,1.048366,1907.729377983,1999.9986170785255,1.9999986170785256,ridge_exit
1743159300.0,1743159299.999999,ETH/USD,SELL,1.049157,1906.2909618390001,1999.9985066501197,1.9999985066501198,ridge_exit
1743159600.0,1743159599.999999,ETH/USD,SELL,1.048438,1907.5995209700002,1999.999826566745,1.9999998265667451,ridge_exit
1743159900.0,1743159899.999999,ETH/USD,SELL,1.050109,1904.5628646660002,1999.9986052515487,1.9999986052515488,ridge_exit
1743160200.0,1743160199.999999,ETH/USD,SELL,1.048092,1908.228828033,1999.999368830763,1.999999368830763,ridge_exit
1743160500.0,1743160499.999999,ETH/USD,SELL,1.049515,1905.6416767740002,1999.9995243994647,1.9999995243994648,ridge_exit
1743160800.0,1743160799.999999,ETH/USD,SELL,1.046799,1910.5862322690002,1999.9997573529572,1.9999997573529573,ridge_exit
1743161100.0,1743161099.999999,ETH/USD,SELL,1.049366,1905.911379801,1999.9986009762563,1.9999986009762563,ridge_exit
1743164400.0,1743164399.999999,ETH/USD,BUY,1.058415,1889.6164827539997,1999.9984295940747,1.9999984295940747,ridge_entry
1743165000.0,1743164999.999999,ETH/USD,SELL,1.055646,1894.573863666,1999.9993208835585,1.9999993208835585,ridge_exit
1743959700.0,1743959699.999999,ETH/USD,BUY,1.161229,1722.312634042,1999.9993777159575,1.9999993777159575,ridge_entry
1743960300.0,1743960299.999999,ETH/USD,BUY,1.161566,1721.812083992,1999.9983751542516,1.9999983751542516,ridge_entry
1743960600.0,1743960599.999999,ETH/USD,BUY,1.175454,1701.4697299599998,1999.9993999604017,1.9999993999604018,ridge_entry
1743960900.0,1743960899.999999,ETH/USD,BUY,1.179556,1695.5532283689997,1999.999983842024,1.999999983842024,ridge_entry
1743961200.0,1743961199.999999,ETH/USD,BUY,1.179486,1695.6533383789997,1999.999373471293,1.999999373471293,ridge_entry
1743961500.0,1743961499.999999,ETH/USD,BUY,1.187309,1684.481061263,1999.999524367111,1.9999995243671111,ridge_entry
1743961800.0,1743961799.999999,ETH/USD,BUY,1.179535,1695.583261372,1999.999802202422,1.999999802202422,ridge_entry
1743962100.0,1743962099.999999,ETH/USD,BUY,1.184837,1687.994922614,1999.9988401252037,1.9999988401252038,ridge_entry
1743962400.0,1743962399.999999,ETH/USD,BUY,1.185801,1686.6234154769998,1999.999732696042,1.999999732696042,ridge_entry
1743964200.0,1743964199.999999,BTC/USD,BUY,0.025066,79787.67796999999,1999.9579359960198,1.9999579359960198,ridge_entry
1743964500.0,1743964499.999999,BTC/USD,BUY,0.02501,79967.79589999198,1999.9945754587995,1.9999945754587996,ridge_entry
1743964800.0,1743964799.999999,BTC/USD,BUY,0.025109,79651.32813637999,1999.9651981763652,1.9999651981763653,ridge_entry
1743965100.0,1743965099.999999,BTC/USD,BUY,0.025237,79246.52329994399,1999.9445085206864,1.9999445085206864,ridge_entry
1743965400.0,1743965399.999999,BTC/USD,BUY,0.025295,79064.343103746,1999.9325588092552,1.9999325588092551,ridge_entry
1743965700.0,1743965699.999999,BTC/USD,BUY,0.025269,79147.814830084,1999.9861329413925,1.9999861329413926,ridge_entry
1743966000.0,1743965999.999999,BTC/USD,BUY,0.025254,79194.31592972898,1999.9732544893757,1.9999732544893758,ridge_entry
1743966300.0,1743966299.999999,BTC/USD,BUY,0.025263,79166.905808991,1999.9935414525396,1.9999935414525396,ridge_entry
1743989100.0,1743989099.999999,BTC/USD,SELL,0.025258,79182.71103699,1999.9969153722934,1.9999969153722934,ridge_exit
1743990600.0,1743990599.999999,BTC/USD,SELL,0.025368,78837.730898454,1999.955557431981,1.9999555574319812,ridge_exit
1743990900.0,1743990899.999999,BTC/USD,SELL,0.025316,78999.123187611,1999.9418026175601,1.9999418026175602,ridge_exit
1743991200.0,1743991199.999999,BTC/USD,SELL,0.025298,79054.961703201,1999.932421167579,1.9999324211675789,ridge_exit
1743991500.0,1743991499.999999,BTC/USD,SELL,0.025291,79078.36593254401,1999.9709527999705,1.9999709527999705,ridge_exit
1743991800.0,1743991799.999999,BTC/USD,SELL,0.025335,78939.06931359902,1999.921321060031,1.999921321060031,ridge_exit
1743992100.0,1743992099.999999,BTC/USD,SELL,0.025333,78945.931757286,1999.9372892073263,1.9999372892073264,ridge_exit
1743995400.0,1743995399.999999,BTC/USD,BUY,0.025523,78360.50966743998,1999.9952882420707,1.9999952882420708,ridge_entry
1743995700.0,1743995699.999999,BTC/USD,BUY,0.02558,78185.81769998997,1999.9932167657435,1.9999932167657435,ridge_entry
1743996000.0,1743995999.999999,BTC/USD,BUY,0.025512,78394.136619799,1999.991213444312,1.999991213444312,ridge_entry
1743996300.0,1743996299.999999,BTC/USD,BUY,0.025542,78299.432550339,1999.9241062007586,1.9999241062007587,ridge_entry
1743996900.0,1743996899.999999,BTC/USD,BUY,0.025609,78097.36049515399,1999.9953049203984,1.9999953049203985,ridge_entry
1743997200.0,1743997199.999999,BTC/USD,BUY,0.025722,77753.11220376698,1999.9655521052944,1.9999655521052944,ridge_entry
1743997500.0,1743997499.999999,BTC/USD,BUY,0.025805,77502.486793732,1999.9516717122542,1.9999516717122543,ridge_entry
1744008000.0,1744007999.999999,ETH/USD,BUY,1.256934,1488.2554306619998,1870.63885148371,1.87063885148371,ridge_entry
1744029000.0,1744028999.999999,BTC/USD,SELL,0.025855,77352.95580081301,1999.9606722300205,1.9999606722300205,ridge_exit
1744029300.0,1744029299.999999,BTC/USD,SELL,0.025944,77087.108528199,1999.9479436555946,1.9999479436555947,ridge_exit
1744029600.0,1744029599.999999,BTC/USD,SELL,0.02597,77011.19212059901,1999.9806593719563,1.9999806593719565,ridge_exit
1744029900.0,1744029899.999999,BTC/USD,SELL,0.026022,76857.37149420001,1999.9825210220727,1.9999825210220727,ridge_exit
1744030200.0,1744030199.999999,BTC/USD,SELL,0.025923,77149.639674459,1999.9501092810008,1.9999501092810008,ridge_exit
1744030500.0,1744030499.999999,BTC/USD,SELL,0.025873,77299.614535473,1999.9729268762928,1.999972926876293,ridge_exit
1744030800.0,1744030799.999999,BTC/USD,SELL,0.025889,77250.81826558801,1999.946434077808,1.999946434077808,ridge_exit
1744031100.0,1744031099.999999,BTC/USD,SELL,0.025936,77110.053263496,1999.9263414420323,1.9999263414420323,ridge_exit
1744033500.0,1744033499.999999,BTC/USD,BUY,0.026266,76143.66359499899,1999.9894679862434,1.9999894679862436,ridge_entry
1744034100.0,1744034099.999999,BTC/USD,SELL,0.025744,77687.767136331,1999.9938771577051,1.9999938771577053,ridge_exit
1744035300.0,1744035299.999999,ETH/USD,SELL,1.260713,1586.4031938150001,1999.9991296840901,1.9999991296840902,ridge_exit
1744035600.0,1744035599.999999,ETH/USD,SELL,1.248598,1601.7962443559998,1999.9995871104127,1.9999995871104128,ridge_exit
1744036500.0,1744036499.999999,ETH/USD,BUY,1.282903,1558.963130725,1999.9984772964945,1.9999984772964945,ridge_entry
1744037700.0,1744037699.999999,ETH/USD,SELL,1.268469,1576.7038738439999,1999.9999861510248,1.999999986151025,ridge_exit
1744038600.0,1744038599.999999,ETH/USD,BUY,1.284512,1557.0109855299997,1999.9992950451112,1.9999992950451113,ridge_entry
1744047000.0,1744046999.999999,ETH/USD,SELL,1.284459,1557.075486879,1999.9996228011134,1.9999996228011134,ridge_exit
1744047300.0,1744047299.999999,ETH/USD,SELL,1.288153,1552.6104034319999,1999.9997490121411,1.9999997490121413,ridge_exit
1744047600.0,1744047599.999999,ETH/USD,SELL,1.279272,1563.388535511,1999.999178600228,1.9999991786002282,ridge_exit
1744047900.0,1744047899.999999,ETH/USD,SELL,1.277664,1565.356368708,1999.999479468938,1.999999479468938,ridge_exit
1744048200.0,1744048199.999999,ETH/USD,SELL,1.278537,1564.2875456010001,1999.999505690066,1.999999505690066,ridge_exit
1744048500.0,1744048499.999999,ETH/USD,SELL,1.279607,1562.97898647,1999.9988519399174,1.9999988519399174,ridge_exit
1744048800.0,1744048799.999999,ETH/USD,SELL,1.278423,1564.4273916150003,1999.9999592706235,1.9999999592706237,ridge_exit
1744049100.0,1744049099.999999,ETH/USD,SELL,1.281704,1560.421802214,1999.9988655848927,1.9999988655848926,ridge_exit
1744124100.0,1744124099.999999,ETH/USD,BUY,1.300186,1538.240358655,1999.99857895821,1.99999857895821,ridge_entry
1744124400.0,1744124399.999999,ETH/USD,BUY,1.304755,1532.854440117,1999.9994950148564,1.9999994950148565,ridge_entry
1744124700.0,1744124699.999999,ETH/USD,BUY,1.299823,1538.670831698,1999.9997364701894,1.9999997364701894,ridge_entry
1744125000.0,1744124999.999999,ETH/USD,BUY,1.306043,1531.3427789659997,1999.9995170690913,1.9999995170690914,ridge_entry
1744125300.0,1744125299.999999,ETH/USD,BUY,1.311513,1524.9557603279998,1999.9993040950558,1.9999993040950559,ridge_entry
1744125600.0,1744125599.999999,ETH/USD,BUY,1.309355,1527.4685215789998,1999.9985460720713,1.9999985460720713,ridge_entry
1744125900.0,1744125899.999999,ETH/USD,BUY,1.312443,1523.87457222,1999.9985151881333,1.9999985151881334,ridge_entry
1744126200.0,1744126199.999999,ETH/USD,BUY,1.307736,1529.3606007679998,1999.999914605941,1.999999914605941,ridge_entry
1744133100.0,1744133099.999999,ETH/USD,BUY,1.29684,1463.988764238,1898.5591890144078,1.8985591890144078,ridge_entry
1744161300.0,1744161299.999999,BTC/USD,BUY,0.026525,75398.88516460298,1999.955428991094,1.9999554289910941,ridge_entry
1744161600.0,1744161599.999999,BTC/USD,BUY,0.026564,75289.424879669,1999.9882825035272,1.9999882825035273,ridge_entry
1744161900.0,1744161899.999999,BTC/USD,BUY,0.026628,75106.53390239998,1999.9367847531066,1.9999367847531067,ridge_entry
1744162200.0,1744162199.999999,BTC/USD,BUY,0.026747,74772.74710705799,1999.9466668724801,1.9999466668724801,ridge_entry
1744162500.0,1744162499.999999,BTC/USD,BUY,0.026494,75487.99308450399,1999.9788887808488,1.999978888780849,ridge_entry
1744162800.0,1744162799.999999,BTC/USD,BUY,0.026398,75763.005292975,1999.991813723954,1.999991813723954,ridge_entry
1744163100.0,1744163099.999999,BTC/USD,BUY,0.026462,75577.66162046099,1999.9360818006387,1.9999360818006386,ridge_entry
1744166700.0,1744166699.999999,BTC/USD,BUY,0.02643,75669.262279611,1999.9386020501186,1.9999386020501186,ridge_entry
1744173600.0,1744173599.999999,BTC/USD,SELL,0.026228,76252.217835618,1999.9431693925887,1.9999431693925889,ridge_exit
1744173900.0,1744173899.999999,BTC/USD,SELL,0.02615,76480.98593652,1999.9777822399979,1.9999777822399978,ridge_exit
1744174200.0,1744174199.999999,BTC/USD,SELL,0.026086,76667.120981154,1999.9385179143835,1.9999385179143836,ridge_exit
1744174500.0,1744174499.999999,BTC/USD,SELL,0.026158,76455.79367599801,1999.930650976756,1.999930650976756,ridge_exit
1744174800.0,1744174799.999999,BTC/USD,SELL,0.026201,76332.27967863301,1999.9820598598635,1.9999820598598637,ridge_exit
1744175100.0,1744175099.999999,BTC/USD,SELL,0.026201,76331.940052599,1999.9731613181464,1.9999731613181464,ridge_exit
1744175400.0,1744175399.999999,BTC/USD,SELL,0.026168,76426.82557309799,1999.9371715968282,1.9999371715968282,ridge_exit
1744175700.0,1744175699.999999,BTC/USD,SELL,0.026194,76350.71937447898,1999.9307432951025,1.9999307432951026,ridge_exit
1744183800.0,1744183799.999999,ETH/USD,SELL,1.353909,1477.2034348829998,1999.9990253190074,1.9999990253190074,ridge_exit
1744184100.0,1744184099.999999,ETH/USD,SELL,1.345891,1486.003744764,1999.9990660441647,1.9999990660441647,ridge_exit
1744184400.0,1744184399.999999,ETH/USD,SELL,1.348456,1483.176857481,1999.9987325313996,1.9999987325313997,ridge_exit
1744184700.0,1744184699.999999,ETH/USD,SELL,1.34385,1488.2612589900002,1999.9998928937118,1.999999892893712,ridge_exit
1744186200.0,1744186199.999999,ETH/USD,BUY,1.354313,1476.7628015139999,1999.99906000683,1.99999906000683,ridge_entry
1744186500.0,1744186499.999999,ETH/USD,BUY,1.354763,1476.272262465,1999.9990391138708,1.999999039113871,ridge_entry
1744187700.0,1744187699.999999,ETH/USD,BUY,1.353909,1477.2032855579996,1999.9988231465456,1.9999988231465458,ridge_entry
1744188000.0,1744187999.999999,ETH/USD,BUY,1.292635,1473.5192371899998,1904.7225391650954,1.9047225391650955,ridge_entry
1744189200.0,1744189199.999999,ETH/USD,SELL,1.350576,1480.8494202480001,1999.999686600863,1.9999996866008631,ridge_exit
1744189800.0,1744189799.999999,ETH/USD,SELL,1.349583,1481.938221357,1999.998630593644,1.9999986305936441,ridge_exit
1744190100.0,1744190099.999999,ETH/USD,SELL,1.350512,1480.9193432549998,1999.9993440979963,1.9999993440979964,ridge_exit
1744193700.0,1744193699.999999,ETH/USD,SELL,1.349329,1482.217913385,1999.9996148498685,1.9999996148498687,ridge_exit
1744194600.0,1744194599.999999,ETH/USD,SELL,1.350048,1481.428782306,1999.9999646946505,1.9999999646946507,ridge_exit
1744196100.0,1744196099.999999,ETH/USD,SELL,1.345819,1486.083656772,1999.9996208732364,1.9999996208732365,ridge_exit
1744196400.0,1744196399.999999,ETH/USD,SELL,1.346969,1484.815053645,1999.9998479931521,1.9999998479931522,ridge_exit
1744196700.0,1744196699.999999,ETH/USD,BUY,1.369746,1460.1245178519996,1999.9997178297049,1.9999997178297049,ridge_entry
1744197000.0,1744196999.999999,ETH/USD,BUY,1.374259,1455.329248373,1999.9993175398304,1.9999993175398305,ridge_entry
1744197300.0,1744197299.999999,ETH/USD,BUY,1.367383,1462.6472901039997,1999.9990394842775,1.9999990394842775,ridge_entry
1744197600.0,1744197599.999999,ETH/USD,BUY,1.367233,1462.8074661199998,1999.9986403256457,1.9999986403256458,ridge_entry
1744197900.0,1744197899.999999,ETH/USD,BUY,1.372107,1457.6117566009998,1999.999294514528,1.999999294514528,ridge_entry
1744198200.0,1744198199.999999,ETH/USD,BUY,1.367037,1463.0176971409999,1999.9993236465411,1.9999993236465412,ridge_entry
1744198500.0,1744198499.999999,ETH/USD,BUY,1.380069,1449.2025157609999,1999.9994667237672,1.9999994667237673,ridge_entry
1744206000.0,1744205999.999999,ETH/USD,SELL,1.345774,1486.1336017770002,1999.9999617978408,1.9999999617978408,ridge_exit
1744206900.0,1744206899.999999,ETH/USD,SELL,1.34194,1490.3789272019999,1999.9990975694516,1.9999990975694517,ridge_exit
1744207200.0,1744207199.999999,ETH/USD,SELL,1.346,1485.8838767519999,1999.999698108192,1.999999698108192,ridge_exit
1744207500.0,1744207499.999999,ETH/USD,SELL,1.34009,1492.436661408,1999.9994455862466,1.9999994455862466,ridge_exit
1744208400.0,1744208399.999999,ETH/USD,SELL,1.348965,1482.6174734249998,1999.999080038755,1.999999080038755,ridge_exit
1744208700.0,1744208699.999999,ETH/USD,SELL,1.345556,1486.373337801,1999.9985629181622,1.9999985629181622,ridge_exit
1744209000.0,1744208999.999999,ETH/USD,SELL,1.346407,1485.4343717069999,1999.9992361069064,1.9999992361069066,ridge_exit
1744209300.0,1744209299.999999,ETH/USD,SELL,1.339668,1492.906144455,1999.998588729741,1.999998588729741,ridge_exit
1744209600.0,1744209599.999999,ETH/USD,SELL,1.348865,1482.727352436,1999.9990302435851,1.9999990302435853,ridge_exit
1746739500.0,1746739499.999999,BTC/USD,SELL,0.018451,103556.832421086,1910.7271150014576,1.9107271150014578,ridge_exit
1746779700.0,1746779699.999999,ETH/USD,SELL,0.771893,2468.0024550719995,1905.033819052891,1.905033819052891,ridge_exit
1747075800.0,1747075799.999999,BTC/USD,BUY,0.019825,100877.64354567899,1999.899283293086,1.999899283293086,ridge_entry
1747076400.0,1747076399.999999,BTC/USD,SELL,0.0197,101518.806514059,1999.9204883269622,1.9999204883269621,ridge_exit
1747445700.0,1747445699.999999,ETH/USD,BUY,0.803941,2487.743759501,1999.9992057569937,1.9999992057569937,ridge_entry
1747446000.0,1747445999.999999,ETH/USD,BUY,0.80387,2487.9640015229993,1999.9996219042935,1.9999996219042935,ridge_entry
1747446300.0,1747446299.999999,ETH/USD,BUY,0.802297,2492.8393590099995,1999.9975392156457,1.9999975392156457,ridge_entry
1747446600.0,1747446599.999999,ETH/USD,BUY,0.808384,2474.0687321349997,1999.9975779582196,1.9999975779582198,ridge_entry
1747446900.0,1747446899.999999,ETH/USD,BUY,0.806537,2479.734958701,1999.9979943858282,1.9999979943858281,ridge_entry
1747447200.0,1747447199.999999,ETH/USD,BUY,0.806896,2478.6337485909994,1999.999657203083,1.999999657203083,ridge_entry
1747447500.0,1747447499.999999,ETH/USD,BUY,0.807878,2475.6204372899997,1999.9992876369704,1.9999992876369703,ridge_entry
1747447800.0,1747447799.999999,ETH/USD,BUY,0.80981,2469.7139466999997,1999.9990511771268,1.9999990511771268,ridge_entry
1747448100.0,1747448099.999999,ETH/USD,BUY,0.812944,2460.1934847489997,1999.9995322657908,1.9999995322657909,ridge_entry
1747455900.0,1747455899.999999,ETH/USD,SELL,0.7997,2500.936191369,1999.9986722377892,1.9999986722377892,ridge_exit
1747456200.0,1747456199.999999,ETH/USD,SELL,0.798992,2503.1537495909997,1999.999820693212,1.9999998206932121,ridge_exit
1747456500.0,1747456499.999999,ETH/USD,SELL,0.799825,2500.54662033,1999.9997006054425,1.9999997006054426,ridge_exit
1747456800.0,1747456799.999999,ETH/USD,SELL,0.798294,2505.34134081,1999.9989603205781,1.9999989603205781,ridge_exit
1747457100.0,1747457099.999999,ETH/USD,SELL,0.797013,2509.366908213,1999.9980476155677,1.9999980476155677,ridge_exit
1747457400.0,1747457399.999999,ETH/USD,SELL,0.797973,2506.350229911,1999.9998120127705,1.9999998120127704,ridge_exit
1747457700.0,1747457699.999999,ETH/USD,SELL,0.799244,2502.3646185119997,1999.9999071580046,1.9999999071580046,ridge_exit
1747458000.0,1747457999.999999,ETH/USD,SELL,0.798839,2503.633221639,1999.999859140877,1.9999998591408772,ridge_exit
1747458300.0,1747458299.999999,ETH/USD,SELL,0.798071,2506.04057088,1999.9983044427725,1.9999983044427725,ridge_exit
1747460700.0,1747460699.999999,ETH/USD,BUY,0.802507,2492.1886439449995,1999.9988320863697,1.9999988320863697,ridge_entry
1747461000.0,1747460999.999999,ETH/USD,BUY,0.803659,2488.6147165879997,1999.9976145183953,1.9999976145183953,ridge_entry
1747461300.0,1747461299.999999,ETH/USD,BUY,0.80476,2485.2109762479995,1999.9983852453402,1.9999983852453402,ridge_entry
1747461600.0,1747461599.999999,ETH/USD,BUY,0.805575,2482.6982149969995,1999.999614546208,1.999999614546208,ridge_entry
1747465500.0,1747465499.999999,ETH/USD,SELL,0.80217,2493.234671598,1999.998056515768,1.999998056515768,ridge_exit
1747465800.0,1747465799.999999,ETH/USD,SELL,0.800608,2498.099315085,1999.9982964515716,1.9999982964515717,ridge_exit
1747466100.0,1747466099.999999,ETH/USD,SELL,0.801297,2495.9516798699997,1999.9985932247912,1.9999985932247912,ridge_exit
1747466400.0,1747466399.999999,ETH/USD,SELL,0.801108,2496.541030929,1999.9989922054694,1.9999989922054695,ridge_exit
1747474200.0,1747474199.999999,ETH/USD,BUY,0.807127,2477.9229675199995,1999.9985310055147,1.9999985310055146,ridge_entry
1747476000.0,1747475999.999999,ETH/USD,BUY,0.806085,2481.1264878399998,1999.9988449505063,1.9999988449505064,ridge_entry
1747478100.0,1747478099.999999,ETH/USD,BUY,0.804138,2487.1330884399995,1999.9982274719644,1.9999982274719643,ridge_entry
1747478400.0,1747478399.999999,ETH/USD,BUY,0.804955,2484.610316188,1999.9994970671116,1.9999994970671118,ridge_entry
1747478700.0,1747478699.999999,ETH/USD,BUY,0.805968,2481.486883876,1999.9990208237718,1.999999020823772,ridge_entry
1747479000.0,1747478999.999999,ETH/USD,BUY,0.804926,2484.7004151969995,1999.99996640286,1.99999996640286,ridge_entry
1747479300.0,1747479299.999999,ETH/USD,BUY,0.804984,2484.5202171789997,1999.99902250562,1.99999902250562,ridge_entry
1747479600.0,1747479599.999999,ETH/USD,BUY,0.80364,2488.674782594,1999.9986022838423,1.9999986022838423,ridge_entry
1747479900.0,1747479899.999999,ETH/USD,BUY,0.804336,2486.5224173789998,1999.9994951049553,1.9999994951049553,ridge_entry
1747492500.0,1747492499.999999,ETH/USD,SELL,0.806559,2479.6696082400003,1999.9998395524465,1.9999998395524465,ridge_exit
1747493100.0,1747493099.999999,ETH/USD,SELL,0.808206,2474.615173734,1999.9988311028612,1.9999988311028614,ridge_exit
1747493400.0,1747493399.999999,ETH/USD,SELL,0.806984,2478.361049109,1999.9977128541773,1.9999977128541773,ridge_exit
1747493700.0,1747493699.999999,ETH/USD,SELL,0.805666,2482.416583515,1999.9986391741961,1.9999986391741962,ridge_exit
1747494000.0,1747493999.999999,ETH/USD,SELL,0.806468,2479.949300268,1999.9997522885335,1.9999997522885335,ridge_exit
1747495500.0,1747495499.999999,ETH/USD,SELL,0.807092,2478.0314120760004,1999.9993284352433,1.9999993284352433,ridge_exit
1747495800.0,1747495799.999999,ETH/USD,SELL,0.807131,2477.911544064,1999.9992224719203,1.9999992224719203,ridge_exit
1747496400.0,1747496399.999999,ETH/USD,SELL,0.806555,2479.679597241,1999.997977552715,1.999997977552715,ridge_exit
1747496700.0,1747496699.999999,ETH/USD,SELL,0.807297,2477.402105013,1999.99928717068,1.99999928717068,ridge_exit
1747500000.0,1747499999.999999,ETH/USD,BUY,0.814588,2455.228028253,1999.9992890785547,1.9999992890785547,ridge_entry
1747500600.0,1747500599.999999,ETH/USD,BUY,0.814233,2456.2992053599996,1999.9998708778885,1.9999998708778886,ridge_entry
1747503300.0,1747503299.999999,ETH/USD,SELL,0.808745,2472.966988569,1999.999687170236,1.9999996871702361,ridge_exit
1747503600.0,1747503599.999999,ETH/USD,SELL,0.807864,2475.6640188389997,1999.9998369153498,1.9999998369153498,ridge_exit
1747598100.0,1747598099.999999,ETH/USD,BUY,0.829111,2412.2207679569997,1999.998773141596,1.999998773141596,ridge_entry
1747598400.0,1747598399.999999,ETH/USD,BUY,0.829583,2410.8492608199995,1999.9995623388374,1.9999995623388376,ridge_entry
1747598700.0,1747598699.999999,ETH/USD,BUY,0.844308,2368.8030566199996,1999.9993711287184,1.9999993711287185,ridge_entry
1747599000.0,1747598999.999999,ETH/USD,BUY,0.840016,2380.906356829,1999.9994342380692,1.9999994342380691,ridge_entry
1747599300.0,1747599299.999999,ETH/USD,BUY,0.843449,2371.215707861,1999.9995175796525,1.9999995175796526,ridge_entry
1747599600.0,1747599599.999999,ETH/USD,BUY,0.841846,2375.7306693119995,1999.9993610376296,1.9999993610376297,ridge_entry
1747599900.0,1747599899.999999,ETH/USD,BUY,0.842087,2375.0499212439995,1999.998663030596,1.999998663030596,ridge_entry
1747600200.0,1747600199.999999,ETH/USD,BUY,0.839589,2382.11768795,1999.9998075082526,1.9999998075082526,ridge_entry
1747600500.0,1747600499.999999,ETH/USD,BUY,0.83913,2383.41911808,1999.9984845544705,1.9999984845544705,ridge_entry
1747607700.0,1747607699.999999,ETH/USD,SELL,0.824053,2427.02757297,1999.9993525886475,1.9999993525886475,ridge_exit
1747608600.0,1747608599.999999,ETH/USD,SELL,0.823426,2428.875538155,1999.999268880819,1.999999268880819,ridge_exit
1747608900.0,1747608899.999999,ETH/USD,SELL,0.821675,2434.0498406730003,1999.9979028349876,1.9999979028349877,ridge_exit
1747609200.0,1747609199.999999,ETH/USD,SELL,0.815594,2452.19985549,1999.9994889385111,1.999999488938511,ridge_exit
1747609500.0,1747609499.999999,ETH/USD,SELL,0.818354,2443.928962662,1999.9990423102981,1.9999990423102982,ridge_exit
1747609800.0,1747609799.999999,ETH/USD,SELL,0.819563,2440.322933301,1999.9983841849676,1.9999983841849676,ridge_exit
1747610100.0,1747610099.999999,ETH/USD,SELL,0.820282,2438.185287087,1999.9995036622981,1.9999995036622982,ridge_exit
1747610400.0,1747610399.999999,ETH/USD,SELL,0.820991,2436.077607876,1999.997791367725,1.9999977913677252,ridge_exit
1747610700.0,1747610699.999999,ETH/USD,SELL,0.819634,2440.11316428,1999.9997132914734,1.9999997132914735,ridge_exit
1747630200.0,1747630199.999999,ETH/USD,BUY,0.843256,2371.7563019149998,1999.9977321276351,1.9999977321276352,ridge_entry
1747630500.0,1747630499.999999,ETH/USD,BUY,0.849152,2355.2882052699997,1999.9976900814308,1.999997690081431,ridge_entry
1747630800.0,1747630799.999999,ETH/USD,BUY,0.844443,2368.4226385819998,1999.9979181920999,1.9999979181921,ridge_entry
1747631100.0,1747631099.999999,ETH/USD,BUY,0.845891,2364.3681831769995,1999.997766835775,1.9999977668357751,ridge_entry
1747631400.0,1747631399.999999,ETH/USD,BUY,0.841594,2376.441450383,1999.9988659936303,1.9999988659936303,ridge_entry
1747631700.0,1747631699.999999,ETH/USD,BUY,0.840684,2379.01427764,1999.9992389835056,1.9999992389835057,ridge_entry
1747632000.0,1747631999.999999,ETH/USD,BUY,0.839557,2382.207786959,1999.999222995937,1.9999992229959371,ridge_entry
1747632300.0,1747632299.999999,ETH/USD,BUY,0.840967,2378.2133975599995,1999.9989863058402,1.9999989863058403,ridge_entry
1747632600.0,1747632599.999999,ETH/USD,BUY,0.840295,2380.1154877499994,1999.9991437788858,1.9999991437788858,ridge_entry
1747639200.0,1747639199.999999,ETH/USD,SELL,0.831292,2405.890846854,1999.9978138629554,1.9999978138629555,ridge_exit
1747639500.0,1747639499.999999,ETH/USD,SELL,0.831582,2405.05177077,1999.9977616404583,1.9999977616404583,ridge_exit
1747639800.0,1747639799.999999,ETH/USD,SELL,0.834772,2395.86188985,1999.998421513864,1.9999984215138642,ridge_exit
1747640100.0,1747640099.999999,ETH/USD,SELL,0.832443,2402.5645095209998,1999.9980079991897,1.9999980079991897,ridge_exit
1747640400.0,1747640399.999999,ETH/USD,SELL,0.831614,2404.961869761,1999.999960359424,1.999999960359424,ridge_exit
1747640700.0,1747640699.999999,ETH/USD,SELL,0.831289,2405.900835855,1999.9988999370669,1.999998899937067,ridge_exit
1747641000.0,1747640999.999999,ETH/USD,SELL,0.833532,2399.427963207,1999.9999890278573,1.9999999890278573,ridge_exit
1747641300.0,1747641299.999999,ETH/USD,SELL,0.832831,2401.445741409,1999.998458263399,1.999998458263399,ridge_exit
1747641600.0,1747641599.999999,ETH/USD,SELL,0.832952,2401.0961263739996,1999.9978206554758,1.9999978206554758,ridge_exit
1748001900.0,1748001899.999999,ETH/USD,BUY,0.783962,2551.1434288339997,1999.99950475556,1.99999950475556,ridge_entry
1748002800.0,1748002799.999999,ETH/USD,BUY,0.786781,2542.003384921,1999.999965191529,1.9999999651915292,ridge_entry
1748003100.0,1748003099.999999,ETH/USD,BUY,0.787994,2538.0890835299997,1999.9989692871386,1.9999989692871387,ridge_entry
1748003700.0,1748003699.999999,ETH/USD,SELL,0.783027,2554.1875557,1999.9978191771038,1.9999978191771037,ridge_exit
1748006400.0,1748006399.999999,ETH/USD,SELL,0.784254,2550.1919553000002,1999.9982417118465,1.9999982417118465,ridge_exit
1748006700.0,1748006699.999999,ETH/USD,SELL,0.781097,2560.5006043320004,1999.9993405419127,1.9999993405419128,ridge_exit
1748163300.0,1748163299.999999,ETH/USD,BUY,0.808627,2473.3279180609998,1999.999734397912,1.9999997343979121,ridge_entry
1748166600.0,1748166599.999999,ETH/USD,SELL,0.803774,2488.2601491,1999.9988130827035,1.9999988130827036,ridge_exit
1748566800.0,1748566799.999999,ETH/USD,BUY,0.776297,2576.3311073499995,1999.9981096424826,1.9999981096424826,ridge_entry
1748567400.0,1748567399.999999,ETH/USD,SELL,0.772487,2589.039180189,1999.9991091866602,1.9999991091866602,ridge_exit
1748627400.0,1748627399.999999,ETH/USD,BUY,0.785827,2545.086773229,1999.9979037462253,1.9999979037462254,ridge_entry
1748628300.0,1748628299.999999,ETH/USD,BUY,0.783602,2552.314715951,1999.9989160486355,1.9999989160486356,ridge_entry
1748629200.0,1748629199.999999,ETH/USD,SELL,0.780339,2562.987865581,1999.9993880396119,1.9999993880396119,ridge_exit
1748629500.0,1748629499.999999,ETH/USD,SELL,0.778527,2568.951299178,1999.9979480951508,1.9999979480951509,ridge_exit
1748645100.0,1748645099.999999,ETH/USD,BUY,0.791268,2527.5875434809996,1999.9991403551235,1.9999991403551236,ridge_entry
1748645700.0,1748645699.999999,ETH/USD,SELL,0.788579,2536.2073539,1999.999858931108,1.999999858931108,ridge_exit
1748650800.0,1748650799.999999,ETH/USD,BUY,0.79568,2513.5721420809996,1999.99908201101,1.99999908201101,ridge_entry
1748651400.0,1748651399.999999,ETH/USD,BUY,0.7942,2518.2572905489997,1999.9999401540156,1.9999999401540156,ridge_entry
1748652000.0,1748651999.999999,ETH/USD,SELL,0.790443,2530.223942301,1999.9978036242294,1.9999978036242294,ridge_exit
1748652300.0,1748652299.999999,ETH/USD,SELL,0.790846,2528.935361172,1999.9984146414315,1.9999984146414316,ridge_exit
1748655300.0,1748655299.999999,ETH/USD,BUY,0.805909,2481.6670818939997,1999.9978363021114,1.9999978363021114,ridge_entry
1748655600.0,1748655599.999999,ETH/USD,BUY,0.79985,2500.4677417719995,1999.9991232563336,1.9999991232563337,ridge_entry
1748655900.0,1748655899.999999,ETH/USD,BUY,0.799789,2500.6579507909996,1999.9987218051826,1.9999987218051827,ridge_entry
1748656200.0,1748656199.999999,ETH/USD,BUY,0.801937,2493.9605911219996,1999.999274562603,1.999999274562603,ridge_entry
1748656500.0,1748656499.999999,ETH/USD,BUY,0.801959,2493.890514115,1999.997942809151,1.999997942809151,ridge_entry
1748656800.0,1748656799.999999,ETH/USD,BUY,0.801345,2495.802615306,1999.9989467623866,1.9999989467623867,ridge_entry
1748657100.0,1748657099.999999,ETH/USD,BUY,0.803404,2489.4055856669997,1999.9984051472102,1.9999984051472102,ridge_entry
1748658900.0,1748658899.999999,ETH/USD,BUY,0.800654,2497.954980521,1999.9976469740607,1.9999976469740608,ridge_entry
1748659200.0,1748659199.999999,ETH/USD,BUY,0.798446,2504.8625712109997,1999.9975005331378,1.9999975005331379,ridge_entry
1748665800.0,1748665799.999999,ETH/USD,SELL,0.794682,2516.72880195,1999.99907779123,1.9999990777912302,ridge_exit
1748666100.0,1748666099.999999,ETH/USD,SELL,0.793576,2520.234941301,1999.9979637778824,1.9999979637778824,ridge_exit
1748666400.0,1748666399.999999,ETH/USD,SELL,0.794241,2518.12726209,1999.9999147696235,1.9999999147696235,ridge_exit
1748666700.0,1748666699.999999,ETH/USD,SELL,0.795165,2515.2004847969997,1999.9993934936062,1.9999993934936062,ridge_exit
1748667300.0,1748667299.999999,ETH/USD,SELL,0.794209,2518.2271521,1999.9986682421888,1.9999986682421889,ridge_exit
1748667600.0,1748667599.999999,ETH/USD,SELL,0.793737,2519.72550225,1999.9993609794083,1.9999993609794082,ridge_exit
1748667900.0,1748667899.999999,ETH/USD,SELL,0.794278,2518.0073940780003,1999.997876953486,1.999997876953486,ridge_exit
1748668200.0,1748668199.999999,ETH/USD,SELL,0.794241,2518.12726209,1999.9999147696235,1.9999999147696235,ridge_exit
1748668500.0,1748668499.999999,ETH/USD,SELL,0.795083,2515.460198823,1999.9996412607875,1.9999996412607874,ridge_exit
1749151200.0,1749151199.999999,ETH/USD,BUY,0.793235,2521.320656855,1999.999791240376,1.999999791240376,ridge_entry
1749154500.0,1749154499.999999,ETH/USD,BUY,0.797048,2509.2574006499995,1999.9985926732807,1.9999985926732806,ridge_entry
1749154800.0,1749154799.999999,ETH/USD,BUY,0.804637,2485.5913942859997,1999.998802724104,1.999998802724104,ridge_entry
1749155100.0,1749155099.999999,ETH/USD,BUY,0.806782,2478.9841336259997,1999.9997772950512,1.9999997772950513,ridge_entry
1749155400.0,1749155399.999999,ETH/USD,BUY,0.807607,2476.451350373,1999.9994457206874,1.9999994457206873,ridge_entry
1749155700.0,1749155699.999999,ETH/USD,BUY,0.813821,2457.540569484,1999.9981237980385,1.9999981237980384,ridge_entry
1749156000.0,1749155999.999999,ETH/USD,BUY,0.813904,2457.2902944589996,1999.9983998213575,1.9999983998213575,ridge_entry
1749156300.0,1749156299.999999,ETH/USD,BUY,0.825841,2421.771262911,1999.9980015336835,1.9999980015336836,ridge_entry
1749156600.0,1749156599.999999,ETH/USD,BUY,0.819749,2439.7710427089996,1999.9998724896595,1.9999998724896595,ridge_entry
1749157200.0,1749157199.999999,BTC/USD,BUY,0.019881,100594.46236039199,1999.918506186953,1.999918506186953,ridge_entry
1749158100.0,1749158099.999999,BTC/USD,BUY,0.01988,100599.788212924,1999.923789672929,1.999923789672929,ridge_entry
1749162900.0,1749162899.999999,BTC/USD,SELL,0.019733,101348.85365104499,1999.9169290960708,1.9999169290960708,ridge_exit
1749163200.0,1749163199.999999,BTC/USD,SELL,0.019728,101374.315614594,1999.9124984447103,1.9999124984447103,ridge_exit
1749182400.0,1749182399.999999,ETH/USD,SELL,0.815328,2452.99897557,1999.998748753537,1.9999987487535371,ridge_exit
1749182700.0,1749182699.999999,ETH/USD,SELL,0.81491,2454.257589696,1999.9990524191676,1.9999990524191675,ridge_exit
1749183000.0,1749182999.999999,ETH/USD,SELL,0.817325,2447.0055749699995,1999.9988315623548,1.999998831562355,ridge_exit
1749183300.0,1749183299.999999,ETH/USD,SELL,0.816555,2449.313034201,1999.9988046419976,1.9999988046419976,ridge_exit
1749184200.0,1749184199.999999,ETH/USD,SELL,0.816925,2448.20425509,1999.9992610893983,1.9999992610893984,ridge_exit
1749184500.0,1749184499.999999,ETH/USD,SELL,0.8158,2451.580537428,1999.9994024337623,1.9999994024337624,ridge_exit
1749184800.0,1749184799.999999,ETH/USD,SELL,0.815959,2451.1010653800004,1999.9979742063997,1.9999979742063998,ridge_exit
1749185400.0,1749185399.999999,ETH/USD,SELL,0.814002,2456.99457597,1999.998498828732,1.999998498828732,ridge_exit
1749185700.0,1749185699.999999,ETH/USD,SELL,0.813503,2458.502915121,1999.999496959679,1.999999496959679,ridge_exit
1749680700.0,1749680699.999999,ETH/USD,BUY,0.725523,2756.6292353599997,1999.997912726093,1.9999979127260932,ridge_entry
1749681000.0,1749680999.999999,ETH/USD,BUY,0.724027,2762.3254949289994,1999.9982411169585,1.9999982411169586,ridge_entry
1749681300.0,1749681299.999999,ETH/USD,BUY,0.723579,2764.0373760999996,1999.9994005610615,1.9999994005610615,ridge_entry
1749681600.0,1749681599.999999,ETH/USD,BUY,0.724786,2759.4323156399996,1999.997910323453,1.999997910323453,ridge_entry
1749681900.0,1749681899.999999,ETH/USD,BUY,0.723416,2764.6580581619996,1999.997873803321,1.999997873803321,ridge_entry
1749682200.0,1749682199.999999,ETH/USD,BUY,0.722767,2767.1407864099997,1999.9980447711964,1.9999980447711965,ridge_entry
1749682500.0,1749682499.999999,ETH/USD,BUY,0.723249,2765.298762226,1999.9995644811922,1.9999995644811923,ridge_entry
1749682800.0,1749682799.999999,ETH/USD,BUY,0.72408,2762.125274909,1999.9996690561086,1.9999996690561086,ridge_entry
1749687900.0,1749687899.999999,ETH/USD,SELL,0.720125,2777.291893035,1999.9973244718296,1.9999973244718297,ridge_exit
1749689100.0,1749689099.999999,ETH/USD,SELL,0.721379,2772.467205552,1999.9996202738962,1.9999996202738963,ridge_exit
1749689700.0,1749689699.999999,ETH/USD,SELL,0.721607,2771.588173464,1999.9974270888367,1.9999974270888368,ridge_exit
1749690000.0,1749689999.999999,ETH/USD,SELL,0.72135,2772.577084563,1999.99847994952,1.99999847994952,ridge_exit
1749690600.0,1749690599.999999,ETH/USD,SELL,0.721774,2770.9488774,1999.9988550365078,1.999998855036508,ridge_exit
1749691200.0,1749691199.999999,ETH/USD,SELL,0.72205,2769.890043294,1999.9991057604325,1.9999991057604325,ridge_exit
1749691500.0,1749691499.999999,ETH/USD,SELL,0.723765,2763.327269637,1999.9995613088233,1.9999995613088233,ridge_exit
1749691800.0,1749691799.999999,ETH/USD,SELL,0.723927,2762.707951575,1999.9988792598351,1.999998879259835,ridge_exit
1749743700.0,1749743699.999999,ETH/USD,BUY,0.734005,2724.774230178,1999.9979088218029,1.999997908821803,ridge_entry
1749744000.0,1749743999.999999,ETH/USD,BUY,0.734542,2722.7820409789997,1999.9977659447966,1.9999977659447967,ridge_entry
1749744300.0,1749744299.999999,ETH/USD,BUY,0.733811,2725.4950222499997,1999.9982277722945,1.9999982277722945,ridge_entry
1749747900.0,1749747899.999999,ETH/USD,SELL,0.728542,2745.2072218229996,1999.9987598013718,1.9999987598013718,ridge_exit
1749748200.0,1749748199.999999,ETH/USD,SELL,0.72847,2745.47692485,1999.9975754454795,1.9999975754454795,ridge_exit
1749748500.0,1749748499.999999,ETH/USD,SELL,0.728057,2747.035209006,1999.9982131632812,1.9999982131632812,ridge_exit
1749759300.0,1749759299.999999,ETH/USD,BUY,0.744082,2687.873680492,1999.9984239278483,1.9999984239278483,ridge_entry
1749759600.0,1749759599.999999,ETH/USD,BUY,0.742139,2694.9114141949995,1999.9988620192628,1.9999988620192628,ridge_entry
1749759900.0,1749759899.999999,ETH/USD,BUY,0.743924,2688.4443075489994,1999.998243049082,1.9999982430490821,ridge_entry
1749760200.0,1749760199.999999,ETH/USD,BUY,0.742564,2693.3697200409997,1999.999392792525,1.999999392792525,ridge_entry
1749760500.0,1749760499.999999,ETH/USD,BUY,0.744964,2684.6901821739993,1999.997536873071,1.9999975368730711,ridge_entry
1749760800.0,1749760799.999999,ETH/USD,BUY,0.748526,2671.9161448979994,1999.9987042759199,1.99999870427592,ridge_entry
1749761100.0,1749761099.999999,ETH/USD,BUY,0.753304,2654.9675202050003,1999.9976528405075,1.9999976528405075,ridge_entry
1749761400.0,1749761399.999999,ETH/USD,BUY,0.756597,2643.414825051,1999.9997263891114,1.9999997263891114,ridge_entry
1749761700.0,1749761699.999999,ETH/USD,BUY,0.761761,2625.495133261,1999.9997982080326,1.9999997982080326,ridge_entry
1749774300.0,1749774299.999999,BTC/USD,BUY,0.019219,104062.233062788,1999.9720572337226,1.9999720572337225,ridge_entry
1749774600.0,1749774599.999999,BTC/USD,BUY,0.019261,103835.62404415199,1999.9779547144115,1.9999779547144114,ridge_entry
1749774900.0,1749774899.999999,BTC/USD,BUY,0.019322,103503.729327999,1999.8990580755965,1.9998990580755964,ridge_entry
1749775200.0,1749775199.999999,BTC/USD,BUY,0.019265,103813.12932490499,1999.9599364442947,1.9999599364442948,ridge_entry
1749775500.0,1749775499.999999,BTC/USD,BUY,0.019224,104033.151104883,1999.933296840271,1.999933296840271,ridge_entry
1749776100.0,1749776099.999999,BTC/USD,BUY,0.019268,103793.77805997198,1999.8985156595402,1.9998985156595401,ridge_entry
1749776400.0,1749776399.999999,BTC/USD,BUY,0.019247,103911.99797078098,1999.9942249436217,1.9999942249436218,ridge_entry
1749776700.0,1749776699.999999,BTC/USD,BUY,0.01935,103355.426359185,1999.9275000502298,1.99992750005023,ridge_entry
1749777000.0,1749776999.999999,BTC/USD,BUY,0.019385,103167.43978240699,1999.9008201819595,1.9999008201819595,ridge_entry
1749784800.0,1749784799.999999,BTC/USD,SELL,0.019208,104120.062242471,1999.938155553383,1.999938155553383,ridge_exit
1749785100.0,1749785099.999999,BTC/USD,SELL,0.019216,104077.55904321601,1999.9543745744388,1.9999543745744388,ridge_exit
1749785400.0,1749785399.999999,BTC/USD,SELL,0.019235,103976.030837052,1999.9789531506951,1.999978953150695,ridge_exit
1749785700.0,1749785699.999999,BTC/USD,SELL,0.019204,104143.22673579,1999.966526234111,1.9999665262341109,ridge_exit
1749786000.0,1749785999.999999,BTC/USD,SELL,0.019217,104071.41580760099,1999.9403975746684,1.9999403975746683,ridge_exit
1749786300.0,1749786299.999999,BTC/USD,SELL,0.019222,104042.817297738,1999.91103409712,1.99991103409712,ridge_exit
1749786600.0,1749786599.999999,BTC/USD,SELL,0.01925,103893.791391819,1999.9554842925158,1.9999554842925158,ridge_exit
1749786900.0,1749786899.999999,BTC/USD,SELL,0.019163,104365.821634074,1999.96223997376,1.99996223997376,ridge_exit
1749787200.0,1749787199.999999,BTC/USD,SELL,0.0192,104162.52548572201,1999.9204893258625,1.9999204893258626,ridge_exit
1749800400.0,1749800399.999999,ETH/USD,SELL,0.791853,2525.71890285,1999.9980903784813,1.9999980903784813,ridge_exit
1749800700.0,1749800699.999999,ETH/USD,SELL,0.791105,2528.106274089,1999.9975139631783,1.9999975139631785,ridge_exit
1749801300.0,1749801299.999999,ETH/USD,SELL,0.792104,2524.91978277,1999.9990596112482,1.9999990596112482,ridge_exit
1749801600.0,1749801599.999999,ETH/USD,SELL,0.792493,2523.6811466460003,1999.9996429489288,1.9999996429489288,ridge_exit
1749801900.0,1749801899.999999,ETH/USD,SELL,0.791957,2525.389265817,1999.9997067886338,1.999999706788634,ridge_exit
1749802200.0,1749802199.999999,ETH/USD,SELL,0.79005,2531.482556427,1999.9977937051515,1.9999977937051516,ridge_exit
1749802500.0,1749802499.999999,ETH/USD,SELL,0.788482,2536.517012931,1999.9980073898607,1.9999980073898607,ridge_exit
1749802800.0,1749802799.999999,ETH/USD,SELL,0.7892,2534.2095537000005,1999.9981797800403,1.9999981797800404,ridge_exit
1749803100.0,1749803099.999999,ETH/USD,SELL,0.790612,2529.684536247,1999.9989505713131,1.9999989505713132,ridge_exit
1749807300.0,1749807299.999999,ETH/USD,BUY,0.795873,2512.96147102,1999.9981848251005,1.9999981848251005,ridge_entry
1749810900.0,1749810899.999999,ETH/USD,SELL,0.793557,2520.2948753070004,1999.9976403639973,1.9999976403639974,ridge_exit
1749824400.0,1749824399.999999,ETH/USD,BUY,0.790551,2529.8800627099995,1999.9992134554527,1.9999992134554527,ridge_entry
1749824700.0,1749824699.999999,ETH/USD,BUY,0.796095,2512.26070095,1999.99818272279,1.9999981827227902,ridge_entry
1749825000.0,1749824999.999999,ETH/USD,BUY,0.796267,2511.720106896,1999.999834357757,1.999999834357757,ridge_entry
1749825300.0,1749825299.999999,ETH/USD,BUY,0.793729,2519.7489296979998,1999.9977982202638,1.999997798220264,ridge_entry
1749825600.0,1749825599.999999,ETH/USD,BUY,0.791252,2527.6375984859997,1999.9983050772441,1.999998305077244,ridge_entry
1749826200.0,1749826199.999999,ETH/USD,BUY,0.79102,2528.3784125599996,1999.9978919032108,1.9999978919032109,ridge_entry
1749828300.0,1749828299.999999,ETH/USD,SELL,0.786191,2543.908873671,1999.9982613002771,1.9999982613002771,ridge_exit
1749828600.0,1749828599.999999,ETH/USD,SELL,0.78462,2549.003264181,1999.9989411416962,1.9999989411416963,ridge_exit
1749828900.0,1749828899.999999,ETH/USD,SELL,0.784848,2548.2640781070004,1999.999965174123,1.999999965174123,ridge_exit
1749829200.0,1749829199.999999,ETH/USD,SELL,0.785309,2546.765727957,1999.9980470561836,1.9999980470561836,ridge_exit
1749829500.0,1749829499.999999,ETH/USD,SELL,0.783086,2553.997764681,1999.9998935529852,1.9999998935529852,ridge_exit
1749829800.0,1749829799.999999,ETH/USD,SELL,0.783674,2552.0798764889996,1999.9986451276402,1.9999986451276401,ridge_exit
1749835800.0,1749835799.999999,ETH/USD,BUY,0.788019,2538.0089955219996,1999.9993106422507,1.999999310642251,ridge_entry
1749836100.0,1749836099.999999,ETH/USD,BUY,0.786443,2543.09458403,1999.9989339483054,1.9999989339483055,ridge_entry
1749836700.0,1749836699.999999,ETH/USD,BUY,0.78763,2539.2603706469995,1999.9976457326964,1.9999976457326964,ridge_entry
1749837000.0,1749836999.999999,ETH/USD,BUY,0.790041,2531.5118558729996,1999.9981581257605,1.9999981581257604,ridge_entry
1749837300.0,1749837299.999999,ETH/USD,BUY,0.787469,2539.7809426989993,1999.9987591662382,1.9999987591662383,ridge_entry
1749837600.0,1749837599.999999,ETH/USD,BUY,0.785549,2545.987763319,1999.9981414874771,1.9999981414874772,ridge_entry
1749837900.0,1749837899.999999,ETH/USD,BUY,0.788984,2534.9055852119996,1999.9999482429043,1.9999999482429043,ridge_entry
1749838200.0,1749838199.999999,ETH/USD,BUY,0.790085,2531.371701859,1999.9988110632682,1.9999988110632683,ridge_entry
1749838500.0,1749838499.999999,ETH/USD,BUY,0.789804,2532.2726919489996,1999.9991011920877,1.9999991011920877,ridge_entry
1749845400.0,1749845399.999999,ETH/USD,SELL,0.790927,2528.675647146,1999.9978435702444,1.9999978435702443,ridge_exit
1749845700.0,1749845699.999999,ETH/USD,SELL,0.788479,2536.527001932,1999.9982739563416,1.9999982739563416,ridge_exit
1749846000.0,1749845999.999999,ETH/USD,SELL,0.789511,2533.2106536,1999.9976763343896,1.9999976763343896,ridge_exit
1749846300.0,1749846299.999999,ETH/USD,SELL,0.790222,2530.9331613719996,1999.9990646457043,1.9999990646457042,ridge_exit
1749846600.0,1749846599.999999,ETH/USD,SELL,0.78911,2534.499234729,1999.998691117001,1.9999986911170011,ridge_exit
1749846900.0,1749846899.999999,ETH/USD,SELL,0.789346,2533.7400706530007,1999.9975898096634,1.9999975898096634,ridge_exit
1749847200.0,1749847199.999999,ETH/USD,SELL,0.787713,2538.994285179,1999.9988053612058,1.999998805361206,ridge_exit
1749847500.0,1749847499.999999,ETH/USD,SELL,0.784383,2549.7724172579997,1999.9981379660817,1.9999981379660818,ridge_exit
1749847800.0,1749847799.999999,ETH/USD,SELL,0.786506,2542.889995569,1999.998238854992,1.999998238854992,ridge_exit
1750172700.0,1750172699.999999,ETH/USD,BUY,0.789804,2532.2726919489996,1999.9991011920877,1.9999991011920877,ridge_entry
1750173000.0,1750172999.999999,ETH/USD,BUY,0.794067,2518.6777525909997,1999.9988869666772,1.9999988869666772,ridge_entry
1750173300.0,1750173299.999999,ETH/USD,BUY,0.792303,2524.283913151,1999.9977172412766,1.9999977172412766,ridge_entry
1750173600.0,1750173599.999999,ETH/USD,BUY,0.794424,2517.546509478,1999.9993682455508,1.9999993682455508,ridge_entry
1750173900.0,1750173899.999999,ETH/USD,BUY,0.797328,2508.376432562,1999.9987642217943,1.9999987642217945,ridge_entry
1750174200.0,1750174199.999999,ETH/USD,BUY,0.800314,2499.0161466269997,1999.9976083716406,1.9999976083716406,ridge_entry
1750174500.0,1750174499.999999,ETH/USD,BUY,0.80017,2499.4666416719992,1999.9982226666837,1.9999982226666837,ridge_entry
1750174800.0,1750174799.999999,ETH/USD,BUY,0.799251,2502.339798959,1999.9975866577797,1.9999975866577797,ridge_entry
1750175100.0,1750175099.999999,ETH/USD,BUY,0.798718,2504.0116361259998,1999.9991659832863,1.9999991659832863,ridge_entry
1750196100.0,1750196099.999999,ETH/USD,SELL,0.793451,2520.634501341,1999.9999657235178,1.999999965723518,ridge_exit
1750196400.0,1750196399.999999,ETH/USD,SELL,0.793734,2519.7354912510004,1999.9997304126216,1.9999997304126216,ridge_exit
1750196700.0,1750196699.999999,ETH/USD,SELL,0.793888,2519.246030202,1999.9991924250055,1.9999991924250056,ridge_exit
1750197300.0,1750197299.999999,ETH/USD,SELL,0.794792,2516.3791869150004,1999.9980467265473,1.9999980467265472,ridge_exit
1750197600.0,1750197599.999999,ETH/USD,SELL,0.794616,2516.938570971,1999.999659510692,1.9999996595106921,ridge_exit
1750199700.0,1750199699.999999,ETH/USD,SELL,0.797693,2507.229261999,1999.999231691768,1.999999231691768,ridge_exit
1750200000.0,1750199999.999999,ETH/USD,SELL,0.798262,2505.44123082,1999.9985277968349,1.9999985277968348,ridge_exit
1750200300.0,1750200299.999999,ETH/USD,SELL,0.797686,2507.249240001,1999.9976172594377,1.9999976172594378,ridge_exit
1750200600.0,1750200599.999999,ETH/USD,SELL,0.797979,2506.3302519090003,1999.998908088092,1.9999989080880922,ridge_exit
1750440600.0,1750440599.999999,ETH/USD,BUY,0.826289,2420.45982178,1999.9993256787743,1.9999993256787743,ridge_entry
1750440900.0,1750440899.999999,ETH/USD,BUY,0.832369,2402.7803940139997,1999.999913785039,1.999999913785039,ridge_entry
1750441200.0,1750441199.999999,ETH/USD,BUY,0.837705,2387.4735734849996,1999.9985498762517,1.9999985498762518,ridge_entry
1750441500.0,1750441499.999999,ETH/USD,BUY,0.828719,2413.3620220709995,1999.9989615686566,1.9999989615686566,ridge_entry
1750441800.0,1750441799.999999,ETH/USD,BUY,0.827782,2416.0950253439996,1999.9999722693067,1.9999999722693067,ridge_entry
1750442100.0,1750442099.999999,ETH/USD,BUY,0.830376,2408.5467305899997,1999.9993999604017,1.9999993999604018,ridge_entry
1750442400.0,1750442399.999999,ETH/USD,BUY,0.825739,2422.0715929409994,1999.998975083508,1.999998975083508,ridge_entry
1750442700.0,1750442699.999999,ETH/USD,BUY,0.826928,2418.587764593,1999.9979429993602,1.9999979429993602,ridge_entry
1750443000.0,1750442999.999999,ETH/USD,BUY,0.82424,2426.476433381,1999.9989354499553,1.9999989354499554,ridge_entry
1750462800.0,1750462799.999999,ETH/USD,SELL,0.833216,2400.336962298,1999.9991623780902,1.9999991623780902,ridge_exit
1750463700.0,1750463699.999999,ETH/USD,SELL,0.832163,2403.373618602,1999.9986005766962,1.999998600576696,ridge_exit
1750465800.0,1750465799.999999,ETH/USD,SELL,0.829615,2410.755490341,1999.9989161192486,1.9999989161192486,ridge_exit
1750466100.0,1750466099.999999,ETH/USD,SELL,0.830792,2407.3392519989998,1999.998191846753,1.9999981918467529,ridge_exit
1750466400.0,1750466399.999999,ETH/USD,SELL,0.82979,2410.24605129,1999.9980708999294,1.9999980708999294,ridge_exit
1750466700.0,1750466699.999999,ETH/USD,SELL,0.828448,2414.151750681,1999.999189548173,1.999999189548173,ridge_exit
1750467300.0,1750467299.999999,ETH/USD,SELL,0.830375,2408.5479211199995,1999.9979800000194,1.9999979800000194,ridge_exit
1750467600.0,1750467599.999999,ETH/USD,SELL,0.83042,2408.418064107,1999.9985287957352,1.9999985287957351,ridge_exit
1750467900.0,1750467899.999999,ETH/USD,SELL,0.830599,2407.898636055,1999.998199208647,1.999998199208647,ridge_exit
1750541100.0,1750541099.999999,ETH/USD,BUY,0.865703,2310.2587227719996,1999.9979070798884,1.9999979070798883,ridge_entry
1750541400.0,1750541399.999999,ETH/USD,SELL,0.855583,2337.586058016,1999.9988922755035,1.9999988922755036,ridge_exit
1750541700.0,1750541699.999999,ETH/USD,BUY,0.876382,2282.1077879599998,1999.9981874279606,1.9999981874279606,ridge_entry
1750542000.0,1750541999.999999,ETH/USD,BUY,0.873998,2288.334630582,1999.999890459407,1.999999890459407,ridge_entry
1750542300.0,1750542299.999999,ETH/USD,BUY,0.869063,2301.3289098799996,1999.9998064070421,1.9999998064070421,ridge_entry
1750542600.0,1750542599.999999,ETH/USD,BUY,0.868269,2303.43122009,1999.997922036324,1.9999979220363242,ridge_entry
1750542900.0,1750542899.999999,ETH/USD,BUY,0.870502,2297.5247294999995,1999.9998720792084,1.9999998720792085,ridge_entry
1750543200.0,1750543199.999999,ETH/USD,BUY,0.875537,2284.31020818,1999.9981067392926,1.9999981067392927,ridge_entry
1750543500.0,1750543499.999999,ETH/USD,BUY,0.87368,2289.165543665,1999.998152189237,1.9999981521892372,ridge_entry
1750543800.0,1750543799.999999,ETH/USD,BUY,0.866766,2307.4256094889997,1999.9980658343425,1.9999980658343426,ridge_entry
1750544100.0,1750544099.999999,ETH/USD,BUY,0.868443,2302.9707140439996,1999.998795816513,1.999998795816513,ridge_entry
1750566900.0,1750566899.999999,ETH/USD,SELL,0.876363,2282.157091467,1999.9980351492945,1.9999980351492945,ridge_exit
1750567800.0,1750567799.999999,ETH/USD,SELL,0.877281,2279.769720228,1999.9986599313402,1.9999986599313402,ridge_exit
1750568100.0,1750568099.999999,ETH/USD,SELL,0.877231,2279.899577241,1999.9985860426996,1.9999985860426996,ridge_exit
1750568400.0,1750568399.999999,ETH/USD,SELL,0.877431,2279.380149189,1999.9988036830532,1.9999988036830532,ridge_exit
1750568700.0,1750568699.999999,ETH/USD,SELL,0.875092,2285.4734397989996,1999.9995233805862,1.9999995233805863,ridge_exit
1750569000.0,1750568999.999999,ETH/USD,SELL,0.87513,2285.373549789,1999.9989546268478,1.9999989546268477,ridge_exit
1750569300.0,1750569299.999999,ETH/USD,SELL,0.875115,2285.4135057930002,1999.9996401220415,1.9999996401220415,ridge_exit
1750569600.0,1750569599.999999,ETH/USD,SELL,0.873027,2290.87748934,1999.9979018860322,1.9999979018860323,ridge_exit
1750569900.0,1750569899.999999,ETH/USD,SELL,0.876145,2282.7264645239998,1999.9993782603797,1.9999993782603798,ridge_exit
1750586100.0,1750586099.999999,ETH/USD,BUY,0.888899,2249.9724747499995,1999.9982828327998,1.9999982828327998,ridge_entry
1750586400.0,1750586399.999999,ETH/USD,BUY,0.8911,2244.4163691949993,1999.999426589664,1.999999426589664,ridge_entry
1750586700.0,1750586699.999999,ETH/USD,BUY,0.889517,2248.4107585939996,1999.9995927522586,1.9999995927522587,ridge_entry
1750587000.0,1750586999.999999,ETH/USD,BUY,0.88693,2254.9679642489996,1999.9987365313652,1.9999987365313652,ridge_entry
1750587300.0,1750587299.999999,ETH/USD,BUY,0.886049,2257.210428473,1999.999042938073,1.999999042938073,ridge_entry
1750587600.0,1750587599.999999,ETH/USD,BUY,0.885856,2257.7009675219997,1999.9979482851686,1.9999979482851686,ridge_entry
1750587900.0,1750587899.999999,ETH/USD,BUY,0.885158,2259.4829256999997,1999.9993875467603,1.9999993875467603,ridge_entry
1750588200.0,1750588199.999999,ETH/USD,BUY,0.8861,2257.0802854599997,1999.9988409461057,1.9999988409461058,ridge_entry
1750588500.0,1750588499.999999,ETH/USD,BUY,0.885115,2259.5930467109997,1999.9996995396066,1.9999996995396065,ridge_entry
1750603200.0,1750603199.999999,BTC/USD,BUY,0.020077,99614.47546150099,1999.9598238405554,1.9999598238405554,ridge_entry
1750603500.0,1750603499.999999,BTC/USD,BUY,0.020151,99249.063914,1999.967886931014,1.999967886931014,ridge_entry
1750603800.0,1750603799.999999,BTC/USD,BUY,0.020118,99412.86391236198,1999.9879961888983,1.9999879961888982,ridge_entry
1750605300.0,1750605299.999999,BTC/USD,BUY,0.020089,99556.92221675199,1999.9990104123306,1.9999990104123306,ridge_entry
1750606200.0,1750606199.999999,BTC/USD,BUY,0.020129,99354.99031558099,1999.9166000623297,1.9999166000623299,ridge_entry
1750607100.0,1750607099.999999,BTC/USD,BUY,0.020121,99396.36578271398,1999.954275913988,1.999954275913988,ridge_entry
1750607700.0,1750607699.999999,BTC/USD,BUY,0.020137,99317.52914983899,1999.9570844903076,1.9999570844903076,ridge_entry
1750608000.0,1750607999.999999,BTC/USD,BUY,0.020198,99015.016721621,1999.905307743301,1.9999053077433009,ridge_entry
1750608300.0,1750608299.999999,BTC/USD,BUY,0.020168,99166.00263870298,1999.9799412173616,1.9999799412173616,ridge_entry
1750618500.0,1750618499.999999,BTC/USD,SELL,0.020092,99537.458198706,1999.9066101284006,1.9999066101284007,ridge_exit
1750619400.0,1750619399.999999,BTC/USD,SELL,0.020143,99289.691017902,1999.9922461736003,1.9999922461736004,ridge_exit
1750620000.0,1750619999.999999,BTC/USD,SELL,0.02018,99106.382860551,1999.9668061259192,1.9999668061259193,ridge_exit
1750620300.0,1750620299.999999,BTC/USD,SELL,0.0202,99008.041145706,1999.962431143261,1.999962431143261,ridge_exit
1750620600.0,1750620599.999999,BTC/USD,SELL,0.020205,98984.13746631301,1999.9744975068545,1.9999744975068545,ridge_exit
1750620900.0,1750620899.999999,BTC/USD,SELL,0.020181,99101.268492039,1999.962699437839,1.9999626994378392,ridge_exit
1750621200.0,1750621199.999999,BTC/USD,SELL,0.020176,99123.35417325,1999.912793799492,1.999912793799492,ridge_exit
1750621500.0,1750621499.999999,BTC/USD,SELL,0.020203,98991.908909091,1999.9335356903653,1.9999335356903654,ridge_exit
1750621800.0,1750621799.999999,BTC/USD,SELL,0.020235,98836.00058148301,1999.9464717663086,1.9999464717663087,ridge_exit
1750627500.0,1750627499.999999,ETH/USD,SELL,0.915359,2184.9341447340003,1999.99913378957,1.99999913378957,ridge_exit
1750628100.0,1750628099.999999,ETH/USD,SELL,0.91794,2178.790909119,1999.9993271166948,1.9999993271166947,ridge_exit
1750628400.0,1750628399.999999,ETH/USD,SELL,0.919149,2175.9240658320005,1999.9984291854173,1.9999984291854174,ridge_exit
1750628700.0,1750628699.999999,ETH/USD,SELL,0.915476,2184.654452706,1999.998719745478,1.999998719745478,ridge_exit
1750629000.0,1750628999.999999,ETH/USD,SELL,0.917763,2179.2104471610005,1999.9987176178213,1.9999987176178213,ridge_exit
1750629300.0,1750629299.999999,ETH/USD,SELL,0.918563,2177.312536971,1999.9987358976928,1.9999987358976927,ridge_exit
1750629600.0,1750629599.999999,ETH/USD,SELL,0.91882,2176.70320791,1999.998441491866,1.9999984414918661,ridge_exit
1750629900.0,1750629899.999999,ETH/USD,SELL,0.912913,2190.78769932,1999.998570949319,1.9999985709493189,ridge_exit
1751328000.0,,BTC/USD,SELL,0.0006239999999999614,107028.64956465001,66.78587732833748,0.06678587732833748,terminal_liquidation
1751328000.0,,ETH/USD,SELL,0.7004450000000081,2482.7362315469995,1739.020179705958,1.7390201797059581,terminal_liquidation
