timestamp,signal_timestamp,pair,side,quantity,price,notional,fee,reason
1735736100,1735736099.999999,ETH/USD,BUY,0.5971,3349.520758584,1999.9988449505063,1.9999988449505064,uptrend
1735736400,1735736399.999999,ETH/USD,BUY,0.596811,3351.1425407459997,1999.9987308851607,1.9999987308851608,uptrend
1735736700,1735736699.999999,ETH/USD,BUY,0.595821,3356.7086573019997,1999.9975089023349,1.999997508902335,uptrend
1735737000,1735736999.999999,BTC/USD,BUY,0.021325,93783.40775303499,1999.931170333471,1.999931170333471,uptrend
1735737300,1735737299.999999,BTC/USD,BUY,0.02133,93761.16330881299,1999.925613376981,1.999925613376981,uptrend
1735737600,1735737599.999999,BTC/USD,BUY,0.021325,93783.53789604799,1999.9339456332234,1.9999339456332235,uptrend
1735740900,1735740899.999999,BTC/USD,BUY,0.021197,94348.85912251798,1999.9127668200138,1.9999127668200138,uptrend
1735741200,1735741199.999999,BTC/USD,BUY,0.021215,94272.06473384699,1999.9818533285638,1.9999818533285638,uptrend
1735741500,1735741499.999999,BTC/USD,BUY,0.021214,94274.537451094,1999.940037487508,1.999940037487508,uptrend
1735741800,1735741799.999999,BTC/USD,BUY,0.021271,94023.31138099899,1999.9698563852296,1.9999698563852297,uptrend
1735742100,1735742099.999999,BTC/USD,BUY,0.0213,93892.68783995099,1999.914250990956,1.999914250990956,uptrend
1735742400,1735742399.999999,BTC/USD,BUY,0.021238,94167.439762396,1999.9280856737662,1.9999280856737662,uptrend
1735742700,1735742699.999999,BTC/USD,BUY,0.021233,94079.903569652,1997.5985924944207,1.9975985924944208,uptrend
1735763400,1735763399.999999,ETH/USD,BUY,0.595601,3357.950021426,1999.9983907113474,1.9999983907113474,uptrend
1735763700,1735763699.999999,ETH/USD,BUY,0.59558,3358.070153438,1999.999421984604,1.999999421984604,uptrend
1735764000,1735763999.999999,ETH/USD,BUY,0.595926,3356.1180082429996,1999.9979801802176,1.9999979801802177,uptrend
1735764300,1735764299.999999,ETH/USD,BUY,0.595436,3358.8810445189993,1999.9986936242146,1.9999986936242147,uptrend
1735764600,1735764599.999999,ETH/USD,BUY,0.594288,3365.3681731669994,1999.99792089507,1.99999792089507,uptrend
1735764900,1735764899.999999,ETH/USD,BUY,0.594339,3365.077854138,1999.9970067505246,1.9999970067505246,uptrend
1735765200,1735765199.999999,ETH/USD,BUY,0.559302,3364.1067870409997,1881.551654205605,1.881551654205605,uptrend
1735841100,1735841099.999999,ETH/USD,SELL,0.581465,3439.582637337,1999.9969182191587,1.9999969182191588,downtrend
1735841400,1735841399.999999,ETH/USD,SELL,0.579304,3452.418503622,1999.9998488222393,1.9999998488222392,downtrend
1735841700,1735841699.999999,ETH/USD,SELL,0.579854,3449.142111294,1999.998849802271,1.9999988498022712,downtrend
1735842000,1735841999.999999,ETH/USD,SELL,0.579211,3452.967898677,1999.9969895606039,1.999996989560604,downtrend
1735842300,1735842299.999999,ETH/USD,SELL,0.579141,3453.387436719,1999.9982534888784,1.9999982534888785,downtrend
1735842600,1735842599.999999,ETH/USD,SELL,0.57889,3454.885786869,1999.9988331605955,1.9999988331605956,downtrend
1735842900,1735842899.999999,ETH/USD,SELL,0.579735,3449.8513303649997,1999.999561009153,1.999999561009153,downtrend
1735843200,1735843199.999999,ETH/USD,SELL,0.579953,3448.5527602350003,1999.9985189565693,1.9999985189565694,downtrend
1735843500,1735843499.999999,ETH/USD,SELL,0.579486,3451.3297025130005,1999.9972439904484,1.9999972439904485,downtrend
1735843800,1735843799.999999,ETH/USD,SELL,0.578671,3456.1943459999998,1999.999438394166,1.999999438394166,downtrend
1735857900,1735857899.999999,BTC/USD,SELL,0.020658,96810.34105769401,1999.9080255698427,1.9999080255698427,downtrend
1735858200,1735858199.999999,BTC/USD,SELL,0.020649,96853.863135051,1999.935419875668,1.999935419875668,downtrend
1735858500,1735858499.999999,BTC/USD,SELL,0.020654,96833.385683001,1999.9967478967026,1.9999967478967027,downtrend
1735858800,1735858799.999999,BTC/USD,SELL,0.02066,96804.44754710399,1999.9798863231686,1.9999798863231686,downtrend
1735859100,1735859099.999999,BTC/USD,SELL,0.020639,96903.548426025,1999.99233596473,1.99999233596473,downtrend
1735859400,1735859399.999999,BTC/USD,SELL,0.02069,96662.47387589101,1999.946584492185,1.9999465844921849,downtrend
1735859700,1735859699.999999,BTC/USD,SELL,0.020673,96741.96634584901,1999.9466702677366,1.9999466702677366,downtrend
1735860000,1735859999.999999,BTC/USD,SELL,0.020661,96797.455246404,1999.932222845953,1.999932222845953,downtrend
1735860300,1735860299.999999,BTC/USD,SELL,0.020666,96774.99997215599,1999.9521494245757,1.9999521494245758,downtrend
1735860600,1735860599.999999,BTC/USD,SELL,0.020646,96866.858825352,1999.9131673082175,1.9999131673082176,downtrend
1735871400,1735871399.999999,ETH/USD,BUY,0.574915,3478.7727924949995,1999.9986599972624,1.9999986599972623,uptrend
1735871700,1735871699.999999,ETH/USD,BUY,0.575866,3473.0264779209997,1999.9978657344543,1.9999978657344544,uptrend
1735872000,1735871999.999999,ETH/USD,BUY,0.575758,3473.6771929859997,1999.997433279233,1.9999974332792332,uptrend
1735872300,1735872299.999999,ETH/USD,BUY,0.576384,3469.903045609,1999.996597040298,1.999996597040298,uptrend
1735872600,1735872599.999999,ETH/USD,BUY,0.576566,3468.8118465,1999.9989710891189,1.9999989710891188,uptrend
1735872900,1735872899.999999,ETH/USD,BUY,0.577271,3464.5771930769997,1999.9999408247527,1.9999999408247526,uptrend
1735873200,1735873199.999999,ETH/USD,BUY,0.57774,3461.7641017959995,1999.9995921716209,1.999999592171621,uptrend
1735873500,1735873499.999999,ETH/USD,BUY,0.577467,3463.3958949589996,1999.9968372742885,1.9999968372742885,uptrend
1735888800,1735888799.999999,ETH/USD,SELL,0.581795,3437.634782142,1999.9987280763046,1.9999987280763045,downtrend
1735889100,1735889099.999999,ETH/USD,SELL,0.582445,3433.799005758,1999.9990619087182,1.9999990619087182,downtrend
1735889400,1735889399.999999,ETH/USD,SELL,0.58276,3431.941051572,1999.9979672140985,1.9999979672140986,downtrend
1735889700,1735889699.999999,ETH/USD,SELL,0.58216,3435.477157926,1999.9973822582,1.9999973822582002,downtrend
1735890000,1735889999.999999,ETH/USD,SELL,0.583064,3430.1530203929997,1999.998740682424,1.9999987406824242,downtrend
1735890300,1735890299.999999,ETH/USD,SELL,0.58235,3434.358389814,1999.998608308183,1.999998608308183,downtrend
1735890600,1735890599.999999,ETH/USD,SELL,0.582308,3434.608114839,1999.9997821356685,1.9999997821356685,downtrend
1735890900,1735890899.999999,ETH/USD,SELL,0.582794,3431.741271552,1999.9982226128764,1.9999982226128763,downtrend
1735905300,1735905299.999999,ETH/USD,BUY,0.576138,3471.3846737569997,1999.9966231690105,1.9999966231690105,uptrend
1735905600,1735905599.999999,ETH/USD,BUY,0.576464,3469.4225175609995,1999.997182163284,1.999997182163284,uptrend
1735905900,1735905899.999999,ETH/USD,BUY,0.576995,3466.229008242,1999.9968066105928,1.9999968066105929,uptrend
1735906200,1735906199.999999,ETH/USD,BUY,0.575984,3472.3156968499993,1999.99828433445,1.9999982843344501,uptrend
1735906500,1735906499.999999,ETH/USD,BUY,0.575413,3475.759481194,1999.9971903522828,1.9999971903522828,uptrend
1735906800,1735906799.999999,ETH/USD,BUY,0.575735,3473.8173469999992,1999.9982302750445,1.9999982302750445,uptrend
1735907100,1735907099.999999,ETH/USD,BUY,0.576187,3471.094354728,1999.9994429676622,1.9999994429676622,uptrend
1735907400,1735907399.999999,ETH/USD,BUY,0.575171,3477.2210873399995,1999.9967300264348,1.9999967300264347,uptrend
1735907700,1735907699.999999,ETH/USD,BUY,0.575753,3473.7072259889997,1999.9973564848444,1.9999973564848446,uptrend
1735918500,1735918499.999999,BTC/USD,BUY,0.020518,97470.74974036399,1999.9048431727883,1.9999048431727884,uptrend
1735918800,1735918799.999999,BTC/USD,BUY,0.020499,97561.74973945398,1999.9183079090672,1.9999183079090672,uptrend
1735919100,1735919099.999999,BTC/USD,BUY,0.020504,97539.98582327999,1999.959869320533,1.9999598693205332,uptrend
1735919400,1735919399.999999,BTC/USD,BUY,0.020503,97544.240498705,1999.9495629449486,1.9999495629449486,uptrend
1735919700,1735919699.999999,BTC/USD,BUY,0.020497,97571.21013539899,1999.917094145273,1.999917094145273,uptrend
1735920000,1735919999.999999,BTC/USD,BUY,0.020485,97628.64324813598,1999.9227569380655,1.9999227569380655,uptrend
1735920300,1735920299.999999,BTC/USD,BUY,0.020462,97739.90551324999,1999.9539466121214,1.9999539466121214,uptrend
1735920600,1735920599.999999,BTC/USD,BUY,0.020502,97548.515196132,1999.939658551098,1.9999396585510982,uptrend
1735920900,1735920899.999999,BTC/USD,BUY,0.020462,97740.52619531198,1999.9666470084737,1.9999666470084738,uptrend
1735954500,1735954499.999999,ETH/USD,SELL,0.55725,3589.0480592999997,1999.997031044925,1.999997031044925,downtrend
1735954800,1735954799.999999,ETH/USD,SELL,0.557249,3589.0580483010003,1999.999008357684,1.9999990083576842,downtrend
1735955100,1735955099.999999,ETH/USD,SELL,0.557142,3589.7472893699996,1999.9989842941804,1.9999989842941805,downtrend
1735955400,1735955399.999999,ETH/USD,SELL,0.55739,3588.1490492099997,1999.9983985391618,1.9999983985391618,downtrend
1735955700,1735955699.999999,ETH/USD,SELL,0.556689,3592.664077662,1999.9965727295812,1.9999965727295812,downtrend
1735956000,1735955999.999999,ETH/USD,SELL,0.556742,3592.324451628,1999.997899848276,1.999997899848276,downtrend
1735956300,1735956299.999999,ETH/USD,SELL,0.557139,3589.767267372,1999.9993455763688,1.999999345576369,downtrend
1735956600,1735956599.999999,ETH/USD,SELL,0.557803,3585.491974944,1999.9981800996882,1.9999981800996882,downtrend
1735956900,1735956899.999999,ETH/USD,SELL,0.557556,3587.0802261030003,1999.9981025450845,1.9999981025450846,downtrend
1735986300,1735986299.999999,BTC/USD,SELL,0.020501,97555.80022432201,1999.9914603988254,1.9999914603988256,downtrend
1735986600,1735986599.999999,BTC/USD,SELL,0.020485,97628.669986617,1999.923304675849,1.9999233046758491,downtrend
1735986900,1735986899.999999,BTC/USD,SELL,0.02047,97701.010331859,1999.9396814931536,1.9999396814931536,downtrend
1735993500,1735993499.999999,ETH/USD,BUY,0.550769,3631.2803817289996,1999.9966645644993,1.9999966645644993,uptrend
1735993800,1735993799.999999,ETH/USD,BUY,0.549455,3639.9699305969993,1999.9996782161743,1.9999996782161744,uptrend
1735994100,1735994099.999999,ETH/USD,BUY,0.549569,3639.2090945209993,1999.996502866811,1.999996502866811,uptrend
1735994400,1735994399.999999,ETH/USD,BUY,0.549889,3637.0967733099997,1999.9995075786624,1.9999995075786623,uptrend
1735994700,1735994699.999999,ETH/USD,BUY,0.550663,3631.9811517989992,1999.9976369930923,1.9999976369930923,uptrend
1735995000,1735994999.999999,ETH/USD,BUY,0.550649,3632.0712508079996,1999.9964021861745,1.9999964021861745,uptrend
1735995300,1735995299.999999,ETH/USD,BUY,0.550151,3635.3648701369993,1999.9996186707401,1.99999961867074,uptrend
1735995600,1735995599.999999,ETH/USD,BUY,0.549521,3639.529446553,1999.9978609992513,1.9999978609992513,uptrend
1735995900,1735995899.999999,ETH/USD,BUY,0.550079,3635.8353871839995,1999.9966939467872,1.9999966939467873,uptrend
1736007300,1736007299.999999,ETH/USD,SELL,0.554041,3609.835170381,1999.9966876330595,1.9999966876330595,downtrend
1736007600,1736007599.999999,ETH/USD,SELL,0.553183,3615.438999942,1999.9993923049153,1.9999993923049153,downtrend
1736007900,1736007899.999999,ETH/USD,SELL,0.552535,3619.674336366,1999.9967594439877,1.9999967594439878,downtrend
1736008200,1736008199.999999,ETH/USD,SELL,0.552906,3617.247009123,1999.9975748261616,1.9999975748261616,downtrend
1736008500,1736008499.999999,ETH/USD,SELL,0.554525,3606.6886350659997,1999.9990153599736,1.9999990153599736,downtrend
1736008800,1736008799.999999,ETH/USD,SELL,0.553041,3616.367977035,1999.9997623874135,1.9999997623874135,downtrend
1736009100,1736009099.999999,ETH/USD,SELL,0.553281,3614.799703878,1999.9999949613239,1.9999999949613239,downtrend
1736009400,1736009399.999999,ETH/USD,SELL,0.552954,3616.937350092,1999.9999754827716,1.9999999754827715,downtrend
1736009700,1736009699.999999,ETH/USD,SELL,0.55231,3621.152708514,1999.9988524393673,1.9999988524393673,downtrend
1736024100,1736024099.999999,BTC/USD,BUY,0.020261,98710.48207120098,1999.9730772446032,1.9999730772446034,uptrend
1736024400,1736024399.999999,BTC/USD,BUY,0.020261,98707.488781902,1999.9124302101163,1.9999124302101163,uptrend
1736024700,1736024699.999999,BTC/USD,BUY,0.020237,98825.12805465299,1999.9241164420127,1.9999241164420127,uptrend
1736025000,1736024999.999999,ETH/USD,BUY,0.546037,3662.754968872999,1999.9997349385058,1.9999997349385057,uptrend
1736025300,1736025299.999999,ETH/USD,BUY,0.545962,3663.2555189229993,1999.9983096222384,1.9999983096222385,uptrend
1736025600,1736025599.999999,ETH/USD,BUY,0.545187,3668.461239442999,1999.9973777482103,1.9999973777482103,uptrend
1736025900,1736025899.999999,ETH/USD,BUY,0.544793,3671.1141547079997,1999.997293685835,1.999997293685835,uptrend
1736026200,1736026199.999999,ETH/USD,BUY,0.545248,3668.050788402,1999.9973562746134,1.9999973562746134,uptrend
1736026500,1736026499.999999,ETH/USD,BUY,0.544937,3670.143087611,1999.9967637334755,1.9999967637334755,uptrend
1736026800,1736026799.999999,ETH/USD,BUY,0.545204,3668.3511184319996,1999.9997031736,1.9999997031736,uptrend
1736027100,1736027099.999999,ETH/USD,BUY,0.545832,3664.1264760099994,1999.99748265349,1.9999974826534899,uptrend
1736027400,1736027399.999999,ETH/USD,BUY,0.546216,3661.553648753,1999.9991878072688,1.9999991878072687,uptrend
1736042100,1736042099.999999,ETH/USD,SELL,0.551071,3629.293744329,1999.9985329811263,1.9999985329811263,downtrend
1736042400,1736042399.999999,ETH/USD,SELL,0.550541,3632.789894679,1999.9997814064711,1.9999997814064712,downtrend
1736042700,1736042699.999999,ETH/USD,SELL,0.550419,3633.5890147590003,1999.996431914634,1.9999964319146342,downtrend
1736043000,1736042999.999999,ETH/USD,SELL,0.549872,3637.205033121,1999.9972059723104,1.9999972059723106,downtrend
1736043300,1736043299.999999,ETH/USD,SELL,0.549644,3638.713372272,1999.9969727890712,1.9999969727890712,downtrend
1736043600,1736043599.999999,ETH/USD,SELL,0.550084,3635.806572981,1999.9990228916804,1.9999990228916804,downtrend
1736043900,1736043899.999999,ETH/USD,SELL,0.549601,3639.0030533010004,1999.999717097283,1.9999997170972832,downtrend
1736044200,1736044199.999999,ETH/USD,SELL,0.549822,3637.534670154,1999.9965874134127,1.9999965874134127,downtrend
1736044500,1736044499.999999,ETH/USD,SELL,0.550345,3634.078475808,1999.9969187685535,1.9999969187685536,downtrend
1736067000,1736066999.999999,BTC/USD,SELL,0.020466,97720.239158784,1999.9424146236734,1.9999424146236735,downtrend
1736067300,1736067299.999999,BTC/USD,SELL,0.020462,97738.439118606,1999.923941244916,1.9999239412449161,downtrend
1736067600,1736067599.999999,BTC/USD,SELL,0.020459,97753.40264210399,1999.9368646548057,1.9999368646548057,downtrend
1736067900,1736067899.999999,BTC/USD,SELL,0.020464,97730.767565838,1999.9624274673088,1.999962427467309,downtrend
1736068200,1736068199.999999,BTC/USD,SELL,0.020462,97741.266005889,1999.981785012501,1.999981785012501,downtrend
1736068500,1736068499.999999,BTC/USD,SELL,0.02045,97796.52515942101,1999.9389395101596,1.9999389395101597,downtrend
1736068800,1736068799.999999,BTC/USD,SELL,0.02045,97796.52515942101,1999.9389395101596,1.9999389395101597,downtrend
1736069100,1736069099.999999,BTC/USD,SELL,0.020464,97730.507851812,1999.9571126794808,1.9999571126794808,downtrend
1736069400,1736069399.999999,BTC/USD,SELL,0.020468,97711.728529932,1999.9636595506483,1.9999636595506485,downtrend
1736094300,1736094299.999999,ETH/USD,BUY,0.54953,3639.469380546999,1999.9976086919924,1.9999976086919924,uptrend
1736094600,1736094599.999999,ETH/USD,BUY,0.549662,3638.5984234599996,1999.9992866358702,1.9999992866358702,uptrend
1736094900,1736094899.999999,ETH/USD,BUY,0.550868,3630.629666663999,1999.997703215864,1.999997703215864,uptrend
1736110500,1736110499.999999,BTC/USD,BUY,0.020339,98329.99395619398,1999.9337470750293,1.9999337470750294,uptrend
1736110800,1736110799.999999,BTC/USD,BUY,0.020328,98383.823108571,1999.946356151031,1.9999463561510311,uptrend
1736111100,1736111099.999999,BTC/USD,BUY,0.020319,98428.92266807599,1999.977279692636,1.999977279692636,uptrend
1736111400,1736111399.999999,BTC/USD,BUY,0.020317,98435.50990673398,1999.9142547751144,1.9999142547751145,uptrend
1736111700,1736111699.999999,BTC/USD,BUY,0.020303,98505.17646269298,1999.9505977220558,1.999950597722056,uptrend
1736112000,1736111999.999999,BTC/USD,BUY,0.020308,98478.93762907198,1999.9102653711936,1.9999102653711938,uptrend
1736112300,1736112299.999999,BTC/USD,BUY,0.020298,98528.20176499298,1999.9254394258273,1.9999254394258275,uptrend
1736126700,1736126699.999999,ETH/USD,SELL,0.553293,3614.7197918699994,1999.9991578031277,1.9999991578031278,downtrend
1736127000,1736126999.999999,ETH/USD,SELL,0.552561,3619.504523349,1999.9970389262467,1.9999970389262467,downtrend
1736127300,1736127299.999999,ETH/USD,SELL,0.55236,3620.8230714809997,1999.997831763245,1.999997831763245,downtrend
1736130600,1736130599.999999,ETH/USD,BUY,0.545285,3667.8005133769993,1999.9966029367772,1.9999966029367773,uptrend
1736130900,1736130899.999999,ETH/USD,BUY,0.543508,3679.7936925749996,1999.9973102640529,1.999997310264053,uptrend
1736131200,1736131199.999999,BTC/USD,BUY,0.020177,99121.39361824699,1999.9723590353697,1.9999723590353697,uptrend
1736131500,1736131499.999999,BTC/USD,BUY,0.020207,98970.76809720098,1999.9023109401403,1.9999023109401404,uptrend
1736131800,1736131799.999999,ETH/USD,BUY,0.544243,3674.8282360789995,1999.999543688343,1.999999543688343,uptrend
1736132100,1736132099.999999,ETH/USD,BUY,0.54522,3668.240997421,1999.9983566138778,1.999998356613878,uptrend
1736132400,1736132399.999999,ETH/USD,BUY,0.546078,3662.474660844999,1999.9968378449153,1.9999968378449153,uptrend
1736132700,1736132699.999999,ETH/USD,BUY,0.545938,3663.4156949389994,1999.9978376636077,1.9999978376636078,uptrend
1736133000,1736132999.999999,ETH/USD,BUY,0.544823,3670.9139346879997,1999.99834263852,1.99999834263852,uptrend
1736133300,1736133299.999999,ETH/USD,BUY,0.544966,3669.9528785919997,1999.9995404347676,1.9999995404347677,uptrend
1736133600,1736133599.999999,ETH/USD,BUY,0.545211,3668.3010634269995,1999.9980910920979,1.9999980910920978,uptrend
1736149500,1736149499.999999,ETH/USD,SELL,0.548541,3646.035310005,1999.9998549854527,1.9999998549854527,downtrend
1736149800,1736149799.999999,ETH/USD,SELL,0.547954,3649.941009396,1999.999775862576,1.999999775862576,downtrend
1736150100,1736150099.999999,ETH/USD,SELL,0.548174,3648.472626249,1999.9978334214195,1.9999978334214195,downtrend
1736150400,1736150399.999999,ETH/USD,SELL,0.548435,3646.734540075,1999.9968574860327,1.9999968574860327,downtrend
1736150700,1736150699.999999,ETH/USD,SELL,0.547202,3654.955487898,1999.998952888761,1.9999989528887612,downtrend
1736151000,1736150999.999999,ETH/USD,SELL,0.547709,3651.5692165590003,1999.9973240323136,1.9999973240323137,downtrend
1736151300,1736151299.999999,ETH/USD,SELL,0.547687,3651.719051574,1999.9990521994093,1.9999990521994093,downtrend
1736151600,1736151599.999999,ETH/USD,SELL,0.548583,3645.755617977,1999.9995541766766,1.9999995541766766,downtrend
1736151900,1736151899.999999,ETH/USD,SELL,0.549069,3642.529170654,1999.9998492018212,1.9999998492018212,downtrend
1736176800,1736176799.999999,ETH/USD,BUY,0.540703,3698.8846714819997,1999.9980385243318,1.999998038524332,uptrend
1736177100,1736177099.999999,ETH/USD,BUY,0.541615,3692.6578288599994,1999.9988699780085,1.9999988699780087,uptrend
1736177400,1736177399.999999,ETH/USD,BUY,0.540587,3699.6755405609997,1999.9965014452494,1.9999965014452494,uptrend
1736177700,1736177699.999999,ETH/USD,BUY,0.540574,3699.765639569999,1999.9971108449126,1.9999971108449126,uptrend
1736178000,1736177999.999999,ETH/USD,BUY,0.541912,3690.6356066579992,1999.9997228752495,1.9999997228752495,uptrend
1736178300,1736178299.999999,ETH/USD,BUY,0.541512,3693.35859893,1999.998001623782,1.9999980016237822,uptrend
1736178600,1736178599.999999,ETH/USD,BUY,0.5419,3690.7156946659993,1999.9988349395053,1.9999988349395053,uptrend
1736178900,1736178899.999999,ETH/USD,BUY,0.538562,3713.5908319509995,1999.9989056371942,1.9999989056371943,uptrend
1736179200,1736179199.999999,ETH/USD,BUY,0.537846,3718.536266444999,1999.999856762377,1.9999998567623771,uptrend
1736187300,1736187299.999999,ETH/USD,SELL,0.54452,3672.9556677,1999.997820176004,1.9999978201760042,downtrend
1736187600,1736187599.999999,ETH/USD,SELL,0.544005,3676.431840048,1999.9973031453121,1.9999973031453122,downtrend
1736187900,1736187899.999999,ETH/USD,SELL,0.543533,3679.628320368,1999.9994198545803,1.9999994198545803,downtrend
1736188200,1736188199.999999,ETH/USD,SELL,0.543211,3681.805922586,1999.9974770138638,1.9999974770138638,downtrend
1736188500,1736188499.999999,ETH/USD,SELL,0.543074,3682.7348996789997,1999.9975729082728,1.9999975729082728,downtrend
1736188800,1736188799.999999,ETH/USD,SELL,0.542603,3685.931379999,1999.9974245815972,1.9999974245815972,downtrend
1736189100,1736189099.999999,ETH/USD,SELL,0.54303,3683.034569709,1999.9982623890785,1.9999982623890786,downtrend
1736189400,1736189399.999999,ETH/USD,SELL,0.544733,3671.517251556,1999.9966069918546,1.9999966069918547,downtrend
1736189700,1736189699.999999,ETH/USD,SELL,0.543634,3678.9390792990002,1999.9963674356325,1.9999963674356325,downtrend
1736250300,1736250299.999999,BTC/USD,SELL,0.019889,100555.946729667,1999.957224506347,1.999957224506347,downtrend
1736250600,1736250599.999999,BTC/USD,SELL,0.019911,100443.40065540001,1999.9285504496697,1.9999285504496698,downtrend
1736250900,1736250899.999999,BTC/USD,SELL,0.019874,100629.226041003,1999.9052383388935,1.9999052383388936,downtrend
1736251200,1736251199.999999,BTC/USD,SELL,0.019857,100719.956137086,1999.9961690141167,1.9999961690141168,downtrend
1736251500,1736251499.999999,BTC/USD,SELL,0.019845,100780.42954914,1999.9876244026834,1.9999876244026835,downtrend
1736251800,1736251799.999999,BTC/USD,SELL,0.019858,100714.472175537,1999.9879884618138,1.9999879884618137,downtrend
1736252100,1736252099.999999,BTC/USD,SELL,0.019879,100607.310172809,1999.97271892527,1.99997271892527,downtrend
1736252400,1736252399.999999,BTC/USD,SELL,0.019876,100622.233740303,1999.9675178222624,1.9999675178222625,downtrend
1736252700,1736252699.999999,BTC/USD,SELL,0.019881,100597.46101782299,1999.9781224953388,1.9999781224953388,downtrend
1736292900,1736292899.999999,BTC/USD,BUY,0.020565,97249.686816282,1999.9398093768393,1.9999398093768395,uptrend
1736297700,1736297699.999999,ETH/USD,BUY,0.585876,3413.6912749939997,1999.9997894283845,1.9999997894283845,uptrend
1736298000,1736297999.999999,ETH/USD,BUY,0.585572,3415.463222171,1999.9996299331167,1.9999996299331166,uptrend
1736298300,1736298299.999999,ETH/USD,BUY,0.587448,3404.5512310809995,1999.996811596071,1.9999968115960711,uptrend
1736298600,1736298599.999999,ETH/USD,BUY,0.586545,3409.7969956049997,1999.9993787871344,1.9999993787871344,uptrend
1736298900,1736298899.999999,ETH/USD,BUY,0.588329,3399.455631571999,1999.9983322671228,1.9999983322671229,uptrend
1736299200,1736299199.999999,ETH/USD,BUY,0.587839,3402.288744855,1999.9980134868183,1.9999980134868183,uptrend
1736299500,1736299499.999999,ETH/USD,BUY,0.587607,3403.6302189889993,1999.9969420894688,1.9999969420894688,uptrend
1736299800,1736299799.999999,ETH/USD,BUY,0.588612,3397.823838409,1999.9998851735984,1.9999998851735985,uptrend
1736300100,1736300099.999999,ETH/USD,BUY,0.587321,3405.292045155,1999.9995292524795,1.9999995292524795,uptrend
1736307000,1736306999.999999,ETH/USD,SELL,0.593148,3371.837232555,1999.998510815533,1.9999985108155331,downtrend
1736307300,1736307299.999999,ETH/USD,SELL,0.592569,3375.133602885,1999.9995439279617,1.9999995439279616,downtrend
1736307600,1736307599.999999,ETH/USD,SELL,0.594863,3362.117934582,1999.9995609192524,1.9999995609192525,downtrend
1736307900,1736307899.999999,ETH/USD,SELL,0.594877,3362.038022574,1999.9990927547533,1.9999990927547533,downtrend
1736308200,1736308199.999999,ETH/USD,SELL,0.595788,3356.8936870590005,1999.9969760255078,1.9999969760255079,downtrend
1736308500,1736308499.999999,ETH/USD,SELL,0.598331,3342.629393631,1999.9987877206297,1.9999987877206298,downtrend
1736308800,1736308799.999999,BTC/USD,SELL,0.020742,96419.03193252,1999.9235603443299,1.99992356034433,downtrend
1736309100,1736309099.999999,ETH/USD,SELL,0.597608,3346.674939036,1999.999716967426,1.999999716967426,downtrend
1736309400,1736309399.999999,ETH/USD,SELL,0.594758,3362.707285641,1999.99705979327,1.99999705979327,downtrend
1736309700,1736309699.999999,ETH/USD,SELL,0.594741,3362.8071756510003,1999.9993024538514,1.9999993024538514,downtrend
1736325600,1736325599.999999,ETH/USD,BUY,0.592826,3373.6672929959996,1999.9976866376462,1.9999976866376463,uptrend
1736325900,1736325899.999999,ETH/USD,BUY,0.592259,3376.9008463189994,1999.9999183400441,1.999999918340044,uptrend
1736326200,1736326199.999999,ETH/USD,BUY,0.59261,3374.8986461189993,1999.99868667658,1.9999986866765802,uptrend
1736326500,1736326499.999999,ETH/USD,BUY,0.592796,3373.8374800129995,1999.997362801786,1.999997362801786,uptrend
1736326800,1736326799.999999,ETH/USD,BUY,0.593501,3369.833079613,1999.9993025833949,1.9999993025833949,uptrend
1736327100,1736327099.999999,ETH/USD,BUY,0.592599,3374.9587121249997,1999.9971578465627,1.9999971578465627,uptrend
1736327400,1736327399.999999,ETH/USD,BUY,0.592888,3373.3169079609997,1999.9991149271812,1.9999991149271812,uptrend
1736327700,1736327699.999999,ETH/USD,BUY,0.59296,3372.906456919999,1999.9986126952829,1.999998612695283,uptrend
1736328000,1736327999.999999,ETH/USD,BUY,0.592278,3376.7907253079998,1999.9988572039713,1.9999988572039713,uptrend
1736328300,1736328299.999999,ETH/USD,BUY,0.592814,3373.737370003,1999.9987452609582,1.9999987452609582,uptrend
1736337300,1736337299.999999,ETH/USD,SELL,0.598056,3344.167699785,1999.999557862618,1.9999995578626182,downtrend
1736337600,1736337599.999999,ETH/USD,SELL,0.597711,3346.0955769780003,1999.9981334110976,1.9999981334110977,downtrend
1736337900,1736337899.999999,ETH/USD,SELL,0.597317,3348.3031461989995,1999.9983903781476,1.9999983903781478,downtrend
1736338200,1736338199.999999,ETH/USD,SELL,0.596404,3353.4275037119996,1999.9975769238515,1.9999975769238516,downtrend
1736338500,1736338499.999999,ETH/USD,SELL,0.596518,3352.788207648,1999.9985160497697,1.9999985160497697,downtrend
1736338800,1736338799.999999,ETH/USD,SELL,0.597178,3349.082288277,1999.9982627486822,1.9999982627486823,downtrend
1736339100,1736339099.999999,ETH/USD,SELL,0.597581,3346.824774051,1999.9988953021707,1.9999988953021708,downtrend
1736339400,1736339399.999999,ETH/USD,SELL,0.597244,3348.7126952400004,1999.9985649559187,1.9999985649559187,downtrend
1736352600,1736352599.999999,ETH/USD,SELL,0.599628,3335.397356907,1999.9976463274306,1.9999976463274307,downtrend
1736375100,1736375099.999999,ETH/USD,BUY,0.601459,3325.244081159,1999.9979798098109,1.9999979798098109,uptrend
1736375400,1736375399.999999,BTC/USD,BUY,0.021077,94890.023803575,1999.99703170795,1.99999703170795,uptrend
1736375700,1736375699.999999,BTC/USD,BUY,0.021051,95006.63194322298,1999.9846090367869,1.999984609036787,uptrend
1736376000,1736375999.999999,BTC/USD,BUY,0.021022,95136.60476920598,1999.961705458248,1.999961705458248,uptrend
1736376300,1736376299.999999,BTC/USD,BUY,0.020972,95364.365052957,1999.9814638906144,1.9999814638906144,uptrend
1736376600,1736376599.999999,BTC/USD,BUY,0.021011,95183.82666092298,1999.9073819726525,1.9999073819726525,uptrend
1736376900,1736376899.999999,BTC/USD,BUY,0.021003,95220.47693558398,1999.9156770780705,1.9999156770780706,uptrend
1736377200,1736377199.999999,BTC/USD,BUY,0.020965,95395.75955209299,1999.9720990096296,1.9999720990096297,uptrend
1736377500,1736377499.999999,BTC/USD,BUY,0.021027,95115.151194063,1999.9862841575627,1.9999862841575629,uptrend
1736377800,1736377799.999999,BTC/USD,BUY,0.021018,95153.39321788299,1999.9340186534644,1.9999340186534644,uptrend
1736378100,1736378099.999999,ETH/USD,BUY,0.601528,3324.8636631209997,1999.9985895498485,1.9999985895498484,uptrend
1736378400,1736378399.999999,ETH/USD,BUY,0.601497,3325.0338501379997,1999.9978857564563,1.9999978857564564,uptrend
1736378700,1736378699.999999,ETH/USD,BUY,0.600821,3328.7779645119995,1999.9997054160642,1.9999997054160643,uptrend
1736379000,1736378999.999999,ETH/USD,BUY,0.600996,3327.8068974149996,1999.998634118825,1.9999986341188252,uptrend
1736379300,1736379299.999999,ETH/USD,BUY,0.601821,3323.241880959,1999.9967520406265,1.9999967520406265,uptrend
1736379600,1736379599.999999,ETH/USD,BUY,0.600133,3332.5921558929995,1999.9985282925336,1.9999985282925337,uptrend
1736379900,1736379899.999999,ETH/USD,BUY,0.599848,3334.173894051,1999.9975419987043,1.9999975419987044,uptrend
1736380200,1736380199.999999,ETH/USD,BUY,0.599911,3333.8235090159997,1999.9973951172972,1.9999973951172971,uptrend
1736390100,1736390099.999999,BTC/USD,SELL,0.021219,94252.637373642,1999.9467124313096,1.9999467124313097,downtrend
1736390400,1736390399.999999,BTC/USD,SELL,0.021199,94343.487337737,1999.9875880726865,1.9999875880726865,downtrend
1736390700,1736390699.999999,BTC/USD,SELL,0.021119,94701.283364556,1999.9964033760582,1.9999964033760582,downtrend
1736391000,1736390999.999999,BTC/USD,SELL,0.021147,94574.74269988801,1999.9720838745318,1.9999720838745318,downtrend
1736391300,1736391299.999999,BTC/USD,SELL,0.021143,94590.94485951001,1999.93634716462,1.99993634716462,downtrend
1736391600,1736391599.999999,BTC/USD,SELL,0.021125,94672.7547777,1999.9619446789127,1.9999619446789128,downtrend
1736391900,1736391899.999999,BTC/USD,SELL,0.021173,94459.58949636001,1999.9928884064307,1.9999928884064306,downtrend
1736392200,1736392199.999999,BTC/USD,SELL,0.021224,94230.35191241099,1999.9449889890109,1.9999449889890109,downtrend
1736392500,1736392499.999999,BTC/USD,SELL,0.021217,94259.85942136499,1999.911437343101,1.999911437343101,downtrend
1736396400,1736396399.999999,ETH/USD,SELL,0.603703,3312.882148653,1999.996891788262,1.999996891788262,downtrend
1736396700,1736396699.999999,ETH/USD,SELL,0.603258,3315.329453898,1999.9990156995996,1.9999990156995997,downtrend
1736397000,1736396999.999999,ETH/USD,SELL,0.602944,3317.057551071,1999.9999480729532,1.9999999480729533,downtrend
1736397300,1736397299.999999,ETH/USD,SELL,0.602318,3320.503756416,1999.9991815569724,1.9999991815569724,downtrend
1736397600,1736397599.999999,ETH/USD,SELL,0.60109,3327.2862880949997,1999.9985149110234,1.9999985149110235,downtrend
1736397900,1736397899.999999,ETH/USD,SELL,0.601005,3327.755771142,1999.9978572351977,1.9999978572351977,downtrend
1736398200,1736398199.999999,ETH/USD,SELL,0.601514,3324.9388728599997,1999.99728116951,1.99999728116951,downtrend
1736398500,1736398499.999999,ETH/USD,SELL,0.600949,3328.065430173,1999.997592197034,1.999997592197034,downtrend
1736408100,1736408099.999999,ETH/USD,SELL,0.609205,3282.965090658,1999.9987480543068,1.9999987480543069,downtrend
1736437800,1736437799.999999,BTC/USD,BUY,0.02121,94292.34702187299,1999.9406803339261,1.9999406803339261,uptrend
1736438100,1736438099.999999,BTC/USD,BUY,0.021123,94679.0419575,1999.9054032682725,1.9999054032682726,uptrend
1736438400,1736438399.999999,BTC/USD,BUY,0.021198,94347.69784640199,1999.9824989480296,1.9999824989480297,uptrend
1736438700,1736438699.999999,BTC/USD,BUY,0.02118,94425.86374221,1999.939794060008,1.9999397940600079,uptrend
1736439000,1736438999.999999,BTC/USD,BUY,0.021116,94712.829085875,1999.9560989773363,1.9999560989773364,uptrend
1736439300,1736439299.999999,BTC/USD,BUY,0.021161,94510.10631562499,1999.9283597449403,1.9999283597449404,uptrend
1736439600,1736439599.999999,BTC/USD,BUY,0.021194,94363.61533799199,1999.9424634734023,1.9999424634734024,uptrend
1736439900,1736439899.999999,BTC/USD,BUY,0.021225,94226.37452528298,1999.9547992991313,1.9999547992991313,uptrend
1736440200,1736440199.999999,BTC/USD,BUY,0.021247,94130.53921270999,1999.9915666524491,1.9999915666524493,uptrend
1736440500,1736440499.999999,ETH/USD,BUY,0.606539,3297.393476377,1999.9977417682292,1.9999977417682293,uptrend
1736440800,1736440799.999999,ETH/USD,BUY,0.605394,3303.6303299999995,1999.9979800000197,1.9999979800000196,uptrend
1736441100,1736441099.999999,ETH/USD,BUY,0.604753,3307.13418035,1999.9993169692034,1.9999993169692034,uptrend
1736441400,1736441399.999999,ETH/USD,BUY,0.604526,3308.375544473999,1999.9990343986888,1.9999990343986889,uptrend
1736441700,1736441699.999999,ETH/USD,BUY,0.603397,3314.5623430919995,1999.9969741346831,1.9999969741346832,uptrend
1736442000,1736441999.999999,ETH/USD,BUY,0.60489,3306.3833552749993,1999.9982277722945,1.9999982277722945,uptrend
1736442300,1736442299.999999,ETH/USD,BUY,0.606221,3299.1253795499997,1999.9990867161805,1.9999990867161805,uptrend
1736442600,1736442599.999999,ETH/USD,BUY,0.606819,3295.871804225,1999.99763236801,1.99999763236801,uptrend
1736442900,1736442899.999999,ETH/USD,BUY,0.607116,3294.2600330639993,1999.997974233683,1.999997974233683,uptrend
1736446200,1736446199.999999,ETH/USD,SELL,0.614193,3256.304446989,1999.9993972095149,1.999999397209515,downtrend
1736446500,1736446499.999999,BTC/USD,SELL,0.021587,92647.135209915,1999.9737077764348,1.9999737077764348,downtrend
1736446800,1736446799.999999,BTC/USD,SELL,0.021635,92439.304055109,1999.9243432322833,1.9999243432322833,downtrend
1736447100,1736447099.999999,BTC/USD,SELL,0.021561,92758.64242807799,1999.9690893917896,1.9999690893917896,downtrend
1736447400,1736447399.999999,BTC/USD,SELL,0.021585,92653.987664601,1999.9363237404125,1.9999363237404126,downtrend
1736447700,1736447699.999999,BTC/USD,SELL,0.021527,92906.559554886,1999.999507538031,1.999999507538031,downtrend
1736448000,1736447999.999999,BTC/USD,SELL,0.021502,93011.713768413,1999.9378694484164,1.9999378694484164,downtrend
1736448300,1736448299.999999,BTC/USD,SELL,0.021525,92912.622878493,1999.9442074595618,1.999944207459562,downtrend
1736448600,1736448599.999999,BTC/USD,SELL,0.021514,92961.648895401,1999.9769143356568,1.999976914335657,downtrend
1736448900,1736448899.999999,BTC/USD,SELL,0.021526,92908.377553068,1999.9457352073418,1.999945735207342,downtrend
1736449200,1736449199.999999,ETH/USD,SELL,0.61414,3256.5841390170003,1999.9985831359006,1.9999985831359006,downtrend
1736449500,1736449499.999999,ETH/USD,SELL,0.615562,3249.062421264,1999.9993621581104,1.9999993621581105,downtrend
1736449800,1736449799.999999,ETH/USD,SELL,0.613519,3259.8805093469996,1999.998630214062,1.999998630214062,downtrend
1736450100,1736450099.999999,ETH/USD,SELL,0.613044,3262.4077266,1999.9994823457705,1.9999994823457705,downtrend
1736450400,1736450399.999999,ETH/USD,SELL,0.614076,3256.9237650510004,1999.9987179474579,1.9999987179474579,downtrend
1736450700,1736450699.999999,ETH/USD,SELL,0.616806,3242.509636608,1999.999398917634,1.999999398917634,downtrend
1736451000,1736450999.999999,ETH/USD,SELL,0.617068,3241.1311544699997,1999.9983192264935,1.9999983192264936,downtrend
1736451300,1736451299.999999,ETH/USD,SELL,0.616041,3246.535204011,1999.9987936141404,1.9999987936141403,downtrend
1736464500,1736464499.999999,ETH/USD,BUY,0.619611,3227.827030428,1999.9971341505236,1.9999971341505236,uptrend
1736464800,1736464799.999999,ETH/USD,BUY,0.620506,3223.171914963,1999.9975122660312,1.9999975122660312,uptrend
1736465100,1736465099.999999,BTC/USD,BUY,0.021624,92488.6349387,1999.9742419144488,1.9999742419144488,uptrend
1736465400,1736465399.999999,BTC/USD,BUY,0.021661,92328.81931873599,1999.9345552631403,1.9999345552631402,uptrend
1736465700,1736465699.999999,ETH/USD,BUY,0.621212,3219.5078885969997,1999.9969344911194,1.9999969344911195,uptrend
1736466000,1736465999.999999,BTC/USD,BUY,0.021662,92324.63472031798,1999.936237311528,1.999936237311528,uptrend
1736466300,1736466299.999999,ETH/USD,BUY,0.621837,3216.2743352739994,1999.9983838237779,1.999998383823778,uptrend
1736466600,1736466599.999999,ETH/USD,BUY,0.62152,3217.916139438,1999.9992389835056,1.9999992389835057,uptrend
1736466900,1736466899.999999,ETH/USD,BUY,0.620703,3222.1507928609994,1999.9986635812008,1.9999986635812008,uptrend
1736467200,1736467199.999999,ETH/USD,BUY,0.620589,3222.7414419199995,1999.9978886996903,1.9999978886996903,uptrend
1736470500,1736470499.999999,BTC/USD,BUY,0.021528,92899.13603470499,1999.9326005551288,1.9999326005551288,uptrend
1736470800,1736470799.999999,BTC/USD,BUY,0.021533,92877.91271258499,1999.9400944400927,1.9999400944400927,uptrend
1736471100,1736471099.999999,BTC/USD,BUY,0.021511,92975.41986232498,1999.9942566584725,1.9999942566584725,uptrend
1736471400,1736471399.999999,BTC/USD,BUY,0.021567,92730.37057984699,1999.91590229556,1.9999159022955602,uptrend
1736471700,1736471699.999999,BTC/USD,BUY,0.021521,92931.57167794499,1999.980354081054,1.9999803540810541,uptrend
1736472000,1736471999.999999,BTC/USD,BUY,0.021529,92894.79126027098,1999.931961042374,1.999931961042374,uptrend
1736476200,1736476199.999999,ETH/USD,BUY,0.614018,3257.229340365,1999.9974451122364,1.9999974451122364,uptrend
1736476500,1736476499.999999,ETH/USD,BUY,0.614099,3256.7988673219998,1999.9969276235727,1.9999969276235727,uptrend
1736516700,1736516699.999999,BTC/USD,SELL,0.021402,93445.1065548,1999.9121704858298,1.9999121704858298,downtrend
1736517000,1736516999.999999,BTC/USD,SELL,0.021416,93387.31019501401,1999.9826351364202,1.9999826351364203,downtrend
1736517300,1736517299.999999,BTC/USD,SELL,0.021353,93663.546028668,1999.9976983501479,1.999997698350148,downtrend
1736517600,1736517599.999999,BTC/USD,SELL,0.0214,93454.32640272299,1999.9225850182718,1.9999225850182718,downtrend
1736517900,1736517899.999999,BTC/USD,SELL,0.02136,93628.694404179,1999.9089124732634,1.9999089124732634,downtrend
1736518200,1736518199.999999,BTC/USD,SELL,0.021315,93829.313500263,1999.9718172581058,1.9999718172581058,downtrend
1736518500,1736518499.999999,BTC/USD,SELL,0.021265,94047.97273215301,1999.9301401492337,1.9999301401492338,downtrend
1736518800,1736518799.999999,BTC/USD,SELL,0.021202,94328.43391323,1999.9514558283022,1.9999514558283022,downtrend
1736519100,1736519099.999999,BTC/USD,SELL,0.021202,94328.93336328001,1999.9620451682626,1.9999620451682627,downtrend
1736519400,1736519399.999999,ETH/USD,SELL,0.6122,3266.90277705,1999.99788011001,1.9999978801100102,downtrend
1736519700,1736519699.999999,ETH/USD,SELL,0.614087,3256.863831045,1999.9977394149312,1.9999977394149313,downtrend
1736520000,1736519999.999999,ETH/USD,SELL,0.617353,3239.6328043199997,1999.997030645365,1.999997030645365,downtrend
1736520300,1736520299.999999,ETH/USD,SELL,0.613079,3262.2179355810003,1999.9973097280642,1.9999973097280643,downtrend
1736520600,1736520599.999999,ETH/USD,SELL,0.617639,3238.13445417,1999.998126139105,1.9999981261391049,downtrend
1736520900,1736520899.999999,ETH/USD,SELL,0.616593,3243.6284047199997,1999.9985689515186,1.9999985689515185,downtrend
1736521200,1736521199.999999,ETH/USD,SELL,0.614738,3253.4176257,1999.9994443875667,1.9999994443875666,downtrend
1736521500,1736521499.999999,ETH/USD,SELL,0.619272,3229.593858315,1999.9970478264468,1.9999970478264468,downtrend
1736521800,1736521799.999999,ETH/USD,SELL,0.62194,3215.7391139280003,1999.9967845163806,1.9999967845163806,downtrend
1736530800,1736530799.999999,ETH/USD,BUY,0.609974,3278.8230695219995,1999.9968230086122,1.9999968230086123,uptrend
1736531100,1736531099.999999,ETH/USD,BUY,0.607724,3290.9664137349996,1999.999272820689,1.999999272820689,uptrend
1736531400,1736531399.999999,ETH/USD,BUY,0.606048,3300.0664136439996,1999.9986498561188,1.9999986498561189,uptrend
1736531700,1736531699.999999,BTC/USD,BUY,0.021017,95157.30751927399,1999.9211321325815,1.9999211321325816,uptrend
1736532000,1736531999.999999,BTC/USD,BUY,0.020855,95898.42192330398,1999.9615892105044,1.9999615892105045,uptrend
1736532300,1736532299.999999,BTC/USD,BUY,0.020922,95591.77495167298,1999.971115538902,1.9999711155389022,uptrend
1736532600,1736532599.999999,BTC/USD,BUY,0.020904,95673.84513787099,1999.966058762055,1.999966058762055,uptrend
1736532900,1736532899.999999,BTC/USD,BUY,0.020935,95529.23622842599,1999.9045604420978,1.999904560442098,uptrend
1736533200,1736533199.999999,BTC/USD,BUY,0.020943,95497.14095921999,1999.9966231089443,1.9999966231089443,uptrend
1736533500,1736533499.999999,BTC/USD,BUY,0.020994,95262.813458813,1999.9475057543202,1.9999475057543203,uptrend
1736533800,1736533799.999999,BTC/USD,BUY,0.021037,95066.748004228,1999.9191777649444,1.9999191777649443,uptrend
1736534100,1736534099.999999,BTC/USD,BUY,0.021064,94947.186619285,1999.9675389486192,1.9999675389486193,uptrend
1736534400,1736534399.999999,ETH/USD,BUY,0.607192,3293.8495820229996,1999.999115407709,1.999999115407709,uptrend
1736534700,1736534699.999999,ETH/USD,BUY,0.608088,3288.9942465379995,1999.9979333887989,1.999997933388799,uptrend
1736535000,1736534999.999999,ETH/USD,BUY,0.606629,3296.9029373279996,1999.9969319683469,1.9999969319683468,uptrend
1736535300,1736535299.999999,ETH/USD,BUY,0.607197,3293.8195490199996,1999.9973487062966,1.9999973487062968,uptrend
1736535600,1736535599.999999,ETH/USD,BUY,0.607849,3290.2856656669996,1999.99685159002,1.9999968515900202,uptrend
1736535900,1736535899.999999,ETH/USD,BUY,0.608677,3285.8107482199994,1999.9974287943046,1.9999974287943045,uptrend
1736543100,1736543099.999999,ETH/USD,SELL,0.613594,3259.480949307,1999.9979536090793,1.9999979536090793,downtrend
1736543400,1736543399.999999,ETH/USD,SELL,0.613741,3258.701807229,1999.9989058705337,1.9999989058705336,downtrend
1736543700,1736543699.999999,ETH/USD,SELL,0.613438,3260.31003639,1999.9980681030088,1.9999980681030087,downtrend
1736544000,1736543999.999999,ETH/USD,SELL,0.613344,3260.8094864400005,1999.9979336510557,1.9999979336510558,downtrend
1736544300,1736544299.999999,ETH/USD,SELL,0.612565,3264.9549218550005,1999.9971117061084,1.9999971117061084,downtrend
1736544600,1736544599.999999,ETH/USD,SELL,0.61182,3268.9305442530003,1999.9970855848708,1.9999970855848708,downtrend
1736544900,1736544899.999999,ETH/USD,SELL,0.611953,3268.2213251820003,1999.9978446091006,1.9999978446091007,downtrend
1736545200,1736545199.999999,ETH/USD,SELL,0.61268,3264.345592794,1999.999257793028,1.999999257793028,downtrend
1736545500,1736545499.999999,ETH/USD,SELL,0.612219,3266.80288704,1999.9987967007414,1.9999987967007415,downtrend
1736592900,1736592899.999999,ETH/USD,BUY,0.61402,3257.2193293639993,1999.997812616083,1.999997812616083,uptrend
1736593200,1736593199.999999,ETH/USD,BUY,0.613558,3259.672024609,1999.997848075049,1.999997848075049,uptrend
1736593500,1736593499.999999,ETH/USD,BUY,0.612317,3266.279285269,1999.9983331180583,1.9999983331180584,uptrend
1736593800,1736593799.999999,ETH/USD,BUY,0.611938,3268.3015074709997,1999.9978878787886,1.9999978878787885,uptrend
1736594100,1736594099.999999,ETH/USD,BUY,0.612351,3266.0990872509997,1999.9990421772368,1.999999042177237,uptrend
1736594400,1736594399.999999,ETH/USD,BUY,0.610416,3276.4504622849995,1999.99778538616,1.9999977853861601,uptrend
1736594700,1736594699.999999,ETH/USD,BUY,0.610681,3275.0289001429996,1999.9979237682273,1.9999979237682273,uptrend
1736595000,1736594999.999999,ETH/USD,BUY,0.610993,3273.3570629759997,1999.998251978895,1.999998251978895,uptrend
1736595300,1736595299.999999,ETH/USD,BUY,0.610537,3275.7997472199995,1999.9969502684569,1.999996950268457,uptrend
1736641500,1736641499.999999,ETH/USD,SELL,0.610412,3276.472240008,1999.9979729677632,1.9999979729677633,downtrend
1736641800,1736641799.999999,ETH/USD,SELL,0.610025,3278.549952216,1999.9974346005654,1.9999974346005653,downtrend
1736642100,1736642099.999999,ETH/USD,SELL,0.60991,3279.169270278,1999.9981296352548,1.999998129635255,downtrend
1736642400,1736642399.999999,ETH/USD,SELL,0.609457,3281.606586522,1999.9981054019386,1.9999981054019387,downtrend
1736642700,1736642699.999999,ETH/USD,SELL,0.60924,3282.775299639,1999.9980235520643,1.9999980235520642,downtrend
1736643000,1736642999.999999,ETH/USD,SELL,0.60981,3279.7086763320003,1999.999147914017,1.999999147914017,downtrend
1736643300,1736643299.999999,ETH/USD,SELL,0.609385,3281.9961575610005,1999.99922847531,1.99999922847531,downtrend
1736643600,1736643599.999999,ETH/USD,SELL,0.609799,3279.768610338,1999.9996188155021,1.9999996188155023,downtrend
1736643900,1736643899.999999,ETH/USD,SELL,0.610248,3277.351272096,1999.9970590940397,1.9999970590940397,downtrend
1736676600,1736676599.999999,BTC/USD,SELL,0.021313,93835.68648290099,1999.9199860100687,1.9999199860100687,downtrend
1736676900,1736676899.999999,BTC/USD,SELL,0.021307,93865.493661885,1999.9920734537836,1.9999920734537837,downtrend
1736677200,1736677199.999999,BTC/USD,SELL,0.021298,93905.219918862,1999.993373831923,1.999993373831923,downtrend
1736677500,1736677499.999999,BTC/USD,SELL,0.021325,93785.11217083801,1999.9675170431206,1.9999675170431206,downtrend
1736677800,1736677799.999999,BTC/USD,SELL,0.021314,93832.310200563,1999.9418596147998,1.9999418596147998,downtrend
1736678100,1736678099.999999,BTC/USD,SELL,0.021331,93757.702352094,1999.945548872517,1.999945548872517,downtrend
1736678400,1736678399.999999,BTC/USD,SELL,0.021319,93809.33549826301,1999.9212234874692,1.9999212234874693,downtrend
1736685300,1736685299.999999,ETH/USD,BUY,0.613609,3259.4017275819997,1999.998234659863,1.999998234659863,uptrend
1736685600,1736685599.999999,ETH/USD,BUY,0.613554,3259.6920466109996,1999.9970939663654,1.9999970939663654,uptrend
1736685900,1736685899.999999,ETH/USD,BUY,0.613336,3260.8533227269995,1999.9987335480869,1.9999987335480869,uptrend
1736686200,1736686199.999999,ETH/USD,BUY,0.61301,3262.5852258999994,1999.9973693289587,1.9999973693289588,uptrend
1736686500,1736686499.999999,ETH/USD,BUY,0.613573,3259.591936601,1999.9976033160854,1.9999976033160853,uptrend
1736690700,1736690699.999999,BTC/USD,BUY,0.021092,94821.16813869699,1999.9680783813967,1.9999680783813967,uptrend
1736691000,1736690999.999999,BTC/USD,BUY,0.021061,94961.62248272699,1999.9867311087132,1.9999867311087132,uptrend
1736691300,1736691299.999999,BTC/USD,BUY,0.021062,94956.68705923398,1999.9777428415862,1.9999777428415861,uptrend
1736691600,1736691599.999999,BTC/USD,BUY,0.021041,95048.027432358,1999.9055452042446,1.9999055452042447,uptrend
1736691900,1736691899.999999,BTC/USD,BUY,0.021061,94961.292119694,1999.9797733328753,1.9999797733328752,uptrend
1736692200,1736692199.999999,BTC/USD,BUY,0.021068,94928.846465453,1999.9609373341636,1.9999609373341636,uptrend
1736692500,1736692499.999999,BTC/USD,BUY,0.021051,95004.249324985,1999.9344525402591,1.9999344525402591,uptrend
1736692800,1736692799.999999,ETH/USD,BUY,0.609723,3280.1745546569996,1999.9978699891299,1.9999978699891299,uptrend
1736693100,1736693099.999999,ETH/USD,BUY,0.610534,3275.819769221999,1999.999346982184,1.9999993469821842,uptrend
1736693400,1736693399.999999,ETH/USD,BUY,0.611023,3273.1968869599996,1999.9985814609597,1.9999985814609598,uptrend
1736693700,1736693699.999999,ETH/USD,BUY,0.610931,3273.687426009,1999.9971328591043,1.9999971328591044,uptrend
1736719500,1736719499.999999,ETH/USD,SELL,0.613027,3262.497627609,1999.9991331602625,1.9999991331602627,downtrend
1736719800,1736719799.999999,BTC/USD,SELL,0.02125,94115.887949952,1999.96261893648,1.99996261893648,downtrend
1736720100,1736720099.999999,BTC/USD,SELL,0.02129,93939.771873321,1999.9777431830041,1.9999777431830041,downtrend
1736720400,1736720399.999999,BTC/USD,SELL,0.021318,93814.74953680501,1999.9428306256093,1.9999428306256093,downtrend
1736720700,1736720699.999999,BTC/USD,SELL,0.021299,93900.595011399,1999.988773147787,1.999988773147787,downtrend
1736721000,1736720999.999999,BTC/USD,SELL,0.021319,93812.791692609,1999.9949060947313,1.9999949060947313,downtrend
1736721300,1736721299.999999,BTC/USD,SELL,0.021305,93871.626908499,1999.9350112855714,1.9999350112855714,downtrend
1736721600,1736721599.999999,BTC/USD,SELL,0.021288,93948.162634161,1999.9684861560195,1.9999684861560196,downtrend
1736721900,1736721899.999999,BTC/USD,SELL,0.021294,93921.58190250001,1999.9661650318353,1.9999661650318354,downtrend
1736722200,1736722199.999999,BTC/USD,SELL,0.021287,93952.88743163401,1999.975114757193,1.9999751147571931,downtrend
1736722500,1736722499.999999,ETH/USD,SELL,0.618209,3235.147742871,1999.997450972538,1.999997450972538,downtrend
1736722800,1736722799.999999,ETH/USD,SELL,0.617845,3237.0556420619996,1999.998643169796,1.999998643169796,downtrend
1736723100,1736723099.999999,ETH/USD,SELL,0.617131,3240.8015174370003,1999.9990812574133,1.9999990812574133,downtrend
1736723400,1736723399.999999,ETH/USD,SELL,0.617017,3241.400857497,1999.9994328902264,1.9999994328902264,downtrend
1736723700,1736723699.999999,ETH/USD,SELL,0.61643,3244.4874588059997,1999.9994042317826,1.9999994042317826,downtrend
1736724000,1736723999.999999,ETH/USD,SELL,0.61727,3240.072320364,1999.9994411910861,1.9999994411910862,downtrend
1736724300,1736724299.999999,ETH/USD,SELL,0.616749,3242.809306638,1999.99939705968,1.9999993970596799,downtrend
1736724600,1736724599.999999,ETH/USD,SELL,0.615937,3247.084599066,1999.9995466949147,1.9999995466949148,downtrend
1736728500,1736728499.999999,ETH/USD,BUY,0.600542,3330.319658665999,1999.9968284545967,1.9999968284545966,uptrend
1736728800,1736728799.999999,BTC/USD,BUY,0.020865,95850.87967955499,1999.928604513915,1.999928604513915,uptrend
1736729100,1736729099.999999,BTC/USD,BUY,0.020901,95687.43006622799,1999.9629758142312,1.9999629758142312,uptrend
1736729400,1736729399.999999,BTC/USD,BUY,0.0209,95693.08628179299,1999.9855032894734,1.9999855032894733,uptrend
1736729700,1736729699.999999,BTC/USD,BUY,0.020921,95597.521266247,1999.9957424111533,1.9999957424111534,uptrend
1736730000,1736729999.999999,BTC/USD,BUY,0.020957,95430.29750554297,1999.932744823664,1.9999327448236641,uptrend
1736730300,1736730299.999999,BTC/USD,BUY,0.020966,95391.76516269399,1999.983748401042,1.999983748401042,uptrend
1736730600,1736730599.999999,BTC/USD,BUY,0.020978,95335.092886033,1999.9395785632003,1.9999395785632004,uptrend
1736730900,1736730899.999999,BTC/USD,BUY,0.021014,95174.38628697999,1999.9945534345977,1.9999945534345978,uptrend
1736731200,1736731199.999999,BTC/USD,BUY,0.021049,95013.50950090999,1999.9393614846542,1.9999393614846543,uptrend
1736731500,1736731499.999999,ETH/USD,BUY,0.605125,3305.1019471469995,1999.999815767328,1.9999998157673282,uptrend
1736731800,1736731799.999999,ETH/USD,BUY,0.604517,3308.425599478999,1999.999518120246,1.999999518120246,uptrend
1736732100,1736732099.999999,ETH/USD,BUY,0.604795,3306.9039273269996,1999.9989607277325,1.9999989607277326,uptrend
1736732400,1736732399.999999,ETH/USD,BUY,0.607325,3293.128789951,1999.999442356991,1.9999994423569911,uptrend
1736732700,1736732699.999999,ETH/USD,BUY,0.609803,3279.7440816139992,1999.9977802004614,1.9999977802004614,uptrend
1736735700,1736735699.999999,ETH/USD,SELL,0.614547,3254.4265148010004,1999.9980513914102,1.9999980513914102,downtrend
1736736000,1736735999.999999,BTC/USD,SELL,0.02126,94072.64556462299,1999.9844447038847,1.9999844447038848,downtrend
1736736300,1736736299.999999,BTC/USD,SELL,0.021279,93987.41940809101,1999.9582975847686,1.9999582975847687,downtrend
1736736600,1736736599.999999,BTC/USD,SELL,0.02131,93851.07953344201,1999.9665048576492,1.9999665048576492,downtrend
1736736900,1736736899.999999,BTC/USD,SELL,0.021282,93975.5225079,1999.9870700131275,1.9999870700131277,downtrend
1736737200,1736737199.999999,BTC/USD,SELL,0.02125,94113.80024874299,1999.9182552857887,1.9999182552857888,downtrend
1736737500,1736737499.999999,BTC/USD,SELL,0.021208,94302.81212566499,1999.9740395611032,1.9999740395611032,downtrend
1736737800,1736737799.999999,BTC/USD,SELL,0.02124,94160.3190264,1999.9651761207358,1.9999651761207358,downtrend
1736738100,1736738099.999999,BTC/USD,SELL,0.021256,94087.549154115,1999.9249448198684,1.9999249448198684,downtrend
1736738400,1736738399.999999,ETH/USD,SELL,0.61549,3249.442003302,1999.9990586123479,1.999999058612348,downtrend
1736738700,1736738699.999999,ETH/USD,SELL,0.616208,3245.656171923,1999.9992983883278,1.999999298388328,downtrend
1736739000,1736738999.999999,ETH/USD,SELL,0.615017,3251.939253552,1999.9979239017905,1.9999979239017904,downtrend
1736739300,1736739299.999999,ETH/USD,SELL,0.614202,3256.254501984,1999.998027627577,1.9999980276275768,downtrend
1736739600,1736739599.999999,ETH/USD,SELL,0.615318,3250.351002393,1999.999478090456,1.999999478090456,downtrend
1736781600,1736781599.999999,BTC/USD,BUY,0.021555,92781.967279001,1999.9153046988665,1.9999153046988665,uptrend
1736781900,1736781899.999999,BTC/USD,BUY,0.021533,92876.74142546799,1999.9148731146022,1.9999148731146021,uptrend
1736782200,1736782199.999999,BTC/USD,BUY,0.021664,92316.55584251099,1999.945865772158,1.999945865772158,uptrend
1736782500,1736782499.999999,BTC/USD,BUY,0.021658,92341.47322399999,1999.9316270853917,1.9999316270853917,uptrend
1736782800,1736782799.999999,BTC/USD,BUY,0.02157,92721.28059093899,1999.9980223465539,1.9999980223465539,uptrend
1736783100,1736783099.999999,BTC/USD,BUY,0.02156,92761.19445192597,1999.931352383524,1.999931352383524,uptrend
1736783400,1736783399.999999,BTC/USD,BUY,0.021566,92737.23812653299,1999.9712774368104,1.9999712774368104,uptrend
1736783700,1736783699.999999,BTC/USD,BUY,0.021664,92317.57696461299,1999.967987361376,1.9999679873613758,uptrend
1736801100,1736801099.999999,ETH/USD,BUY,0.652981,3062.8757669509996,1999.9996811794308,1.999999681179431,uptrend
1736801400,1736801399.999999,ETH/USD,BUY,0.649666,3078.5029395119996,1999.9986907010025,1.9999986907010026,uptrend
1736801700,1736801699.999999,ETH/USD,BUY,0.645741,3097.2135003809994,1999.997742949527,1.999997742949527,uptrend
1736802000,1736801999.999999,ETH/USD,BUY,0.646253,3094.760805136,1999.9984546015553,1.9999984546015552,uptrend
1736802300,1736802299.999999,ETH/USD,BUY,0.647044,3090.976646758,1999.9978934248832,1.9999978934248832,uptrend
1736802600,1736802599.999999,ETH/USD,BUY,0.644119,3105.0120701599994,1999.9972696193886,1.9999972696193886,uptrend
1736802900,1736802899.999999,ETH/USD,BUY,0.643269,3109.1165805699998,1999.998313666683,1.9999983136666832,uptrend
1736803200,1736803199.999999,ETH/USD,BUY,0.645091,3100.3369326929997,1999.9994522478598,1.99999945224786,uptrend
1736803500,1736803499.999999,ETH/USD,BUY,0.643012,3110.3579446939993,1999.997482733578,1.999997482733578,uptrend
1736858100,1736858099.999999,ETH/USD,SELL,0.627543,3187.030725054,1999.9988222925622,1.9999988222925622,downtrend
1736858400,1736858399.999999,ETH/USD,SELL,0.626967,3189.9575023469997,1999.9980853739914,1.9999980853739914,downtrend
1736858700,1736858699.999999,ETH/USD,SELL,0.62749,3187.300428081,1999.9991456165467,1.9999991456165467,downtrend
1736859000,1736858999.999999,ETH/USD,SELL,0.626712,3191.256072477,1999.9984756942058,1.9999984756942057,downtrend
1736859300,1736859299.999999,ETH/USD,SELL,0.627287,3188.3292951840003,1999.9975185880862,1.9999975185880863,downtrend
1736859600,1736859599.999999,ETH/USD,SELL,0.628964,3179.828655333,1999.9977503728649,1.999997750372865,downtrend
1736859900,1736859899.999999,BTC/USD,SELL,0.020849,95926.08472217101,1999.9629403725435,1.9999629403725434,downtrend
1736860200,1736860199.999999,BTC/USD,SELL,0.020869,95833.33684788599,1999.9459066785325,1.9999459066785326,downtrend
1736860500,1736860499.999999,BTC/USD,SELL,0.020855,95896.277543187,1999.9168681631647,1.9999168681631647,downtrend
1736860800,1736860799.999999,BTC/USD,SELL,0.02086,95874.44158700098,1999.9408515048406,1.9999408515048407,downtrend
1736861100,1736861099.999999,BTC/USD,SELL,0.020878,95794.539568002,1999.998397100746,1.999998397100746,downtrend
1736861400,1736861399.999999,BTC/USD,SELL,0.020878,95793.18106386601,1999.9700342513947,1.9999700342513949,downtrend
1736861700,1736861699.999999,BTC/USD,SELL,0.020679,96712.20911186999,1999.9117722243595,1.9999117722243596,downtrend
1736862000,1736861999.999999,BTC/USD,SELL,0.020741,96425.77450819501,1999.9669890744726,1.9999669890744727,downtrend
1736862300,1736862299.999999,BTC/USD,SELL,0.020792,96190.094018601,1999.9844348347522,1.9999844348347522,downtrend
1736862600,1736862599.999999,ETH/USD,SELL,0.621948,3215.699157924,1999.9976598725157,1.9999976598725158,downtrend
1736862900,1736862899.999999,ETH/USD,SELL,0.623536,3207.508177104,1999.9968187187196,1.9999968187187196,downtrend
1736863200,1736863199.999999,ETH/USD,SELL,0.623989,3205.1807398710002,1999.9975246913657,1.9999975246913657,downtrend
1736867700,1736867699.999999,BTC/USD,BUY,0.020637,96912.10585156099,1999.9751284586641,1.9999751284586642,uptrend
1736868000,1736867999.999999,BTC/USD,BUY,0.02065,96848.34578619199,1999.9183404848648,1.9999183404848648,uptrend
1736868300,1736868299.999999,BTC/USD,BUY,0.020714,96550.19815440998,1999.9408045704483,1.9999408045704483,uptrend
1736873400,1736873399.999999,BTC/USD,SELL,0.020955,95438.781297387,1999.9196620867447,1.9999196620867448,downtrend
1736873700,1736873699.999999,BTC/USD,SELL,0.020943,95496.208064136,1999.9770854872002,1.9999770854872,downtrend
1736874000,1736873999.999999,BTC/USD,SELL,0.020911,95640.109612542,1999.9303321078658,1.9999303321078659,downtrend
1736879700,1736879699.999999,ETH/USD,BUY,0.619379,3229.0383615489995,1999.9985513378579,1.999998551337858,uptrend
1736880000,1736879999.999999,ETH/USD,BUY,0.618637,3232.912618936,1999.9993638407102,1.9999993638407103,uptrend
1736880300,1736880299.999999,ETH/USD,BUY,0.61927,3229.608988606,1999.9999583740375,1.9999999583740375,uptrend
1736880600,1736880599.999999,BTC/USD,BUY,0.020611,97032.24787456199,1999.9316609425973,1.9999316609425974,uptrend
1736880900,1736880899.999999,BTC/USD,BUY,0.02061,97036.22224195898,1999.9165404067746,1.9999165404067747,uptrend
1736881200,1736881199.999999,BTC/USD,BUY,0.020643,96884.255246779,1999.981681059259,1.999981681059259,uptrend
1736881500,1736881499.999999,BTC/USD,BUY,0.020666,96774.06415877199,1999.932809905182,1.999932809905182,uptrend
1736881800,1736881799.999999,BTC/USD,BUY,0.020643,96882.46327759998,1999.9446894394964,1.9999446894394965,uptrend
1736882100,1736882099.999999,BTC/USD,BUY,0.02061,97037.39352907598,1999.940680634256,1.9999406806342561,uptrend
1736882400,1736882399.999999,BTC/USD,BUY,0.020624,96971.721362516,1999.9447813805298,1.9999447813805298,uptrend
1736882700,1736882699.999999,BTC/USD,BUY,0.020601,97081.80232951198,1999.9822097902763,1.9999822097902764,uptrend
1736883000,1736882999.999999,BTC/USD,BUY,0.020623,96978.558876199,1999.9888197038517,1.9999888197038518,uptrend
1736883300,1736883299.999999,ETH/USD,BUY,0.619141,3230.2797256729996,1999.9986196329069,1.999998619632907,uptrend
1736883600,1736883599.999999,ETH/USD,BUY,0.61865,3232.8425419289997,1999.9980385643757,1.9999980385643759,uptrend
1736883900,1736883899.999999,ETH/USD,BUY,0.618321,3234.5644341009997,1999.9991154577642,1.9999991154577643,uptrend
1736884200,1736884199.999999,ETH/USD,BUY,0.618757,3232.2819258729996,1999.9970676073997,1.9999970676073997,uptrend
1736884500,1736884499.999999,ETH/USD,BUY,0.620002,3225.7947972249995,1999.9992258690943,1.9999992258690944,uptrend
1736884800,1736884799.999999,ETH/USD,BUY,0.621522,3217.9061284369996,1999.9994527584208,1.9999994527584208,uptrend
1736935500,1736935499.999999,ETH/USD,SELL,0.624373,3203.212906674,1999.9996521787652,1.9999996521787653,downtrend
1736935800,1736935799.999999,ETH/USD,SELL,0.623682,3206.759002029,1999.9978679034507,1.9999978679034507,downtrend
1736936100,1736936099.999999,ETH/USD,SELL,0.624065,3204.7911688320005,1999.9980007771424,1.9999980007771423,downtrend
1736936400,1736936399.999999,ETH/USD,SELL,0.62416,3204.301707783,1999.9969539298374,1.9999969539298375,downtrend
1736936700,1736936699.999999,ETH/USD,SELL,0.622757,3211.5237555060003,1999.9988994076502,1.9999988994076503,downtrend
1736937000,1736936999.999999,ETH/USD,SELL,0.622554,3212.5726006110003,1999.999922800781,1.999999922800781,downtrend
1736937300,1736937299.999999,ETH/USD,SELL,0.622526,3212.7124466249998,1999.9970285476747,1.9999970285476747,downtrend
1736937600,1736937599.999999,ETH/USD,SELL,0.622763,3211.493788503,1999.9995062094936,1.9999995062094935,downtrend
1736937900,1736937899.999999,ETH/USD,SELL,0.62357,3207.338364087,1999.9999836937307,1.9999999836937308,downtrend
1736941800,1736941799.999999,BTC/USD,SELL,0.020708,96578.346509469,1999.944399518084,1.9999443995180841,downtrend
1736942100,1736942099.999999,BTC/USD,SELL,0.020701,96610.740839712,1999.9389461228782,1.9999389461228783,downtrend
1736942400,1736942399.999999,BTC/USD,SELL,0.020691,96655.761267219,1999.9043563800285,1.9999043563800285,downtrend
1736942700,1736942699.999999,BTC/USD,SELL,0.020705,96593.63967,1999.9713093673502,1.9999713093673501,downtrend
1736943000,1736942999.999999,BTC/USD,SELL,0.020705,96590.852738721,1999.9136059552186,1.9999136059552187,downtrend
1736943300,1736943299.999999,BTC/USD,SELL,0.02072,96521.539060782,1999.926289339403,1.999926289339403,downtrend
1736943600,1736943599.999999,BTC/USD,SELL,0.020735,96453.26423894701,1999.9584339945663,1.9999584339945664,downtrend
1736948400,1736948399.999999,BTC/USD,BUY,0.020285,98592.34224839999,1999.945662508794,1.999945662508794,uptrend
1736948700,1736948699.999999,BTC/USD,BUY,0.020279,98620.37305119999,1999.9225451052844,1.9999225451052844,uptrend
1736949000,1736948999.999999,BTC/USD,BUY,0.020192,99048.45346496099,1999.9863723644924,1.9999863723644924,uptrend
1736949300,1736949299.999999,BTC/USD,BUY,0.020226,98878.37656897199,1999.9140444840275,1.9999140444840275,uptrend
1736949600,1736949599.999999,BTC/USD,BUY,0.020187,99072.860285399,1999.9838305813496,1.9999838305813495,uptrend
1736949900,1736949899.999999,BTC/USD,BUY,0.020128,99360.03586008499,1999.9188017917907,1.9999188017917906,uptrend
1736950200,1736950199.999999,BTC/USD,BUY,0.020149,99255.61110865397,1999.901308228269,1.999901308228269,uptrend
1736950500,1736950499.999999,ETH/USD,BUY,0.607055,3294.590396096999,1999.9975729026637,1.9999975729026638,uptrend
1736950800,1736950799.999999,ETH/USD,BUY,0.607983,3289.5648735949994,1999.9995205429086,1.9999995205429086,uptrend
1736951100,1736951099.999999,ETH/USD,BUY,0.605989,3300.386765676,1999.9980757452336,1.9999980757452336,uptrend
1736951400,1736951399.999999,ETH/USD,BUY,0.60748,3292.2878658669997,1999.999032756885,1.999999032756885,uptrend
1736951700,1736951699.999999,ETH/USD,BUY,0.606843,3295.7416612119996,1999.9977569148734,1.9999977569148735,uptrend
1736952000,1736951999.999999,ETH/USD,BUY,0.606985,3294.9708141349993,1999.9978596177325,1.9999978596177326,uptrend
1736952300,1736952299.999999,ETH/USD,BUY,0.606228,3299.0853355459994,1999.9979047973802,1.9999979047973802,uptrend
1736952600,1736952599.999999,ETH/USD,BUY,0.605112,3305.1720241539992,1999.9992538798747,1.9999992538798748,uptrend
1736952900,1736952899.999999,ETH/USD,BUY,0.603711,3312.8404509199995,1999.9982214653637,1.9999982214653638,uptrend
1736989200,1736989199.999999,ETH/USD,SELL,0.589087,3395.0816378820005,1999.9984568149941,1.9999984568149942,downtrend
1736989500,1736989499.999999,ETH/USD,SELL,0.587673,3403.2526407,1999.999689118091,1.9999996891180911,downtrend
1736989800,1736989799.999999,ETH/USD,SELL,0.587035,3406.94857107,1999.9980544180773,1.9999980544180773,downtrend
1736990100,1736990099.999999,ETH/USD,SELL,0.587364,3405.040671879,1999.9983091975369,1.9999983091975368,downtrend
1736990400,1736990399.999999,ETH/USD,SELL,0.588464,3398.677678242,1999.9994612490004,1.9999994612490004,downtrend
1736990700,1736990699.999999,ETH/USD,SELL,0.588763,3396.949581069,1999.9982261989278,1.9999982261989278,downtrend
1736991000,1736990999.999999,ETH/USD,SELL,0.588076,3400.9152144659997,1999.9966156623075,1.9999966156623075,downtrend
1736991300,1736991299.999999,ETH/USD,SELL,0.587845,3402.2537406,1999.9978501430069,1.999997850143007,downtrend
1736991600,1736991599.999999,ETH/USD,SELL,0.588514,3398.3879972130003,1999.9989137918117,1.9999989137918117,downtrend
1736991900,1736991899.999999,ETH/USD,SELL,0.588306,3399.586677333,1999.9972397950678,1.9999972397950678,downtrend
1736997600,1736997599.999999,BTC/USD,SELL,0.020119,99405.992956545,1999.949172292729,1.999949172292729,downtrend
1736997900,1736997899.999999,BTC/USD,SELL,0.020117,99415.502485497,1999.941663500743,1.9999416635007432,downtrend
1736998200,1736998199.999999,BTC/USD,SELL,0.020114,99430.515954,1999.945397898756,1.999945397898756,downtrend
1736998500,1736998499.999999,BTC/USD,SELL,0.020116,99423.303895278,1999.9991811574123,1.9999991811574123,downtrend
1736998800,1736998799.999999,BTC/USD,SELL,0.020141,99295.54457248801,1999.911563234481,1.999911563234481,downtrend
1736999100,1736999099.999999,BTC/USD,SELL,0.020131,99348.166629756,1999.977942423618,1.9999779424236181,downtrend
1736999400,1736999399.999999,BTC/USD,SELL,0.020129,99359.074618848,1999.9988130027914,1.9999988130027915,downtrend
1736999700,1736999699.999999,BTC/USD,SELL,0.020126,99373.738472316,1999.9958604938322,1.9999958604938322,downtrend
1737000000,1736999999.999999,BTC/USD,SELL,0.020127,99368.624103804,1999.9922973372632,1.9999922973372632,downtrend
1737030000,1737029999.999999,ETH/USD,BUY,0.596282,3354.1158080429996,1999.9988822514958,1.9999988822514958,uptrend
1737030300,1737030299.999999,ETH/USD,BUY,0.59421,3365.8086572109996,1999.9971622013481,1.9999971622013482,uptrend
1737030600,1737030599.999999,ETH/USD,BUY,0.596789,3351.2626727579996,1999.9966992125737,1.9999966992125737,uptrend
1737030900,1737030899.999999,ETH/USD,BUY,0.595296,3359.6719135979997,1999.999251477235,1.9999992514772351,uptrend
1737031200,1737031199.999999,ETH/USD,BUY,0.595094,3360.8131677119995,1999.9997512264047,1.9999997512264047,uptrend
1737031500,1737031499.999999,ETH/USD,BUY,0.595597,3357.970043428,1999.9968839555866,1.9999968839555866,uptrend
1737031800,1737031799.999999,ETH/USD,BUY,0.596227,3354.4261490739996,1999.9994395839433,1.9999994395839433,uptrend
1737032100,1737032099.999999,ETH/USD,BUY,0.594392,3364.7775241079994,1999.996842109602,1.9999968421096022,uptrend
1737032400,1737032399.999999,ETH/USD,BUY,0.595026,3361.19358575,1999.9975745544796,1.9999975745544796,uptrend
1737036300,1737036299.999999,ETH/USD,SELL,0.602769,3318.016495167,1999.9974847753174,1.9999974847753175,downtrend
1737036600,1737036599.999999,ETH/USD,SELL,0.602827,3317.6968471349996,1999.9972372678503,1.9999972372678503,downtrend
1737036900,1737036899.999999,ETH/USD,SELL,0.600675,3329.583758325,1999.9977240318692,1.9999977240318692,downtrend
1737037200,1737037199.999999,ETH/USD,SELL,0.600603,3329.9833183650003,1999.9979709599743,1.9999979709599742,downtrend
1737037500,1737037499.999999,ETH/USD,SELL,0.600466,3330.742482441,1999.9976154614176,1.9999976154614176,downtrend
1737038700,1737038699.999999,ETH/USD,SELL,0.608633,3286.0516919670004,1999.9994994369513,1.9999994994369514,downtrend
1737039000,1737038999.999999,ETH/USD,SELL,0.612762,3263.90607675,1999.9976154014837,1.9999976154014838,downtrend
1737039300,1737039299.999999,ETH/USD,SELL,0.609322,3282.335783595,1999.9994043316726,1.9999994043316727,downtrend
1737039600,1737039599.999999,ETH/USD,SELL,0.61096,3273.5354737139996,1999.9992330203052,1.9999992330203051,downtrend
1737045300,1737045299.999999,BTC/USD,BUY,0.020042,99785.63354559799,1999.903667520875,1.999903667520875,uptrend
1737045600,1737045599.999999,BTC/USD,BUY,0.020068,99657.88316183699,1999.9343992917445,1.9999343992917447,uptrend
1737045900,1737045899.999999,BTC/USD,BUY,0.020116,99420.01176707598,1999.9329567065001,1.9999329567065003,uptrend
1737046200,1737046199.999999,BTC/USD,BUY,0.020116,99419.80153605499,1999.928727699282,1.999928727699282,uptrend
1737046500,1737046499.999999,BTC/USD,BUY,0.020111,99443.75786144799,1999.9134143515805,1.9999134143515807,uptrend
1737046800,1737046799.999999,BTC/USD,BUY,0.020109,99455.68096363898,1999.9542884978162,1.999954288497816,uptrend
1737047100,1737047099.999999,BTC/USD,BUY,0.020084,99580.4280471,1999.9733168979565,1.9999733168979565,uptrend
1737047400,1737047399.999999,BTC/USD,BUY,0.020111,99447.28173379999,1999.9842829484517,1.9999842829484518,uptrend
1737047700,1737047699.999999,BTC/USD,BUY,0.020099,99503.73376843898,1999.9255450118549,1.999925545011855,uptrend
1737048000,1737047999.999999,ETH/USD,BUY,0.598987,3338.9691635299996,1999.999122355344,1.9999991223553442,uptrend
1737048300,1737048299.999999,ETH/USD,BUY,0.598237,3343.1537619479996,1999.9982770864854,1.9999982770864855,uptrend
1737048600,1737048599.999999,ETH/USD,BUY,0.597159,3349.1903955509997,1999.9991874168395,1.9999991874168395,uptrend
1737048900,1737048899.999999,ETH/USD,BUY,0.596157,3354.8165781129997,1999.9973867581116,1.9999973867581116,uptrend
1737049200,1737049199.999999,ETH/USD,BUY,0.595914,3356.18808525,1999.9994666336686,1.9999994666336687,uptrend
1737049500,1737049499.999999,ETH/USD,BUY,0.596433,3353.2648729579996,1999.9978279729585,1.9999978279729584,uptrend
1737049800,1737049799.999999,ETH/USD,BUY,0.597729,3345.996886232,1999.9993728105671,1.9999993728105672,uptrend
1737050100,1737050099.999999,ETH/USD,BUY,0.597369,3348.0090974329996,1999.9968465244538,1.9999968465244538,uptrend
1737050400,1737050399.999999,ETH/USD,BUY,0.597453,3347.538580386,1999.9969674673569,1.999996967467357,uptrend
1737066000,1737065999.999999,ETH/USD,SELL,0.605701,3301.954181559,1999.996949724468,1.999996949724468,downtrend
1737066300,1737066299.999999,ETH/USD,SELL,0.607162,3294.0129257639996,1999.9994760327215,1.9999994760327215,downtrend
1737066600,1737066599.999999,ETH/USD,SELL,0.608335,3287.6599211280004,1999.998598119402,1.999998598119402,downtrend
1737066900,1737066899.999999,ETH/USD,SELL,0.611727,3269.429994303,1999.9986021249913,1.9999986021249914,downtrend
1737067200,1737067199.999999,ETH/USD,SELL,0.60934,3282.235893585,1999.997619397084,1.999997619397084,downtrend
1737067500,1737067499.999999,ETH/USD,SELL,0.609678,3280.4178954030003,1999.9986216335105,1.9999986216335106,downtrend
1737067800,1737067799.999999,ETH/USD,SELL,0.608381,3287.410196103,1999.997902515339,1.9999979025153392,downtrend
1737068100,1737068099.999999,ETH/USD,SELL,0.607499,3292.184938581,1999.999058003019,1.999999058003019,downtrend
1737068400,1737068399.999999,BTC/USD,SELL,0.020054,99728.437908825,1999.9540938235764,1.9999540938235765,downtrend
1737068700,1737068699.999999,BTC/USD,SELL,0.020053,99735.000682482,1999.9859686858117,1.9999859686858117,downtrend
1737069000,1737068999.999999,BTC/USD,SELL,0.02004,99799.859265975,1999.9891796901388,1.9999891796901388,downtrend
1737069300,1737069299.999999,BTC/USD,SELL,0.020021,99892.157635215,1999.9408880146395,1.9999408880146397,downtrend
1737069600,1737069599.999999,BTC/USD,SELL,0.020014,99928.247895828,1999.9639533871016,1.9999639533871016,downtrend
1737069900,1737069899.999999,BTC/USD,SELL,0.020051,99743.391443322,1999.9547418300494,1.9999547418300494,downtrend
1737077700,1737077699.999999,ETH/USD,BUY,0.594741,3362.8053569109998,1999.9982207746048,1.9999982207746048,uptrend
1737078000,1737077999.999999,ETH/USD,BUY,0.592455,3375.7796142069997,1999.9975113350079,1.999997511335008,uptrend
1737078300,1737078299.999999,BTC/USD,BUY,0.019656,101747.30921354999,1999.9451099015387,1.9999451099015386,uptrend
1737078600,1737078599.999999,BTC/USD,BUY,0.019718,101428.228578677,1999.961811114353,1.999961811114353,uptrend
1737078900,1737078899.999999,BTC/USD,BUY,0.019678,101636.12703644398,1999.9957078231448,1.999995707823145,uptrend
1737079200,1737079199.999999,BTC/USD,BUY,0.019651,101771.63594598,1999.9144179744528,1.9999144179744528,uptrend
1737079500,1737079499.999999,BTC/USD,BUY,0.019673,101658.94210772298,1999.936368085234,1.9999363680852342,uptrend
1737079800,1737079799.999999,BTC/USD,BUY,0.019667,101693.079621133,1999.9977969088227,1.9999977969088227,uptrend
1737080100,1737080099.999999,ETH/USD,BUY,0.590173,3388.8339595109996,1999.998304386485,1.999998304386485,uptrend
1737080400,1737080399.999999,ETH/USD,BUY,0.588183,3400.296555656,1999.996628995413,1.999996628995413,uptrend
1737080700,1737080699.999999,ETH/USD,BUY,0.588766,3396.9328593199994,1999.9985718503988,1.9999985718503988,uptrend
1737081000,1737080999.999999,ETH/USD,BUY,0.589282,3393.9595920229995,1999.9992963064972,1.9999992963064972,uptrend
1737081300,1737081299.999999,ETH/USD,BUY,0.590274,3388.253321453,1999.997841067348,1.999997841067348,uptrend
1737081600,1737081599.999999,ETH/USD,BUY,0.591349,3382.096555838,1999.9994161982454,1.9999994161982455,uptrend
1737081900,1737081899.999999,ETH/USD,BUY,0.591874,3379.0932555379995,1999.997441528298,1.999997441528298,uptrend
1737152400,1737152399.999999,BTC/USD,SELL,0.019183,104255.063590986,1999.9248848658842,1.9999248848658842,downtrend
1737152700,1737152699.999999,BTC/USD,SELL,0.01917,104326.99438718699,1999.9484824023746,1.9999484824023745,downtrend
1737153000,1737152999.999999,BTC/USD,SELL,0.019144,104471.26552863001,1999.9979072800932,1.9999979072800933,downtrend
1737153300,1737153299.999999,BTC/USD,SELL,0.01915,104434.68580696799,1999.924233203437,1.999924233203437,downtrend
1737153600,1737153599.999999,BTC/USD,SELL,0.019141,104485.989316104,1999.9663214995464,1.9999663214995465,downtrend
1737153900,1737153899.999999,BTC/USD,SELL,0.019145,104465.77157808,1999.9971968623415,1.9999971968623416,downtrend
1737154200,1737154199.999999,BTC/USD,SELL,0.019192,104206.17742009199,1999.9249570464056,1.9999249570464055,downtrend
1737154500,1737154499.999999,BTC/USD,SELL,0.01917,104326.275179115,1999.9346951836344,1.9999346951836345,downtrend
1737154800,1737154799.999999,BTC/USD,SELL,0.019176,104295.55900103999,1999.9716394039426,1.9999716394039426,downtrend
1737170100,1737170099.999999,ETH/USD,SELL,0.580846,3443.2486007039997,1999.9971767245154,1.9999971767245155,downtrend
1737170400,1737170399.999999,ETH/USD,SELL,0.582081,3435.946640973,1999.9992567242045,1.9999992567242046,downtrend
1737170700,1737170699.999999,ETH/USD,SELL,0.58267,3432.470468625,1999.997567953729,1.999997567953729,downtrend
1737171000,1737170999.999999,ETH/USD,SELL,0.584202,3423.4703787239996,1999.998242191318,1.999998242191318,downtrend
1737171300,1737171299.999999,ETH/USD,SELL,0.584922,3419.255020302,1999.9974849850867,1.9999974849850868,downtrend
1737171600,1737171599.999999,ETH/USD,SELL,0.587385,3404.9208038670004,1999.9994063794181,1.9999994063794182,downtrend
1737171900,1737171899.999999,ETH/USD,SELL,0.591901,3378.939412266,1999.9976170596578,1.9999976170596578,downtrend
1737172200,1737172199.999999,ETH/USD,SELL,0.590165,3388.878468261,1999.9974612212532,1.9999974612212532,downtrend
1737172500,1737172499.999999,ETH/USD,SELL,0.591613,3380.5875974309997,1999.9995702789463,1.9999995702789464,downtrend
1737201900,1737201899.999999,ETH/USD,BUY,0.601568,3324.643421098999,1999.9990935436826,1.9999990935436827,uptrend
1737202200,1737202199.999999,ETH/USD,BUY,0.602124,3321.5700437919995,1999.997041048214,1.999997041048214,uptrend
1737202500,1737202499.999999,ETH/USD,BUY,0.603221,3315.5334101889994,1999.9993792276184,1.9999993792276185,uptrend
1737202800,1737202799.999999,BTC/USD,BUY,0.019237,103965.456716121,1999.9834908480198,1.9999834908480199,uptrend
1737203100,1737203099.999999,BTC/USD,BUY,0.019234,103979.03163347699,1999.9326944382965,1.9999326944382965,uptrend
1737203400,1737203399.999999,BTC/USD,BUY,0.019282,103723.42074494399,1999.99499880401,1.99999499880401,uptrend
1737203700,1737203699.999999,BTC/USD,BUY,0.01929,103676.03867721099,1999.9107860834001,1.9999107860834002,uptrend
1737204000,1737203999.999999,BTC/USD,BUY,0.019318,103528.65672048899,1999.966590526406,1.9999665905264061,uptrend
1737204300,1737204299.999999,BTC/USD,BUY,0.019296,103647.87773139798,1999.9894487050556,1.9999894487050556,uptrend
1737204600,1737204599.999999,ETH/USD,BUY,0.606799,3295.981925236,1999.9985362512793,1.9999985362512793,uptrend
1737204900,1737204899.999999,ETH/USD,BUY,0.606956,3295.130990151,1999.9995252580904,1.9999995252580904,uptrend
1737205200,1737205199.999999,ETH/USD,BUY,0.607253,3293.51921899,1999.9994262893345,1.9999994262893346,uptrend
1737205500,1737205499.999999,ETH/USD,BUY,0.607234,3293.6193289999997,1999.997639625986,1.999997639625986,uptrend
1737205800,1737205799.999999,ETH/USD,BUY,0.609008,3284.028790042,1999.9998053658983,1.9999998053658983,uptrend
1737206100,1737206099.999999,ETH/USD,BUY,0.605517,3302.9595929329994,1999.998183834011,1.9999981838340108,uptrend
1737209400,1737209399.999999,BTC/USD,BUY,0.019176,104291.675194707,1999.8971635337014,1.9998971635337015,uptrend
1737209700,1737209699.999999,BTC/USD,BUY,0.019172,104318.52469938897,1999.9947555366855,1.9999947555366855,uptrend
1737210000,1737209999.999999,BTC/USD,BUY,0.019137,104506.38113315398,1999.9386157451677,1.9999386157451677,uptrend
1737219000,1737218999.999999,ETH/USD,SELL,0.611363,3271.3778494979997,1999.9993762026456,1.9999993762026458,downtrend
1737219300,1737219299.999999,ETH/USD,SELL,0.612719,3264.135823773,1999.998037806369,1.999998037806369,downtrend
1737219600,1737219599.999999,ETH/USD,SELL,0.615323,3250.32103539,1999.9972904592807,1.9999972904592809,downtrend
1737219900,1737219899.999999,ETH/USD,SELL,0.612013,3267.90167715,1999.9983091376032,1.9999983091376032,downtrend
1737220200,1737220199.999999,BTC/USD,SELL,0.019348,103365.213414903,1999.9101491515435,1.9999101491515434,downtrend
1737220500,1737220499.999999,BTC/USD,SELL,0.019274,103762.685753694,1999.922005216698,1.999922005216698,downtrend
1737220800,1737220799.999999,BTC/USD,SELL,0.019248,103901.672713608,1999.899396391527,1.999899396391527,downtrend
1737221100,1737221099.999999,BTC/USD,SELL,0.019267,103799.215530351,1999.8994856232725,1.9998994856232726,downtrend
1737221400,1737221399.999999,BTC/USD,SELL,0.019271,103780.46617547401,1999.9533636675596,1.9999533636675597,downtrend
1737221700,1737221699.999999,BTC/USD,SELL,0.019256,103862.555785692,1999.9773742092852,1.9999773742092852,downtrend
1737222000,1737221999.999999,BTC/USD,SELL,0.01924,103949.44011638999,1999.9872278393434,1.9999872278393434,downtrend
1737222300,1737222299.999999,BTC/USD,SELL,0.019234,103978.847735334,1999.9291573414143,1.9999291573414144,downtrend
1737222600,1737222599.999999,ETH/USD,SELL,0.610425,3276.4023170010005,1999.9978843553356,1.9999978843553357,downtrend
1737222900,1737222899.999999,ETH/USD,SELL,0.61169,3269.629774323,1999.9998366556358,1.999999836655636,downtrend
1737223200,1737223199.999999,ETH/USD,SELL,0.614511,3254.61630582,1999.9975207057541,1.999997520705754,downtrend
1737223500,1737223499.999999,ETH/USD,SELL,0.612013,3267.90167715,1999.9983091376032,1.9999983091376032,downtrend
1737223800,1737223799.999999,ETH/USD,SELL,0.613639,3259.241213283,1999.9975188777669,1.999997518877767,downtrend
1737231300,1737231299.999999,BTC/USD,BUY,0.019136,104510.97618261298,1999.922040230482,1.999922040230482,uptrend
1737243900,1737243899.999999,ETH/USD,BUY,0.602657,3318.6368204989994,1999.9997103314654,1.9999997103314655,uptrend
1737244200,1737244199.999999,ETH/USD,BUY,0.602889,3317.3554123709996,1999.9970872089395,1.9999970872089397,uptrend
1737244500,1737244499.999999,ETH/USD,BUY,0.603106,3316.1641032519997,1999.9984676559006,1.9999984676559006,uptrend
1737244800,1737244799.999999,ETH/USD,BUY,0.603983,3311.3488117709994,1999.9983893798837,1.9999983893798838,uptrend
1737245100,1737245099.999999,ETH/USD,BUY,0.605396,3303.6203189989997,1999.9985266407186,1.9999985266407188,uptrend
1737245400,1737245399.999999,ETH/USD,BUY,0.604822,3306.7537623119997,1999.9974240290683,1.9999974240290683,uptrend
1737245700,1737245699.999999,ETH/USD,BUY,0.605374,3303.7404510109995,1999.9985717903328,1.9999985717903328,uptrend
1737246000,1737245999.999999,ETH/USD,BUY,0.602835,3317.6557424009998,1999.9989994703067,1.9999989994703067,uptrend
1737246300,1737246299.999999,ETH/USD,BUY,0.603135,3316.0039272359995,1999.9980286534844,1.9999980286534844,uptrend
1737254100,1737254099.999999,BTC/USD,BUY,0.018965,105453.00136571199,1999.9161709007278,1.9999161709007278,uptrend
1737254400,1737254399.999999,BTC/USD,BUY,0.019006,105225.64152200098,1999.9185427671505,1.9999185427671504,uptrend
1737254700,1737254699.999999,BTC/USD,BUY,0.019005,105232.17870565399,1999.9375563009542,1.9999375563009543,uptrend
1737255000,1737254999.999999,BTC/USD,BUY,0.019021,105144.40224888599,1999.9516751760605,1.9999516751760604,uptrend
1737255300,1737255299.999999,BTC/USD,BUY,0.019015,105179.67100540898,1999.9914441678518,1.999991444167852,uptrend
1737255600,1737255599.999999,BTC/USD,BUY,0.019048,104993.34625479698,1999.9132594613727,1.9999132594613727,uptrend
1737255900,1737255899.999999,BTC/USD,BUY,0.019036,105058.75813533098,1999.8985198641606,1.9998985198641606,uptrend
1737260700,1737260699.999999,ETH/USD,SELL,0.606667,3296.6999670329997,1999.9990789000087,1.9999990789000088,downtrend
1737261000,1737260999.999999,ETH/USD,SELL,0.606257,3298.9275142559995,1999.9978980102997,1.9999978980102997,downtrend
1737261300,1737261299.999999,ETH/USD,SELL,0.608572,3286.381329,1999.999658152188,1.999999658152188,downtrend
1737261600,1737261599.999999,ETH/USD,SELL,0.606523,3297.4791091110005,1999.9969216953316,1.9999969216953317,downtrend
1737261900,1737261899.999999,ETH/USD,SELL,0.606597,3297.079549071,1999.9985632278217,1.9999985632278217,downtrend
1737262200,1737262199.999999,ETH/USD,SELL,0.606707,3296.480209011,1999.997618168437,1.999997618168437,downtrend
1737262500,1737262499.999999,ETH/USD,SELL,0.608073,3289.0783592699995,1999.9997451563863,1.9999997451563865,downtrend
1737262800,1737262799.999999,ETH/USD,SELL,0.609774,3279.898467351,1999.9968080304886,1.9999968080304886,downtrend
1737263100,1737263099.999999,ETH/USD,SELL,0.611344,3271.477739508,1999.9982871817788,1.9999982871817787,downtrend
1737277500,1737277499.999999,BTC/USD,SELL,0.01918,104273.373429819,1999.9633023839283,1.9999633023839283,downtrend
1737277800,1737277799.999999,BTC/USD,SELL,0.019189,104224.866840963,1999.9709698112392,1.9999709698112393,downtrend
1737278100,1737278099.999999,BTC/USD,SELL,0.019229,104007.32637718502,1999.9568789068906,1.9999568789068907,downtrend
1737278400,1737278399.999999,BTC/USD,SELL,0.019289,103683.84256880099,1999.9576393096024,1.9999576393096026,downtrend
1737278700,1737278699.999999,BTC/USD,SELL,0.019326,103486.060349001,1999.9716023047931,1.999971602304793,downtrend
1737279000,1737278999.999999,BTC/USD,SELL,0.019195,104192.83211475599,1999.9814124427412,1.9999814124427413,downtrend
1737279300,1737279299.999999,BTC/USD,SELL,0.019166,104346.632763153,1999.9075635385902,1.9999075635385903,downtrend
1737279600,1737279599.999999,BTC/USD,SELL,0.019136,104514.747649983,1999.9942110300747,1.9999942110300748,downtrend
1737279900,1737279899.999999,BTC/USD,SELL,0.019147,104451.976767699,1999.941999171133,1.999941999171133,downtrend
1737292500,1737292499.999999,ETH/USD,BUY,0.623623,3207.0642143539994,1999.9990065480843,1.9999990065480844,uptrend
1737292800,1737292799.999999,ETH/USD,BUY,0.62283,3211.148702761999,1999.999746541256,1.999999746541256,uptrend
1737293100,1737293099.999999,ETH/USD,BUY,0.622036,3215.2432021709997,1999.99702050564,1.99999702050564,uptrend
1737293400,1737293399.999999,ETH/USD,BUY,0.621143,3219.868284633,1999.9986459217953,1.9999986459217953,uptrend
1737293700,1737293699.999999,ETH/USD,BUY,0.621292,3219.0974375559995,1999.9994851740419,1.999999485174042,uptrend
1737294000,1737293999.999999,ETH/USD,BUY,0.622182,3214.492377096,1999.9992961663434,1.9999992961663433,uptrend
1737294300,1737294299.999999,ETH/USD,BUY,0.622379,3213.471254994,1999.9970262119107,1.9999970262119107,uptrend
1737294600,1737294599.999999,ETH/USD,BUY,0.624645,3201.8184498299997,1999.9998855940603,1.9999998855940604,uptrend
1737294900,1737294899.999999,ETH/USD,BUY,0.622927,3210.6481527119995,1999.9994218244278,1.999999421824428,uptrend
1737316800,1737316799.999999,BTC/USD,BUY,0.018811,106316.83061999998,1999.9259007928197,1.9999259007928196,uptrend
1737317100,1737317099.999999,BTC/USD,BUY,0.018783,106474.57396275699,1999.9119227424646,1.9999119227424647,uptrend
1737317400,1737317399.999999,BTC/USD,BUY,0.018821,106262.77121459998,1999.9716170299864,1.9999716170299864,uptrend
1737317700,1737317699.999999,BTC/USD,BUY,0.018833,106191.012359432,1999.8953357651828,1.999895335765183,uptrend
1737318000,1737317999.999999,BTC/USD,BUY,0.018874,105964.463406802,1999.9732823399806,1.9999732823399807,uptrend
1737318300,1737318299.999999,BTC/USD,BUY,0.018852,106087.36846607899,1999.9590703225213,1.9999590703225214,uptrend
1737318600,1737318599.999999,BTC/USD,BUY,0.018865,106011.33491348398,1999.9038331428753,1.9999038331428753,uptrend
1737318900,1737318899.999999,BTC/USD,BUY,0.018844,106132.27781656498,1999.9566431753503,1.9999566431753504,uptrend
1737319200,1737319199.999999,BTC/USD,BUY,0.018796,106401.21334742899,1999.9172060782753,1.9999172060782753,uptrend
1737320700,1737320699.999999,ETH/USD,SELL,0.599276,3337.355201103,1999.9968754962017,1.9999968754962016,downtrend
1737321000,1737320999.999999,ETH/USD,SELL,0.594497,3364.185657789,1999.9982809985872,1.9999982809985872,downtrend
1737321300,1737321299.999999,ETH/USD,SELL,0.593431,3370.229003394,1999.998367713105,1.999998367713105,downtrend
1737321600,1737321599.999999,ETH/USD,SELL,0.593966,3367.19234709,1999.997769631659,1.9999977696316589,downtrend
1737321900,1737321899.999999,ETH/USD,SELL,0.596934,3350.4507814139997,1999.9979867525844,1.9999979867525846,downtrend
1737322200,1737322199.999999,ETH/USD,SELL,0.616003,3246.7349840310003,1999.9984903680481,1.999998490368048,downtrend
1737322500,1737322499.999999,ETH/USD,SELL,0.608951,3284.333583795,1999.9982201855491,1.9999982201855493,downtrend
1737322800,1737322799.999999,ETH/USD,SELL,0.61041,3276.482229009,1999.9975174093838,1.9999975174093838,downtrend
1737323100,1737323099.999999,ETH/USD,SELL,0.615287,3250.510826409,1999.9970548487145,1.9999970548487145,downtrend
1737323400,1737323399.999999,ETH/USD,SELL,0.618758,3232.2808995840005,1999.999664864797,1.999999664864797,downtrend
1737324000,1737323999.999999,BTC/USD,SELL,0.01931,103570.38749544299,1999.9441825370043,1.9999441825370043,downtrend
1737324300,1737324299.999999,BTC/USD,SELL,0.019422,102971.13733645201,1999.9054293485708,1.9999054293485707,downtrend
1737324600,1737324599.999999,BTC/USD,SELL,0.019431,102928.144676148,1999.996779202232,1.999996779202232,downtrend
1737324900,1737324899.999999,BTC/USD,SELL,0.019243,103933.5576048,1999.9934489891662,1.9999934489891662,downtrend
1737325200,1737325199.999999,BTC/USD,SELL,0.019207,104125.346424,1999.935528765768,1.9999355287657679,downtrend
1737325500,1737325499.999999,BTC/USD,SELL,0.0193,103623.568936767,1999.9348804796032,1.9999348804796033,downtrend
1737325800,1737325799.999999,BTC/USD,SELL,0.019219,104062.895189748,1999.9847826517669,1.999984782651767,downtrend
1737326100,1737326099.999999,BTC/USD,SELL,0.019286,103700.504222469,1999.9679244345373,1.9999679244345374,downtrend
1737326400,1737326399.999999,BTC/USD,SELL,0.019419,102991.115338452,1999.9844687573993,1.9999844687573993,downtrend
1737340500,1737340499.999999,ETH/USD,BUY,0.610593,3275.49941719,1999.9970156402937,1.9999970156402938,uptrend
1737340800,1737340799.999999,ETH/USD,BUY,0.61301,3262.5852258999994,1999.9973693289587,1.9999973693289588,uptrend
1737341100,1737341099.999999,ETH/USD,BUY,0.616816,3242.453102888999,1999.996953111581,1.999996953111581,uptrend
1737341400,1737341399.999999,BTC/USD,BUY,0.019627,101898.92582369498,1999.9702171416614,1.9999702171416613,uptrend
1737341700,1737341699.999999,BTC/USD,BUY,0.019625,101905.76333737798,1999.900605496043,1.999900605496043,uptrend
1737342000,1737341999.999999,BTC/USD,BUY,0.0196,102038.68940865599,1999.9583124096573,1.9999583124096574,uptrend
1737342300,1737342299.999999,BTC/USD,BUY,0.019626,101903.17048811898,1999.9516239998231,1.9999516239998232,uptrend
1737342600,1737342599.999999,BTC/USD,BUY,0.019612,101974.19854021398,1999.9179817706768,1.9999179817706767,uptrend
1737342900,1737342899.999999,BTC/USD,BUY,0.019625,101907.88566958999,1999.9422562657035,1.9999422562657034,uptrend
1737343200,1737343199.999999,BTC/USD,BUY,0.019588,102102.99006807899,1999.9933694535314,1.9999933694535315,uptrend
1737343500,1737343499.999999,BTC/USD,BUY,0.019639,101834.43495525299,1999.9264680862134,1.9999264680862134,uptrend
1737343800,1737343799.999999,BTC/USD,BUY,0.019652,101765.799532397,1999.9014924106657,1.9999014924106657,uptrend
1737344100,1737344099.999999,ETH/USD,BUY,0.612336,3266.1791752589997,1999.9990914613948,1.9999990914613948,uptrend
1737344400,1737344399.999999,ETH/USD,BUY,0.612143,3267.2103083619995,1999.9999197916395,1.9999999197916396,uptrend
1737344700,1737344699.999999,ETH/USD,BUY,0.610405,3276.5105282909994,1999.9984090214675,1.9999984090214675,uptrend
1737345000,1737344999.999999,ETH/USD,BUY,0.611844,3268.802057521,1999.9969260818789,1.9999969260818788,uptrend
1737345300,1737345299.999999,ETH/USD,BUY,0.610733,3274.7485921149996,1999.99703190817,1.99999703190817,uptrend
1737345600,1737345599.999999,ETH/USD,BUY,0.610519,3275.8998572299997,1999.9991049362022,1.9999991049362023,uptrend
1737368400,1737368399.999999,ETH/USD,SELL,0.591983,3378.4699292190003,1999.9967641088515,1.9999967641088516,downtrend
1737368700,1737368699.999999,ETH/USD,SELL,0.59127,3382.545441627,1999.997643270796,1.9999976432707962,downtrend
1737369000,1737368999.999999,ETH/USD,SELL,0.590818,3385.132592886,1999.9972682637206,1.9999972682637206,downtrend
1737369300,1737369299.999999,ETH/USD,SELL,0.593459,3370.069179378,1999.9978851244884,1.9999978851244884,downtrend
1737369600,1737369599.999999,ETH/USD,SELL,0.594125,3366.293337,1999.9990288451252,1.9999990288451253,downtrend
1737369900,1737369899.999999,ETH/USD,SELL,0.593595,3369.3000263010003,1999.9996491121422,1.9999996491121421,downtrend
1737370200,1737370199.999999,ETH/USD,SELL,0.593799,3368.141302185,1999.9989370961507,1.9999989370961508,downtrend
1737370500,1737370499.999999,ETH/USD,SELL,0.595952,3355.974698967,1999.9998337987818,1.9999998337987819,downtrend
1737370800,1737370799.999999,ETH/USD,SELL,0.597062,3349.731573342,1999.9974326427212,1.9999974326427212,downtrend
1737376200,1737376199.999999,BTC/USD,SELL,0.018772,106538.669087598,1999.9438961123897,1.9999438961123897,downtrend
1737376500,1737376499.999999,BTC/USD,SELL,0.018735,106747.978614552,1999.923379343632,1.999923379343632,downtrend
1737376800,1737376799.999999,BTC/USD,SELL,0.018843,106139.958112683,1999.9952307172857,1.9999952307172857,downtrend
1737377100,1737377099.999999,BTC/USD,SELL,0.018804,106358.8870476,1999.9725120430705,1.9999725120430705,downtrend
1737377400,1737377399.999999,BTC/USD,SELL,0.01871,106892.749206045,1999.963337645102,1.999963337645102,downtrend
1737377700,1737377699.999999,BTC/USD,SELL,0.018689,107010.07002279,1999.9111986559224,1.9999111986559224,downtrend
1737378000,1737377999.999999,BTC/USD,SELL,0.018726,106801.22997888301,1999.9598325845632,1.9999598325845631,downtrend
1737378300,1737378299.999999,BTC/USD,SELL,0.018697,106966.08845138698,1999.9449557755822,1.9999449557755822,downtrend
1737378600,1737378599.999999,BTC/USD,SELL,0.018715,106862.462555013,1999.9309867170682,1.9999309867170683,downtrend
1737385500,1737385499.999999,ETH/USD,BUY,0.595278,3359.7720236079995,1999.9983706693226,1.9999983706693227,uptrend
1737385800,1737385799.999999,ETH/USD,BUY,0.594424,3364.5973260899996,1999.9974009637217,1.9999974009637218,uptrend
1737386100,1737386099.999999,ETH/USD,BUY,0.593684,3368.7919355089994,1999.9978714407248,1.999997871440725,uptrend
1737386400,1737386399.999999,ETH/USD,BUY,0.594548,3363.8965560199995,1999.9979695885786,1.9999979695885786,uptrend
1737386700,1737386699.999999,ETH/USD,BUY,0.594426,3364.5873150889993,1999.9981793590935,1.9999981793590935,uptrend
1737387000,1737386999.999999,ETH/USD,BUY,0.592097,3377.8218584109995,1999.9981888995776,1.9999981888995777,uptrend
1737387300,1737387299.999999,ETH/USD,BUY,0.595493,3358.5606924869994,1999.999382451161,1.999999382451161,uptrend
1737387600,1737387599.999999,ETH/USD,BUY,0.593778,3368.2613524559997,1999.9994893386188,1.9999994893386188,uptrend
1737387900,1737387899.999999,ETH/USD,BUY,0.594863,3362.1145978419995,1999.9975760160855,1.9999975760160855,uptrend
1737395100,1737395099.999999,ETH/USD,SELL,0.619717,3227.276410083,1999.9980550274063,1.9999980550274064,downtrend
1737395400,1737395399.999999,ETH/USD,SELL,0.610704,3274.9039668510004,1999.9969521717735,1.9999969521717735,downtrend
1737395700,1737395699.999999,ETH/USD,SELL,0.603527,3313.85108175,1999.9986018153324,1.9999986018153324,downtrend
1737396000,1737395999.999999,ETH/USD,SELL,0.608021,3289.3580512979997,1999.9987717082613,1.9999987717082612,downtrend
1737396300,1737396299.999999,ETH/USD,SELL,0.606147,3299.526854316,1999.9983041630805,1.9999983041630807,downtrend
1737396600,1737396599.999999,ETH/USD,SELL,0.604347,3309.3560313000003,1999.9993894480613,1.9999993894480612,downtrend
1737396900,1737396899.999999,ETH/USD,SELL,0.605267,3304.3215747960003,1999.9968066120507,1.9999968066120508,downtrend
1737397200,1737397199.999999,ETH/USD,SELL,0.608472,3286.920735054,1999.9992334997776,1.9999992334997776,downtrend
1737397500,1737397499.999999,ETH/USD,SELL,0.603172,3315.7989369449997,1999.9970763949896,1.9999970763949897,downtrend
1737402600,1737402599.999999,ETH/USD,BUY,0.597216,3348.870043519,1999.998771910243,1.999998771910243,uptrend
1737402900,1737402899.999999,ETH/USD,BUY,0.596654,3352.0235088339996,1999.9982346398413,1.9999982346398413,uptrend
1737403200,1737403199.999999,ETH/USD,BUY,0.59752,3347.168173348999,1999.9999269394941,1.9999999269394941,uptrend
1737403500,1737403499.999999,ETH/USD,BUY,0.599136,3338.1382504469993,1999.9987988198134,1.9999987988198134,uptrend
1737403800,1737403799.999999,ETH/USD,BUY,0.598608,3341.0814847409993,1999.9981054178402,1.9999981054178402,uptrend
1737404100,1737404099.999999,ETH/USD,BUY,0.599769,3334.614378094999,1999.9983309356596,1.9999983309356597,uptrend
1737404700,1737404699.999999,ETH/USD,BUY,0.600463,3330.76014271,1999.9982275720745,1.9999982275720745,uptrend
1737405300,1737405299.999999,ETH/USD,BUY,0.599742,3334.7645431099995,1999.9983566138774,1.9999983566138775,uptrend
1737405600,1737405599.999999,ETH/USD,BUY,0.598622,3341.0013967329996,1999.9969381151016,1.9999969381151017,uptrend
1737408300,1737408299.999999,BTC/USD,BUY,0.019228,104014.29037899898,1999.9867754073923,1.9999867754073923,uptrend
1737408600,1737408599.999999,BTC/USD,BUY,0.019263,103824.27156901799,1999.9669432339933,1.9999669432339933,uptrend
1737410700,1737410699.999999,ETH/USD,SELL,0.614355,3255.445392903,1999.9991543569226,1.9999991543569227,downtrend
1737411000,1737410999.999999,BTC/USD,SELL,0.019524,102434.288466708,1999.927048024007,1.999927048024007,downtrend
1737411300,1737411299.999999,BTC/USD,SELL,0.019517,102470.438661327,1999.915551353119,1.999915551353119,downtrend
1737411600,1737411599.999999,ETH/USD,SELL,0.607639,3291.425774505,1999.9986661944438,1.9999986661944438,downtrend
1737411900,1737411899.999999,ETH/USD,SELL,0.608638,3286.021724964,1999.9976906386391,1.9999976906386392,downtrend
1737412200,1737412199.999999,ETH/USD,SELL,0.6058,3301.4147755050003,1999.9970710009293,1.9999970710009294,downtrend
1737412500,1737412499.999999,ETH/USD,SELL,0.603758,3312.582478623,1999.9981721284653,1.9999981721284654,downtrend
1737412800,1737412799.999999,ETH/USD,SELL,0.60456,3308.187318183,1999.9977250807144,1.9999977250807144,downtrend
1737413100,1737413099.999999,ETH/USD,SELL,0.603984,3311.343842499,1999.9986993679158,1.999998699367916,downtrend
1737413400,1737413399.999999,ETH/USD,SELL,0.6038,3312.3527316,1999.99857934008,1.9999985793400799,downtrend
1737413700,1737413699.999999,ETH/USD,SELL,0.60272,3318.286198194,1999.9974573754878,1.9999974573754877,downtrend
1737429600,1737429599.999999,BTC/USD,BUY,0.019407,103052.10303988599,1999.9321636950674,1.9999321636950675,uptrend
1737429900,1737429899.999999,BTC/USD,BUY,0.019398,103100.60633973099,1999.9455617781016,1.9999455617781017,uptrend
1737430200,1737430199.999999,BTC/USD,BUY,0.019415,103011.20810080097,1999.962605277051,1.999962605277051,uptrend
1737430500,1737430499.999999,BTC/USD,BUY,0.019409,103040.720531749,1999.9173448007164,1.9999173448007164,uptrend
1737430800,1737430799.999999,BTC/USD,BUY,0.019383,103181.3851068,1999.9647875251044,1.9999647875251043,uptrend
1737431100,1737431099.999999,BTC/USD,BUY,0.019384,103174.64770312699,1999.9373710774134,1.9999373710774135,uptrend
1737431400,1737431399.999999,BTC/USD,BUY,0.019389,103149.66024463098,1999.9687624831502,1.9999687624831501,uptrend
1737431700,1737431699.999999,BTC/USD,BUY,0.019379,103201.40710879999,1999.9400683614351,1.9999400683614352,uptrend
1737432000,1737431999.999999,BTC/USD,BUY,0.019408,103049.24990460098,1999.979842148496,1.999979842148496,uptrend
1737438300,1737438299.999999,BTC/USD,SELL,0.019689,101575.444149729,1999.9189198640145,1.9999189198640146,downtrend
1737438600,1737438599.999999,BTC/USD,SELL,0.019729,101371.17906828,1999.9519918380963,1.9999519918380964,downtrend
1737438900,1737438899.999999,BTC/USD,SELL,0.019725,101390.35795019999,1999.9248105676947,1.9999248105676948,downtrend
1737439200,1737439199.999999,BTC/USD,SELL,0.019752,101254.487558598,1999.9786382574277,1.9999786382574278,downtrend
1737439500,1737439499.999999,BTC/USD,SELL,0.019728,101376.80287584299,1999.9615671346303,1.9999615671346302,downtrend
1737439800,1737439799.999999,BTC/USD,SELL,0.019666,101698.31885103001,1999.999138524356,1.999999138524356,downtrend
1737440100,1737440099.999999,BTC/USD,SELL,0.019671,101668.062167001,1999.9124508870768,1.999912450887077,downtrend
1737440400,1737440399.999999,BTC/USD,SELL,0.019658,101737.335888936,1999.9525489047037,1.9999525489047036,downtrend
1737440700,1737440699.999999,BTC/USD,SELL,0.019644,101810.365475247,1999.962819395752,1.999962819395752,downtrend
1737446100,1737446099.999999,ETH/USD,BUY,0.614579,3254.2560730679998,1999.9974431300582,1.9999974431300582,uptrend
1737446400,1737446399.999999,ETH/USD,BUY,0.61382,3258.280495469999,1999.997733729395,1.999997733729395,uptrend
1737446700,1737446699.999999,ETH/USD,BUY,0.615119,3251.4029377829997,1999.999723686141,1.9999997236861409,uptrend
1737447000,1737446999.999999,ETH/USD,BUY,0.613136,3261.9144888329993,1999.9972020251098,1.9999972020251098,uptrend
1737447300,1737447299.999999,ETH/USD,BUY,0.612918,3263.0757649489997,1999.9978717010108,1.999997871701011,uptrend
1737447600,1737447599.999999,ETH/USD,BUY,0.612364,3266.0290102439994,1999.9985888290566,1.9999985888290568,uptrend
1737447900,1737447899.999999,ETH/USD,BUY,0.613127,3261.9645438379994,1999.998534869761,1.999998534869761,uptrend
1737448200,1737448199.999999,ETH/USD,BUY,0.613155,3261.814378823,1999.9977954472165,1.9999977954472166,uptrend
1737448500,1737448499.999999,ETH/USD,BUY,0.613865,3258.0402314459993,1999.9968666765983,1.9999968666765984,uptrend
1737450600,1737450599.999999,BTC/USD,BUY,0.019425,102958.97069758299,1999.9780058005497,1.9999780058005496,uptrend
1737450900,1737450899.999999,BTC/USD,BUY,0.019482,102656.17796133699,1999.947659042767,1.9999476590427672,uptrend
1737451200,1737451199.999999,BTC/USD,BUY,0.019513,102492.81844701899,1999.9423663566815,1.9999423663566815,uptrend
1737451500,1737451499.999999,BTC/USD,BUY,0.019528,102412.02966894899,1999.902115375236,1.999902115375236,uptrend
1737451800,1737451799.999999,BTC/USD,BUY,0.019521,102451.563111898,1999.9569635073608,1.9999569635073609,uptrend
1737452100,1737452099.999999,BTC/USD,BUY,0.019513,102491.597104897,1999.918534307855,1.999918534307855,uptrend
1737452700,1737452699.999999,BTC/USD,BUY,0.019492,102606.102934335,1999.9981583960575,1.9999981583960575,uptrend
1737453000,1737452999.999999,BTC/USD,BUY,0.019457,102790.54561675897,1999.9956460652793,1.9999956460652792,uptrend
1737453300,1737453299.999999,BTC/USD,BUY,0.019453,102811.829004885,1999.9985096320281,1.999998509632028,uptrend
1737472800,1737472799.999999,BTC/USD,SELL,0.019357,103317.316155108,1999.9132888144254,1.9999132888144255,downtrend
1737473100,1737473099.999999,BTC/USD,SELL,0.019355,103330.751361453,1999.966692600923,1.999966692600923,downtrend
1737473400,1737473399.999999,BTC/USD,SELL,0.019303,103605.99828400799,1999.9065848762064,1.9999065848762063,downtrend
1737473700,1737473699.999999,BTC/USD,SELL,0.019315,103545.604783962,1999.9833564022258,1.9999833564022258,downtrend
1737474000,1737473999.999999,BTC/USD,SELL,0.019307,103587.468687153,1999.963257942863,1.999963257942863,downtrend
1737474300,1737474299.999999,BTC/USD,SELL,0.019286,103699.675135386,1999.9519346610546,1.9999519346610546,downtrend
1737474600,1737474599.999999,BTC/USD,SELL,0.019328,103471.696165563,1999.9009434880018,1.9999009434880017,downtrend
1737474900,1737474899.999999,BTC/USD,SELL,0.019281,103726.935119115,1999.9590360316563,1.9999590360316564,downtrend
1737475200,1737475199.999999,BTC/USD,SELL,0.019262,103828.66310529901,1999.9477087342698,1.9999477087342699,downtrend
1737475500,1737475499.999999,ETH/USD,SELL,0.607751,3290.8164454440002,1999.9969855350366,1.9999969855350366,downtrend
1737477300,1737477299.999999,BTC/USD,BUY,0.018927,105668.327986221,1999.984443795205,1.999984443795205,uptrend
1737477600,1737477599.999999,BTC/USD,BUY,0.018998,105271.6821156,1999.951416832169,1.999951416832169,uptrend
1737477900,1737477899.999999,BTC/USD,BUY,0.019007,105220.09542744698,1999.9183537894849,1.999918353789485,uptrend
1737478200,1737478199.999999,BTC/USD,BUY,0.018914,105737.98453117898,1999.9282394227193,1.9999282394227194,uptrend
1737478500,1737478499.999999,BTC/USD,BUY,0.018974,105405.22886893999,1999.9588125592675,1.9999588125592676,uptrend
1737478800,1737478799.999999,BTC/USD,BUY,0.019032,105081.463085599,1999.9104054451202,1.9999104054451202,uptrend
1737479100,1737479099.999999,BTC/USD,BUY,0.019023,105133.53030179998,1999.9551469311414,1.9999551469311414,uptrend
1737479400,1737479399.999999,BTC/USD,BUY,0.018974,105403.82732879999,1999.9322197366512,1.9999322197366511,uptrend
1737479700,1737479699.999999,BTC/USD,BUY,0.018938,105606.22974701799,1999.9707789490267,1.9999707789490266,uptrend
1737480000,1737479999.999999,ETH/USD,BUY,0.601838,3323.1517819499995,1999.9990221452238,1.9999990221452237,uptrend
1737493200,1737493199.999999,ETH/USD,SELL,0.604093,3310.744502439,1999.9975787118829,1.9999975787118829,downtrend
1737493500,1737493499.999999,ETH/USD,SELL,0.604265,3309.805536345,1999.9996424195115,1.9999996424195114,downtrend
1737493800,1737493799.999999,ETH/USD,SELL,0.605075,3305.3704199010003,1999.9970068215978,1.9999970068215978,downtrend
1737494100,1737494099.999999,ETH/USD,SELL,0.604999,3305.789957943,1999.999618765557,1.999999618765557,downtrend
1737494400,1737494399.999999,ETH/USD,SELL,0.604414,3308.986438263,1999.997729096293,1.999997729096293,downtrend
1737494700,1737494699.999999,ETH/USD,SELL,0.605352,3303.86208075,1999.9995183061742,1.9999995183061743,downtrend
1737495000,1737494999.999999,BTC/USD,SELL,0.018846,106118.45179353001,1999.9083425008666,1.9999083425008666,downtrend
1737495300,1737495299.999999,BTC/USD,SELL,0.018794,106412.607894978,1999.9185527782167,1.9999185527782168,downtrend
1737495600,1737495599.999999,BTC/USD,SELL,0.018815,106295.307056235,1999.9462022630614,1.9999462022630614,downtrend
1737495900,1737495899.999999,ETH/USD,SELL,0.601222,3326.557091022,1999.999307378429,1.999999307378429,downtrend
1737496200,1737496199.999999,ETH/USD,SELL,0.601317,3326.027673969,1999.996982828017,1.999996982828017,downtrend
1737496500,1737496499.999999,ETH/USD,SELL,0.601388,3325.63810293,1999.998847444867,1.999998847444867,downtrend
1737501600,1737501599.999999,BTC/USD,SELL,0.018883,105913.97694306001,1999.9736266158022,1.9999736266158024,downtrend
1737501900,1737501899.999999,BTC/USD,SELL,0.018927,105668.04773844,1999.9791395454538,1.9999791395454538,downtrend
1737502200,1737502199.999999,BTC/USD,SELL,0.018937,105607.86400741499,1999.8961207084176,1.9998961207084176,downtrend
1737502500,1737502499.999999,BTC/USD,SELL,0.018926,105673.641579,1999.979340524154,1.999979340524154,downtrend
1737502800,1737502799.999999,BTC/USD,SELL,0.018888,105881.95220585399,1999.89831326417,1.99989831326417,downtrend
1737503100,1737503099.999999,BTC/USD,SELL,0.018885,105898.78367253901,1999.898529655899,1.999898529655899,downtrend
1737510000,1737509999.999999,ETH/USD,BUY,0.599073,3338.4886354819996,1999.998402324108,1.999998402324108,uptrend
1737527100,1737527099.999999,ETH/USD,SELL,0.604571,3308.127384177,1999.997880779273,1.9999978807792729,downtrend
1737545700,1737545699.999999,ETH/USD,BUY,0.603572,3313.601286996,1999.9969559947497,1.9999969559947497,uptrend
1737546000,1737545999.999999,ETH/USD,BUY,0.603119,3316.0940262449994,1999.9993130148578,1.999999313014858,uptrend
1737546300,1737546299.999999,ETH/USD,BUY,0.602348,3320.338690669,1999.9993696470906,1.9999993696470906,uptrend
1737546600,1737546599.999999,ETH/USD,BUY,0.602344,3320.3587126709995,1999.9981484251005,1.9999981484251006,uptrend
1737546900,1737546899.999999,ETH/USD,BUY,0.600409,3331.0604727399996,1999.9986873773503,1.9999986873773503,uptrend
1737547200,1737547199.999999,ETH/USD,BUY,0.600562,3330.209537655,1999.9973003531622,1.9999973003531624,uptrend
1737547500,1737547499.999999,ETH/USD,BUY,0.600503,3330.5399006879998,1999.999201982846,1.999999201982846,uptrend
1737547800,1737547799.999999,ETH/USD,BUY,0.601303,3326.1050272449993,1999.9969311974999,1.9999969311974999,uptrend
1737548100,1737548099.999999,ETH/USD,BUY,0.60139,3325.6244991969997,1999.9973175720836,1.9999973175720835,uptrend
1737555000,1737554999.999999,ETH/USD,SELL,0.609992,3278.729754234,1999.9989202447061,1.9999989202447062,downtrend
1737555300,1737555299.999999,ETH/USD,SELL,0.609698,3280.3080163920004,1999.9972369781697,1.9999972369781698,downtrend
1737555600,1737555599.999999,ETH/USD,SELL,0.608781,3285.2525718869997,1999.9993459659397,1.9999993459659398,downtrend
1737555900,1737555899.999999,ETH/USD,SELL,0.608069,3289.0983372719998,1999.9987368466475,1.9999987368466476,downtrend
1737556200,1737556199.999999,ETH/USD,SELL,0.605408,3303.552421719,1999.9970645280562,1.9999970645280563,downtrend
1737556500,1737556499.999999,ETH/USD,SELL,0.605843,3301.1850284820002,1999.9998412106206,1.9999998412106206,downtrend
1737556800,1737556799.999999,ETH/USD,SELL,0.607576,3291.765400539,1999.9976549978835,1.9999976549978835,downtrend
1737557100,1737557099.999999,ETH/USD,SELL,0.609116,3283.444562706,1999.998618257228,1.999998618257228,downtrend
1737557400,1737557399.999999,ETH/USD,SELL,0.609509,3281.326894494,1999.9982741361434,1.9999982741361435,downtrend
1737576900,1737576899.999999,BTC/USD,BUY,0.019104,104687.269910223,1999.9456043649,1.9999456043649,uptrend
1737583200,1737583199.999999,BTC/USD,SELL,0.019235,103972.464763695,1999.910359729673,1.999910359729673,downtrend
1737620100,1737620099.999999,ETH/USD,BUY,0.618947,3231.290836773999,1999.9977695487567,1.9999977695487567,uptrend
1737620400,1737620399.999999,ETH/USD,BUY,0.618955,3231.2507927699994,1999.998834438955,1.9999988344389552,uptrend
1737620700,1737620699.999999,ETH/USD,BUY,0.620044,3225.574555203,1999.9981495062889,1.9999981495062888,uptrend
1737621000,1737620999.999999,ETH/USD,BUY,0.620034,3225.6246102079995,1999.9969295657068,1.9999969295657067,uptrend
1737621300,1737621299.999999,ETH/USD,BUY,0.620628,3222.5412218999995,1999.9993134653528,1.9999993134653529,uptrend
1737621600,1737621599.999999,ETH/USD,BUY,0.619709,3227.3164693769995,1999.9970619211508,1.999997061921151,uptrend
1737621900,1737621899.999999,ETH/USD,BUY,0.620518,3223.111848957,1999.9989182910997,1.9999989182910998,uptrend
1737627300,1737627299.999999,ETH/USD,SELL,0.625234,3198.797768232,1999.9971238227663,1.9999971238227663,downtrend
1737627600,1737627599.999999,ETH/USD,SELL,0.625355,3198.17845017,1999.9968847060602,1.9999968847060603,downtrend
1737627900,1737627899.999999,ETH/USD,SELL,0.623737,3206.4793100010006,1999.9997853820942,1.999999785382094,downtrend
1737628200,1737628199.999999,ETH/USD,SELL,0.623735,3206.489299002,1999.9996029130125,1.9999996029130125,downtrend
1737628500,1737628499.999999,ETH/USD,SELL,0.624495,3202.583599611,1999.9974450390714,1.9999974450390714,downtrend
1737628800,1737628799.999999,ETH/USD,SELL,0.625563,3197.1196160639997,1999.9997383838438,1.999999738383844,downtrend
1737640800,1737640799.999999,ETH/USD,BUY,0.617751,3237.5477123989995,1999.9983368821945,1.9999983368821945,uptrend
1737641100,1737641099.999999,ETH/USD,BUY,0.618673,3232.722409917,1999.99807151058,1.99999807151058,uptrend
1737641400,1737641399.999999,ETH/USD,BUY,0.618284,3234.7546431199994,1999.9970397668055,1.9999970397668057,uptrend
1737641700,1737641699.999999,ETH/USD,BUY,0.618049,3235.985996242999,1999.9979089919893,1.9999979089919895,uptrend
1737642000,1737641999.999999,ETH/USD,BUY,0.6193,3229.4488125899993,1999.9976496369864,1.9999976496369865,uptrend
1737642300,1737642299.999999,BTC/USD,BUY,0.019518,102468.66190160598,1999.9833429955456,1.9999833429955456,uptrend
1737642600,1737642599.999999,BTC/USD,BUY,0.019501,102555.17697224798,1999.928506135808,1.999928506135808,uptrend
1737642900,1737642899.999999,BTC/USD,BUY,0.019193,104201.75638372499,1999.944310272834,1.999944310272834,uptrend
1737643200,1737643199.999999,BTC/USD,BUY,0.01908,104819.17485939899,1999.9498563173327,1.9999498563173328,uptrend
1737643500,1737643499.999999,BTC/USD,BUY,0.019037,105056.38552809399,1999.958411298325,1.999958411298325,uptrend
1737643800,1737643799.999999,BTC/USD,BUY,0.01886,106043.099819657,1999.972862598731,1.999972862598731,uptrend
1737644100,1737644099.999999,BTC/USD,BUY,0.019003,105244.04174183898,1999.952525220166,1.9999525252201662,uptrend
1737644400,1737644399.999999,BTC/USD,BUY,0.018988,105329.34548136,1999.9936120000636,1.9999936120000636,uptrend
1737644700,1737644699.999999,BTC/USD,BUY,0.018897,105836.83315505298,1999.9986361310364,1.9999986361310365,uptrend
1737645000,1737644999.999999,ETH/USD,BUY,0.614978,3252.143751857,1999.9968602295144,1.9999968602295144,uptrend
1737645300,1737645299.999999,ETH/USD,BUY,0.61594,3247.0681743499995,1999.9991713091388,1.9999991713091387,uptrend
1737645600,1737645599.999999,ETH/USD,BUY,0.618416,3234.0638840509996,1999.996850919283,1.999996850919283,uptrend
1737660000,1737659999.999999,ETH/USD,SELL,0.623805,3206.129694966,1999.9997343682658,1.9999997343682658,downtrend
1737660300,1737660299.999999,ETH/USD,SELL,0.62348,3207.797858133,1999.9978085887628,1.9999978085887629,downtrend
1737660600,1737660599.999999,ETH/USD,SELL,0.622912,3210.724635426,1999.9989041024805,1.9999989041024806,downtrend
1737660900,1737660899.999999,ETH/USD,SELL,0.621933,3215.7790699320003,1999.9991243000186,1.9999991243000186,downtrend
1737661200,1737661199.999999,BTC/USD,SELL,0.019098,104719.39231347,1999.93095440265,1.99993095440265,downtrend
1737661500,1737661499.999999,BTC/USD,SELL,0.019108,104667.14983824,1999.97989910909,1.99997989910909,downtrend
1737661800,1737661799.999999,BTC/USD,SELL,0.019259,103845.015099936,1999.9511458096674,1.9999511458096675,downtrend
1737662100,1737662099.999999,BTC/USD,SELL,0.019359,103307.34713211001,1999.9269331305177,1.9999269331305176,downtrend
1737662400,1737662399.999999,BTC/USD,SELL,0.019294,103655.913322005,1999.9371916347643,1.9999371916347644,downtrend
1737662700,1737662699.999999,BTC/USD,SELL,0.019311,103562.845799688,1999.9021152377748,1.9999021152377747,downtrend
1737663000,1737662999.999999,BTC/USD,SELL,0.019268,103797.7071912,1999.9742221600416,1.9999742221600416,downtrend
1737663300,1737663299.999999,BTC/USD,SELL,0.019096,104730.709851603,1999.9376353262105,1.9999376353262106,downtrend
1737663600,1737663599.999999,BTC/USD,SELL,0.019141,104482.732901778,1999.9039904729325,1.9999039904729325,downtrend
1737663900,1737663899.999999,ETH/USD,SELL,0.6102,3277.6109861219998,1999.9982237316442,1.9999982237316443,downtrend
1737664200,1737664199.999999,ETH/USD,SELL,0.609862,3279.4289843039996,1999.999119225606,1.999999119225606,downtrend
1737664500,1737664499.999999,ETH/USD,SELL,0.610449,3276.2724599880003,1999.9972469272147,1.9999972469272147,downtrend
1737666000,1737665999.999999,ETH/USD,BUY,0.615244,3250.7422117169995,1999.9996413056137,1.9999996413056138,uptrend
1737667500,1737667499.999999,ETH/USD,BUY,0.615727,3248.1894064619996,1999.9979186726277,1.9999979186726278,uptrend
1737671100,1737671099.999999,ETH/USD,BUY,0.606315,3298.6148184989993,1999.999643678221,1.999999643678221,uptrend
1737671400,1737671399.999999,ETH/USD,BUY,0.606851,3295.701617208,1999.999822104292,1.999999822104292,uptrend
1737671700,1737671699.999999,ETH/USD,BUY,0.604802,3306.8638833229998,1999.9978903615167,1.9999978903615168,uptrend
1737672000,1737671999.999999,ETH/USD,BUY,0.603188,3315.713608207,1999.9986599071638,1.9999986599071637,uptrend
1737672300,1737672299.999999,ETH/USD,BUY,0.603377,3314.672464103,1999.997127373076,1.999997127373076,uptrend
1737686100,1737686099.999999,ETH/USD,SELL,0.605216,3304.6012668239996,1999.9975603021537,1.9999975603021538,downtrend
1737686400,1737686399.999999,ETH/USD,SELL,0.604925,3306.1895179830003,1999.9966941658665,1.9999966941658667,downtrend
1737686700,1737686699.999999,ETH/USD,SELL,0.605973,3300.4758094110002,1999.999227656212,1.9999992276562122,downtrend
1737687000,1737686999.999999,ETH/USD,SELL,0.609099,3283.534463715,1999.9975583143428,1.9999975583143428,downtrend
1737687300,1737687299.999999,ETH/USD,SELL,0.609387,3281.98616856,1999.9997053002728,1.999999705300273,downtrend
1737687600,1737687599.999999,ETH/USD,SELL,0.609422,3281.796377541,1999.9989119937914,1.9999989119937913,downtrend
1737687900,1737687899.999999,ETH/USD,SELL,0.607184,3293.893057752,1999.9991623780902,1.9999991623780902,downtrend
1737688200,1737688199.999999,ETH/USD,SELL,0.607659,3291.315895494,1999.9977257399883,1.9999977257399884,downtrend
1737688500,1737688499.999999,ETH/USD,SELL,0.608538,3286.5611310179997,1999.9973375474317,1.9999973375474318,downtrend
1737692400,1737692399.999999,BTC/USD,BUY,0.019202,104153.18300687299,1999.9494200979752,1.9999494200979753,uptrend
1737692700,1737692699.999999,BTC/USD,BUY,0.01922,104055.17530708299,1999.940469402135,1.999940469402135,uptrend
1737693000,1737692999.999999,BTC/USD,BUY,0.019211,104102.89774884998,1999.9207686531568,1.9999207686531568,uptrend
1737693300,1737693299.999999,BTC/USD,BUY,0.019195,104189.4929075,1999.9173163594623,1.9999173163594623,uptrend
1737693600,1737693599.999999,BTC/USD,BUY,0.019164,104360.16045254798,1999.9581149126295,1.9999581149126295,uptrend
1737693900,1737693899.999999,BTC/USD,BUY,0.019132,104536.84460919698,1999.9989110631566,1.9999989110631566,uptrend
1737694200,1737694199.999999,BTC/USD,BUY,0.019126,104568.189053328,1999.9711838339513,1.9999711838339513,uptrend
1737694500,1737694499.999999,BTC/USD,BUY,0.019127,104559.028987413,1999.9005474422486,1.9999005474422487,uptrend
1737694800,1737694799.999999,BTC/USD,BUY,0.019093,104747.08564119798,1999.9361061473928,1.9999361061473928,uptrend
1737695100,1737695099.999999,ETH/USD,BUY,0.599113,3338.2683934599995,1999.9999920110008,1.9999999920110008,uptrend
1737695400,1737695399.999999,ETH/USD,BUY,0.596003,3355.6875351999997,1999.9998380418053,1.9999998380418054,uptrend
1737695700,1737695699.999999,ETH/USD,BUY,0.594064,3366.639570294,1999.999369687135,1.999999369687135,uptrend
1737696000,1737695999.999999,ETH/USD,BUY,0.592837,3373.6072269899996,1999.9991876270701,1.9999991876270702,uptrend
1737696300,1737696299.999999,ETH/USD,BUY,0.59342,3370.2935856589997,1999.9996196017635,1.9999996196017635,uptrend
1737696600,1737696599.999999,ETH/USD,BUY,0.593259,3371.2045867499996,1999.997461930718,1.999997461930718,uptrend
1737696900,1737696899.999999,ETH/USD,BUY,0.592294,3376.7006262989994,1999.9995207531394,1.9999995207531396,uptrend
1737697200,1737697199.999999,ETH/USD,BUY,0.592661,3374.60832709,1999.9987457414863,1.9999987457414863,uptrend
1737697500,1737697499.999999,ETH/USD,BUY,0.591284,3382.466962875,1999.9985956765815,1.9999985956765816,uptrend
1737735300,1737735299.999999,ETH/USD,SELL,0.590756,3385.492196922,1999.9998282848528,1.9999998282848528,downtrend
1737735600,1737735599.999999,ETH/USD,SELL,0.590794,3385.2724389000005,1999.998645267487,1.9999986452674872,downtrend
1737735900,1737735899.999999,ETH/USD,SELL,0.591389,3381.8661895590003,1999.9984639771078,1.9999984639771078,downtrend
1737736200,1737736199.999999,ETH/USD,SELL,0.590672,3385.97166897,1999.9986576538477,1.9999986576538478,downtrend
1737736500,1737736499.999999,ETH/USD,SELL,0.59101,3384.0338027760004,1999.997817778644,1.9999978177786442,downtrend
1737736800,1737736799.999999,ETH/USD,SELL,0.589939,3390.1770383909998,1999.9976518513479,1.9999976518513478,downtrend
1737750300,1737750299.999999,BTC/USD,SELL,0.018992,105306.22614421799,1999.975846930988,1.999975846930988,downtrend
1737750600,1737750599.999999,BTC/USD,SELL,0.019031,105089.404888512,1999.9564644332718,1.999956464433272,downtrend
1737750900,1737750899.999999,BTC/USD,SELL,0.019062,104918.762784429,1999.9614561967853,1.9999614561967853,downtrend
1737751200,1737751199.999999,BTC/USD,SELL,0.019059,104936.962744251,1999.9935729426797,1.9999935729426799,downtrend
1737751500,1737751499.999999,BTC/USD,SELL,0.019062,104917.204500273,1999.9317521842038,1.999931752184204,downtrend
1737751800,1737751799.999999,BTC/USD,SELL,0.019092,104754.653487,1999.9758443738042,1.9999758443738043,downtrend
1737752100,1737752099.999999,BTC/USD,SELL,0.019029,105098.295099402,1999.9154574465208,1.9999154574465208,downtrend
1737752400,1737752399.999999,BTC/USD,SELL,0.019094,104744.06514594,1999.9831798965783,1.9999831798965784,downtrend
1737752700,1737752699.999999,BTC/USD,SELL,0.019065,104901.66161471701,1999.9501786845797,1.9999501786845797,downtrend
1737753000,1737752999.999999,ETH/USD,SELL,0.600828,3328.73469324,1999.9970082700029,1.999997008270003,downtrend
1737753300,1737753299.999999,ETH/USD,SELL,0.600724,3329.314055298,1999.9988565548358,1.999998856554836,downtrend
1737753600,1737753599.999999,ETH/USD,SELL,0.599291,3337.2752890949996,1999.9990452770314,1.9999990452770315,downtrend
1737777900,1737777899.999999,ETH/USD,BUY,0.602442,3319.8181186169995,1999.9978670158625,1.9999978670158627,uptrend
1737778200,1737778199.999999,ETH/USD,BUY,0.603028,3316.5945762949996,1999.999394154021,1.999999394154021,uptrend
1737778500,1737778499.999999,ETH/USD,BUY,0.603162,3315.8537622209997,1999.9969869287424,1.9999969869287424,uptrend
1737778800,1737778799.999999,ETH/USD,BUY,0.603822,3312.229779859,1999.9972101340209,1.9999972101340209,uptrend
1737779100,1737779099.999999,ETH/USD,BUY,0.604109,3310.658052701999,1999.998325559752,1.999998325559752,uptrend
1737779400,1737779399.999999,ETH/USD,BUY,0.604306,3309.5768645939997,1999.9971567353416,1.9999971567353416,uptrend
1737779700,1737779699.999999,ETH/USD,BUY,0.604736,3307.224279359,1999.9975818024443,1.9999975818024442,uptrend
1737780000,1737779999.999999,ETH/USD,BUY,0.604436,3308.866083523,1999.9977800603078,1.999997780060308,uptrend
1737780300,1737780299.999999,ETH/USD,BUY,0.604087,3310.7781847139995,1999.998061269326,1.999998061269326,uptrend
1737789000,1737788999.999999,ETH/USD,SELL,0.60889,3284.6632208280002,1999.9985885299611,1.9999985885299612,downtrend
1737789300,1737789299.999999,ETH/USD,SELL,0.608514,3286.690988031,1999.997479890696,1.999997479890696,downtrend
1737789600,1737789599.999999,ETH/USD,SELL,0.608979,3284.1837487800003,1999.998935148296,1.9999989351482959,downtrend
1737789900,1737789899.999999,ETH/USD,SELL,0.608577,3286.351361997,1999.9978528300483,1.9999978528300484,downtrend
1737790200,1737790199.999999,ETH/USD,SELL,0.608304,3287.8297341449997,1999.9999785993398,1.9999999785993399,downtrend
1737807900,1737807899.999999,ETH/USD,BUY,0.605466,3303.239900961,1999.9994498752526,1.9999994498752527,uptrend
1737808200,1737808199.999999,ETH/USD,BUY,0.605943,3300.637040701,1999.997910353486,1.9999979103534862,uptrend
1737819300,1737819299.999999,ETH/USD,BUY,0.597607,3346.6776342999997,1999.9979810011198,1.99999798100112,uptrend
1737819600,1737819599.999999,ETH/USD,BUY,0.598044,3344.234950056,1999.9996464712904,1.9999996464712904,uptrend
1737819900,1737819899.999999,ETH/USD,BUY,0.599274,3337.3674033699995,1999.997513287153,1.999997513287153,uptrend
1737849900,1737849899.999999,ETH/USD,SELL,0.604082,3310.804436445,1999.9973655765687,1.9999973655765686,downtrend
1737850200,1737850199.999999,ETH/USD,SELL,0.603013,3316.677969033,1999.9999321404964,1.9999999321404964,downtrend
1737850500,1737850499.999999,ETH/USD,SELL,0.603252,3315.3594209010002,1999.9972013773702,1.9999972013773701,downtrend
1737850800,1737850799.999999,ETH/USD,SELL,0.603476,3314.1307737780003,1999.9983828364525,1.9999983828364525,downtrend
1737851100,1737851099.999999,ETH/USD,SELL,0.603833,3312.1729295820005,1999.999316588288,1.999999316588288,downtrend
1737851400,1737851399.999999,ETH/USD,SELL,0.6034,3314.55031182,1999.9996581521882,1.9999996581521882,downtrend
1737851700,1737851699.999999,ETH/USD,SELL,0.603545,3313.75119174,1999.9979630187183,1.9999979630187183,downtrend
1737852000,1737851999.999999,ETH/USD,SELL,0.602689,3318.4560112110003,1999.9969349407465,1.9999969349407465,downtrend
1737865500,1737865499.999999,ETH/USD,BUY,0.596677,3351.8933658209994,1999.9976778379764,1.9999976778379764,uptrend
1737865800,1737865799.999999,BTC/USD,BUY,0.018958,105495.928538,1999.9918132234038,1.9999918132234038,uptrend
1737866100,1737866099.999999,BTC/USD,BUY,0.018958,105492.95527070298,1999.935446021987,1.9999354460219871,uptrend
1737866400,1737866399.999999,BTC/USD,BUY,0.018989,105320.18541544498,1999.9250008538847,1.9999250008538847,uptrend
1737866700,1737866699.999999,BTC/USD,BUY,0.018991,105308.78288530599,1999.9190957748463,1.9999190957748463,uptrend
1737867000,1737866999.999999,BTC/USD,BUY,0.018987,105330.11632843698,1999.902918728033,1.999902918728033,uptrend
1737867300,1737867299.999999,BTC/USD,BUY,0.018998,105269.48970638099,1999.9097654418263,1.9999097654418263,uptrend
1737867600,1737867599.999999,BTC/USD,BUY,0.018995,105289.98222542799,1999.9832123720048,1.999983212372005,uptrend
1737867900,1737867899.999999,BTC/USD,BUY,0.019,105260.20950845399,1999.9439806606258,1.9999439806606258,uptrend
1737868200,1737868199.999999,BTC/USD,BUY,0.019004,105235.64251199999,1999.8981502980478,1.9998981502980477,uptrend
1737868500,1737868499.999999,ETH/USD,BUY,0.597278,3348.5196584839996,1999.9971245800061,1.9999971245800061,uptrend
1737868800,1737868799.999999,ETH/USD,BUY,0.597648,3346.4473812769997,1999.9975845254362,1.9999975845254363,uptrend
1737869100,1737869099.999999,ETH/USD,BUY,0.59765,3346.437370276,1999.9982943454513,1.9999982943454513,uptrend
1737869400,1737869399.999999,ETH/USD,BUY,0.597983,3344.5753240899994,1999.9991860253103,1.9999991860253103,uptrend
1737869700,1737869699.999999,ETH/USD,BUY,0.598321,3342.683244901,1999.9975817724112,1.9999975817724112,uptrend
1737883800,1737883799.999999,ETH/USD,SELL,0.604617,3307.8776591520004,1999.9990666435049,1.999999066643505,downtrend
1737884100,1737884099.999999,ETH/USD,SELL,0.605482,3303.1528616789997,1999.999600995124,1.999999600995124,downtrend
1737884400,1737884399.999999,ETH/USD,SELL,0.605551,3302.773279641,1999.997662259887,1.999997662259887,downtrend
1737884700,1737884699.999999,ETH/USD,SELL,0.606496,3297.6289441260005,1999.9987640966428,1.9999987640966428,downtrend
1737885000,1737884999.999999,ETH/USD,SELL,0.606156,3299.476909311,1999.9977254403186,1.9999977254403187,downtrend
1737885300,1737885299.999999,ETH/USD,SELL,0.607033,3294.712155834,1999.9990040923806,1.9999990040923805,downtrend
1737914100,1737914099.999999,ETH/USD,BUY,0.598271,3342.9635529289994,1999.9981477743854,1.9999981477743856,uptrend
1737914400,1737914399.999999,ETH/USD,BUY,0.598497,3341.7021668029997,1999.9987217250948,1.9999987217250947,uptrend
1737914700,1737914699.999999,ETH/USD,BUY,0.598155,3343.614267994,1999.999592471951,1.9999995924719511,uptrend
1737915000,1737914999.999999,ETH/USD,BUY,0.597856,3345.2861051609993,1999.9993696871345,1.9999993696871345,uptrend
1737915300,1737915299.999999,ETH/USD,BUY,0.598631,3340.951341728,1999.9970426499744,1.9999970426499745,uptrend
1737915600,1737915599.999999,ETH/USD,BUY,0.598183,3343.4540919779997,1999.997399101676,1.999997399101676,uptrend
1737915900,1737915899.999999,ETH/USD,BUY,0.598422,3342.122628845,1999.9997077986825,1.9999997077986826,uptrend
1737916200,1737916199.999999,ETH/USD,BUY,0.598106,3343.8845650209996,1999.99742164645,1.99999742164645,uptrend
1737916500,1737916499.999999,ETH/USD,BUY,0.597689,3346.2171282539994,1999.9971691690048,1.9999971691690048,uptrend
1737927300,1737927299.999999,ETH/USD,SELL,0.604624,3307.8377031480004,1999.9980634281567,1.9999980634281567,downtrend
1737927600,1737927599.999999,ETH/USD,SELL,0.604564,3308.167340181,1999.9988798491859,1.999998879849186,downtrend
1737927900,1737927899.999999,ETH/USD,SELL,0.605656,3302.2039065840004,1999.9996092460392,1.9999996092460393,downtrend
1737928200,1737928199.999999,ETH/USD,SELL,0.60767,3291.255961488,1999.9975101174132,1.9999975101174132,downtrend
1737928500,1737928499.999999,ETH/USD,SELL,0.606665,3296.7099560340002,1999.9985454773669,1.999998545477367,downtrend
1737928800,1737928799.999999,ETH/USD,SELL,0.607381,3292.824234645,1999.9988764629147,1.9999988764629149,downtrend
1737929100,1737929099.999999,ETH/USD,SELL,0.607541,3291.955191558,1999.997749034339,1.999997749034339,downtrend
1737929400,1737929399.999999,ETH/USD,SELL,0.609448,3281.656531527,1999.999009826067,1.9999990098260672,downtrend
1737929700,1737929699.999999,ETH/USD,SELL,0.608037,3289.268150289,1999.996738297273,1.999996738297273,downtrend
1737930600,1737930599.999999,BTC/USD,SELL,0.019154,104412.84985078202,1999.9237260418788,1.999923726041879,downtrend
1737930900,1737930899.999999,BTC/USD,SELL,0.019139,104497.027162209,1999.968602857518,1.9999686028575179,downtrend
1737931200,1737931199.999999,BTC/USD,SELL,0.019138,104501.70201467701,1999.9535731568885,1.9999535731568885,downtrend
1737931500,1737931499.999999,BTC/USD,SELL,0.019121,104595.82837110001,1999.9768342838033,1.9999768342838034,downtrend
1737931800,1737931799.999999,BTC/USD,SELL,0.019139,104494.979417004,1999.9294110620394,1.9999294110620396,downtrend
1737932100,1737932099.999999,BTC/USD,SELL,0.019192,104205.28839900301,1999.9078949536658,1.999907894953666,downtrend
1737932400,1737932399.999999,BTC/USD,SELL,0.019191,104215.457202021,1999.998839163985,1.999998839163985,downtrend
1737932700,1737932699.999999,BTC/USD,SELL,0.019268,103796.948027124,1999.9595945866254,1.9999595945866253,downtrend
1737933000,1737932999.999999,BTC/USD,SELL,0.019355,103332.28966760701,1999.9964665165337,1.9999964665165337,downtrend
1737982800,1737982799.999999,BTC/USD,BUY,0.019854,100730.37170996798,1999.9007999297041,1.9999007999297043,uptrend
1737983100,1737983099.999999,BTC/USD,BUY,0.019852,100742.725285202,1999.9445823618303,1.9999445823618303,uptrend
1737983400,1737983399.999999,BTC/USD,BUY,0.019715,101441.88358404099,1999.926734859368,1.9999267348593681,uptrend
1737983700,1737983699.999999,BTC/USD,BUY,0.019657,101740.011193821,1999.9034000369395,1.9999034000369396,uptrend
1737984000,1737983999.999999,BTC/USD,BUY,0.019759,101214.58380633598,1999.8989614293926,1.9998989614293925,uptrend
1737984300,1737984299.999999,BTC/USD,BUY,0.019803,100993.000310202,1999.9643851429303,1.9999643851429303,uptrend
1737984600,1737984599.999999,BTC/USD,BUY,0.019803,100993.97137729899,1999.983615184652,1.9999836151846522,uptrend
1737984900,1737984899.999999,BTC/USD,BUY,0.019741,101309.91856885898,1999.9591024678452,1.9999591024678454,uptrend
1737985200,1737985199.999999,BTC/USD,BUY,0.01976,101211.76070405399,1999.9443915121067,1.9999443915121067,uptrend
1737985500,1737985499.999999,ETH/USD,BUY,0.642274,3113.931872051,1999.997479189684,1.9999974791896842,uptrend
1737985800,1737985799.999999,ETH/USD,BUY,0.64354,3107.8051394389995,1999.9969194345738,1.999996919434574,uptrend
1737986100,1737986099.999999,ETH/USD,BUY,0.644887,3101.318010791,1999.9996680249753,1.9999996680249754,uptrend
1737986400,1737986399.999999,ETH/USD,BUY,0.644591,3102.7395729329996,1999.9980040564553,1.9999980040564553,uptrend
1737986700,1737986699.999999,ETH/USD,BUY,0.644211,3104.5715861159997,1999.9991660633743,1.9999991660633745,uptrend
1737987000,1737986999.999999,ETH/USD,BUY,0.64487,3101.3980987989994,1999.998591972511,1.999998591972511,uptrend
1737987300,1737987299.999999,ETH/USD,BUY,0.647478,3088.904369551,1999.9976233881423,1.9999976233881422,uptrend
1737987600,1737987599.999999,ETH/USD,BUY,0.645078,3100.396998698999,1999.997895126753,1.9999978951267532,uptrend
1737987900,1737987899.999999,ETH/USD,BUY,0.644383,3103.7406730329994,1999.9977261110234,1.9999977261110236,uptrend
1737996900,1737996899.999999,BTC/USD,SELL,0.020095,99522.404774199,1999.902723937529,1.9999027239375289,downtrend
1737997200,1737997199.999999,BTC/USD,SELL,0.020073,99634.2915744,1999.9591347729313,1.9999591347729313,downtrend
1737997500,1737997499.999999,BTC/USD,SELL,0.020047,99764.1485874,1999.9718867316078,1.9999718867316079,downtrend
1737997800,1737997799.999999,BTC/USD,SELL,0.020112,99441.35402008501,1999.96451205195,1.99996451205195,downtrend
1737998100,1737998099.999999,BTC/USD,SELL,0.020105,99476.345490588,1999.971926088272,1.9999719260882722,downtrend
1737998400,1737998399.999999,BTC/USD,SELL,0.02013,99350.04456194401,1999.9163970319328,1.999916397031933,downtrend
1737998700,1737998699.999999,BTC/USD,SELL,0.020174,99134.851513401,1999.9464944313518,1.9999464944313519,downtrend
1737999000,1737998999.999999,BTC/USD,SELL,0.020107,99465.597325512,1999.9547654240698,1.99995476542407,downtrend
1737999300,1737999299.999999,BTC/USD,SELL,0.020043,99782.638228251,1999.9434180088347,1.9999434180088347,downtrend
1737999600,1737999599.999999,ETH/USD,SELL,0.647295,3089.7778113179997,1999.9977283770845,1.9999977283770844,downtrend
1737999900,1737999899.999999,ETH/USD,SELL,0.648142,3085.7422549139997,1999.9991565844696,1.9999991565844697,downtrend
1738000200,1738000199.999999,ETH/USD,SELL,0.649064,3081.3570834750003,1999.9979540286174,1.9999979540286175,downtrend
1738000500,1738000499.999999,ETH/USD,SELL,0.650171,3076.11285795,1999.9993729662096,1.9999993729662098,downtrend
1738000800,1738000799.999999,ETH/USD,SELL,0.65161,3069.32033727,1999.9998249685048,1.9999998249685047,downtrend
1738001100,1738001099.999999,ETH/USD,SELL,0.650036,3076.7521540139996,1999.999663186644,1.9999996631866441,downtrend
1738001400,1738001399.999999,ETH/USD,SELL,0.650319,3075.41362788,1999.9999150692938,1.9999999150692938,downtrend
1738001700,1738001699.999999,ETH/USD,SELL,0.65004,3076.732176012,1999.9989836948403,1.9999989836948402,downtrend
1738002000,1738001999.999999,ETH/USD,SELL,0.650534,3074.3947497780005,1999.9983141520815,1.9999983141520816,downtrend
1738010100,1738010099.999999,BTC/USD,BUY,0.019868,100660.965440035,1999.9320613626153,1.9999320613626153,uptrend
1738010400,1738010399.999999,BTC/USD,BUY,0.01981,100956.94068459999,1999.956994961926,1.999956994961926,uptrend
1738010700,1738010699.999999,BTC/USD,BUY,0.019791,101055.55905545098,1999.9905692664304,1.9999905692664304,uptrend
1738011000,1738010999.999999,BTC/USD,BUY,0.019767,101173.65883424798,1999.89971417658,1.99989971417658,uptrend
1738011300,1738011299.999999,BTC/USD,BUY,0.019691,101567.58171259699,1999.9672515027473,1.9999672515027473,uptrend
1738011600,1738011599.999999,BTC/USD,BUY,0.019704,101497.644859611,1999.909594313775,1.999909594313775,uptrend
1738011900,1738011899.999999,BTC/USD,BUY,0.019651,101774.75937829199,1999.9757965428157,1.9999757965428158,uptrend
1738012200,1738012199.999999,BTC/USD,BUY,0.019543,102334.44441119899,1999.9220471280619,1.9999220471280619,uptrend
1738012500,1738012499.999999,BTC/USD,BUY,0.019529,102407.65486151198,1999.9190917904677,1.999919091790468,uptrend
1738012800,1738012799.999999,ETH/USD,BUY,0.617608,3238.298537473999,1999.9990831322418,1.9999990831322418,uptrend
1738013100,1738013099.999999,ETH/USD,BUY,0.626804,3190.786326728,1999.9976327384175,1.9999976327384175,uptrend
1738013400,1738013399.999999,ETH/USD,BUY,0.628182,3183.788637029,1999.998713586151,1.9999987135861512,uptrend
1738013700,1738013699.999999,ETH/USD,BUY,0.631155,3168.7921575309997,1999.9990141864782,1.9999990141864783,uptrend
1738014000,1738013999.999999,ETH/USD,BUY,0.633143,3158.8412225369993,1999.9982081607434,1.9999982081607435,uptrend
1738014300,1738014299.999999,ETH/USD,BUY,0.633486,3157.129341365999,1999.9972379445812,1.9999972379445812,uptrend
1738014600,1738014599.999999,ETH/USD,BUY,0.631708,3166.0191102539993,1999.9996001003335,1.9999996001003335,uptrend
1738014900,1738014899.999999,ETH/USD,BUY,0.63284,3160.352883688,1999.9977189131139,1.999997718913114,uptrend
1738015200,1738015199.999999,ETH/USD,BUY,0.632363,3162.7355019259994,1999.9969102044308,1.9999969102044308,uptrend
1738053600,1738053599.999999,ETH/USD,SELL,0.626975,3189.9175463429997,1999.998553618402,1.999998553618402,downtrend
1738053900,1738053899.999999,ETH/USD,SELL,0.625778,3196.020825954,1999.9995204238421,1.999999520423842,downtrend
1738069200,1738069199.999999,ETH/USD,SELL,0.630616,3171.497828499,1999.9972746167255,1.9999972746167256,downtrend
1738069500,1738069499.999999,ETH/USD,SELL,0.629863,3175.2936488789996,1999.9999835638732,1.9999999835638733,downtrend
1738069800,1738069799.999999,ETH/USD,SELL,0.629328,3177.990679149,1999.9985181274817,1.9999985181274818,downtrend
1738070100,1738070099.999999,ETH/USD,SELL,0.628856,3180.378050388,1999.999819254796,1.999999819254796,downtrend
1738070400,1738070399.999999,ETH/USD,SELL,0.629306,3178.10055816,1999.9977498534372,1.9999977498534371,downtrend
1738070700,1738070699.999999,ETH/USD,SELL,0.628317,3183.1050476610003,1999.9990142312167,1.9999990142312167,downtrend
1738074000,1738073999.999999,ETH/USD,SELL,0.633736,3155.885019936,1999.9979489941607,1.9999979489941606,downtrend
1738097700,1738097699.999999,BTC/USD,SELL,0.019735,101338.17540897599,1999.9088916961412,1.9999088916961412,downtrend
1738098000,1738097999.999999,BTC/USD,SELL,0.019772,101152.63970440201,1999.9899922354368,1.999989992235437,downtrend
1738098300,1738098299.999999,BTC/USD,SELL,0.019752,101252.339923383,1999.9362181666609,1.999936218166661,downtrend
1738098600,1738098599.999999,BTC/USD,SELL,0.019772,101150.50205818801,1999.9477266944934,1.9999477266944934,downtrend
1738098900,1738098899.999999,BTC/USD,SELL,0.019766,101181.617796303,1999.955857361725,1.999955857361725,downtrend
1738099200,1738099199.999999,BTC/USD,SELL,0.019723,101402.85419045099,1999.968493198265,1.9999684931982649,downtrend
1738099500,1738099499.999999,BTC/USD,SELL,0.019743,101297.28043888201,1999.9122077048476,1.9999122077048477,downtrend
1738099800,1738099799.999999,BTC/USD,SELL,0.019731,101359.332113094,1999.9209819234577,1.9999209819234578,downtrend
1738100100,1738100099.999999,BTC/USD,SELL,0.019809,100959.742106091,1999.9115313795567,1.9999115313795568,downtrend
1738111500,1738111499.999999,BTC/USD,BUY,0.01963,101880.93605489799,1999.9227747576476,1.9999227747576476,uptrend
1738111800,1738111799.999999,BTC/USD,BUY,0.01964,101830.62076387198,1999.9533918024458,1.999953391802446,uptrend
1738112100,1738112099.999999,BTC/USD,BUY,0.019624,101911.56971795799,1999.9126441452074,1.9999126441452075,uptrend
1738112400,1738112399.999999,BTC/USD,BUY,0.019643,101814.48303025999,1999.941890163397,1.999941890163397,uptrend
1738112700,1738112699.999999,BTC/USD,BUY,0.019603,102020.60954084998,1999.910008829282,1.999910008829282,uptrend
1738113000,1738112999.999999,BTC/USD,BUY,0.019607,102002.079177999,1999.9547664430263,1.9999547664430264,uptrend
1738113300,1738113299.999999,BTC/USD,BUY,0.019632,101874.43891524899,1999.9989847841682,1.9999989847841682,uptrend
1738113600,1738113599.999999,BTC/USD,BUY,0.019626,101901.06817790898,1999.9103640596418,1.9999103640596418,uptrend
1738113900,1738113899.999999,BTC/USD,BUY,0.019647,101791.848156999,1999.9044407405595,1.9999044407405595,uptrend
1738114200,1738114199.999999,ETH/USD,BUY,0.643406,3108.4558545039995,1999.9991475230004,1.9999991475230003,uptrend
1738114500,1738114499.999999,ETH/USD,BUY,0.643578,3107.6249414209997,1999.999044549844,1.9999990445498441,uptrend
1738114800,1738114799.999999,ETH/USD,BUY,0.642764,3111.5592648139996,1999.9982792889057,1.9999982792889057,uptrend
1738115100,1738115099.999999,ETH/USD,BUY,0.642136,3114.6026091179997,1999.998461008596,1.9999984610085961,uptrend
1738115400,1738115399.999999,ETH/USD,BUY,0.64193,3115.6037092179995,1999.9994890583105,1.9999994890583106,uptrend
1738115700,1738115699.999999,ETH/USD,BUY,0.642506,3112.8106399389994,1999.9995130246468,1.9999995130246468,uptrend
1738116000,1738115999.999999,ETH/USD,BUY,0.642219,3114.202169078,1999.9998028231041,1.999999802823104,uptrend
1738116300,1738116299.999999,ETH/USD,BUY,0.640604,3122.0507938619994,1999.998226751172,1.999998226751172,uptrend
1738116600,1738116599.999999,ETH/USD,BUY,0.639872,3125.6247212189996,1999.9997416158437,1.9999997416158437,uptrend
1738144800,1738144799.999999,ETH/USD,SELL,0.639615,3126.876961032,1999.9974074304828,1.999997407430483,downtrend
1738145100,1738145099.999999,ETH/USD,SELL,0.640872,3120.743714418,1999.9972657464923,1.9999972657464924,downtrend
1738145400,1738145399.999999,ETH/USD,SELL,0.639677,3126.577291002,1999.9995817762865,1.9999995817762866,downtrend
1738145700,1738145699.999999,ETH/USD,SELL,0.639785,3126.0478739489995,1999.9985390344607,1.9999985390344608,downtrend
1738146000,1738145999.999999,ETH/USD,SELL,0.638722,3131.2521434699997,1999.999631581445,1.9999996315814452,downtrend
1738146300,1738146299.999999,ETH/USD,SELL,0.638261,3133.509657696,1999.9970076307065,1.9999970076307065,downtrend
1738146600,1738146599.999999,ETH/USD,SELL,0.638408,3132.790449624,1999.9984853635585,1.9999984853635586,downtrend
1738146900,1738146899.999999,ETH/USD,SELL,0.637337,3138.0546531510004,1999.9983384752993,1.9999983384752993,downtrend
1738156200,1738156199.999999,ETH/USD,SELL,0.644551,3102.933325635,1999.998777971365,1.999998777971365,downtrend
1738157700,1738157699.999999,BTC/USD,SELL,0.019648,101786.741487882,1999.9058967539054,1.9999058967539054,downtrend
1738158000,1738157999.999999,BTC/USD,SELL,0.01963,101882.87563350599,1999.9608486857228,1.9999608486857228,downtrend
1738158300,1738158299.999999,BTC/USD,SELL,0.019632,101871.57807337501,1999.9428207364983,1.9999428207364984,downtrend
1738158600,1738158599.999999,BTC/USD,SELL,0.01966,101725.179274719,1999.9170245409757,1.9999170245409759,downtrend
1738158900,1738158899.999999,BTC/USD,SELL,0.019675,101647.48482494101,1999.9142639307147,1.9999142639307148,downtrend
1738159200,1738159199.999999,BTC/USD,SELL,0.019661,101724.220330623,1999.9998959203788,1.9999998959203789,downtrend
1738159500,1738159499.999999,BTC/USD,SELL,0.019664,101706.419930841,1999.9550415200576,1.9999550415200578,downtrend
1738159800,1738159799.999999,BTC/USD,SELL,0.019641,101825.898371802,1999.962469920563,1.9999624699205631,downtrend
1738160100,1738160099.999999,BTC/USD,SELL,0.019621,101927.766204,1999.924700688684,1.999924700688684,downtrend
1738173300,1738173299.999999,ETH/USD,BUY,0.640863,3120.7894077359997,1999.998462209916,1.999998462209916,uptrend
1738173600,1738173599.999999,BTC/USD,BUY,0.019508,102519.627907697,1999.9529012233531,1.9999529012233532,uptrend
1738174200,1738174199.999999,BTC/USD,BUY,0.019505,102534.14385914699,1999.9284759726622,1.9999284759726623,uptrend
1738174500,1738174499.999999,ETH/USD,BUY,0.643014,3110.3479336929995,1999.9972662356704,1.9999972662356704,uptrend
1738174800,1738174799.999999,ETH/USD,BUY,0.643787,3106.6138303199996,1999.9975979802216,1.9999975979802216,uptrend
1738175400,1738175399.999999,ETH/USD,BUY,0.642056,3114.993038157,1999.9999701069305,1.9999999701069306,uptrend
1738177200,1738177199.999999,BTC/USD,BUY,0.019423,102967.28983941399,1999.933670550938,1.9999336705509378,uptrend
1738181700,1738181699.999999,BTC/USD,BUY,0.019312,103557.23812834399,1999.897382734579,1.999897382734579,uptrend
1738182000,1738181999.999999,BTC/USD,BUY,0.019267,103801.957047789,1999.9523064397504,1.9999523064397504,uptrend
1738182300,1738182299.999999,BTC/USD,BUY,0.019178,104284.59741699998,1999.9700092632256,1.9999700092632258,uptrend
1738182600,1738182599.999999,BTC/USD,BUY,0.019142,104480.80302559899,1999.9715315160158,1.9999715315160158,uptrend
1738182900,1738182899.999999,BTC/USD,BUY,0.019119,104603.58795286399,1999.9159980708068,1.9999159980708068,uptrend
1738183200,1738183199.999999,BTC/USD,BUY,0.019186,104242.47112479199,1999.9960510002593,1.9999960510002592,uptrend
1738183500,1738183499.999999,ETH/USD,BUY,0.637442,3137.537812409,1999.9983782176175,1.9999983782176176,uptrend
1738183800,1738183799.999999,ETH/USD,BUY,0.636784,3140.7813767329994,1999.9993282015464,1.9999993282015465,uptrend
1738184100,1738184099.999999,ETH/USD,BUY,0.63604,3144.4554141,1999.999421584164,1.999999421584164,uptrend
1738184400,1738184399.999999,ETH/USD,BUY,0.63694,3140.0105296559996,1999.9983067590922,1.9999983067590923,uptrend
1738184700,1738184699.999999,ETH/USD,BUY,0.639542,3127.2364923799996,1999.99908080969,1.9999990808096901,uptrend
1738195800,1738195799.999999,ETH/USD,SELL,0.645295,3099.357263277,1999.9997452063317,1.9999997452063316,downtrend
1738196100,1738196099.999999,ETH/USD,SELL,0.645037,3100.595899401,1999.999077161923,1.999999077161923,downtrend
1738196400,1738196399.999999,ETH/USD,SELL,0.643939,3105.88008093,1999.9973134339834,1.9999973134339835,downtrend
1738196700,1738196699.999999,ETH/USD,SELL,0.644852,3101.48492049,1999.9987539478175,1.9999987539478175,downtrend
1738197000,1738196999.999999,ETH/USD,SELL,0.645426,3098.7279562139997,1999.9995898673772,1.9999995898673772,downtrend
1738197300,1738197299.999999,ETH/USD,SELL,0.646163,3095.1918498600003,1999.9984512810875,1.9999984512810876,downtrend
1738197600,1738197599.999999,ETH/USD,SELL,0.64372,3106.9389150360003,1999.998718386974,1.9999987183869739,downtrend
1738197900,1738197899.999999,ETH/USD,SELL,0.643321,3108.866792229,1999.9992936435526,1.9999992936435527,downtrend
1738198200,1738198199.999999,ETH/USD,SELL,0.64156,3117.397399083,1999.9974753556896,1.9999974753556897,downtrend
1738202400,1738202399.999999,ETH/USD,BUY,0.636569,3141.8425428389996,1999.9995656524793,1.9999995656524794,uptrend
1738202700,1738202699.999999,ETH/USD,BUY,0.638338,3133.1329719689998,1999.9978350607473,1.9999978350607475,uptrend
1738203000,1738202999.999999,ETH/USD,BUY,0.63694,3140.0105296559996,1999.9983067590922,1.9999983067590923,uptrend
1738203300,1738203299.999999,ETH/USD,BUY,0.635358,3147.8291214369997,1999.998414937969,1.999998414937969,uptrend
1738203600,1738203599.999999,ETH/USD,BUY,0.635936,3144.965975151,1999.997082373626,1.999997082373626,uptrend
1738203900,1738203899.999999,ETH/USD,BUY,0.636204,3143.6445230189997,1999.9992201227797,1.9999992201227796,uptrend
1738204200,1738204199.999999,ETH/USD,BUY,0.634525,3151.9636648499995,1999.999744438946,1.9999997444389461,uptrend
1738204500,1738204499.999999,ETH/USD,BUY,0.633726,3155.9380322469992,1999.999985423762,1.999999985423762,uptrend
1738204800,1738204799.999999,ETH/USD,BUY,0.634222,3153.465315,1999.9970790099298,1.99999707900993,uptrend
1738260600,1738260599.999999,BTC/USD,SELL,0.019025,105119.84137455901,1999.9049821509852,1.9999049821509853,downtrend
1738260900,1738260899.999999,BTC/USD,SELL,0.019029,105099.953273568,1999.9470108427256,1.9999470108427257,downtrend
1738261200,1738261199.999999,BTC/USD,SELL,0.019038,105049.049324472,1999.9238010392978,1.999923801039298,downtrend
1738261500,1738261499.999999,BTC/USD,SELL,0.019048,104996.55712421701,1999.9744201020856,1.9999744201020857,downtrend
1738261800,1738261799.999999,BTC/USD,SELL,0.019084,104795.358666075,1999.9146247833753,1.9999146247833754,downtrend
1738262100,1738262099.999999,BTC/USD,SELL,0.01903,105094.73901504601,1999.9528834563255,1.9999528834563256,downtrend
1738262400,1738262399.999999,BTC/USD,SELL,0.018998,105271.76409076799,1999.9529741964104,1.9999529741964104,downtrend
1738262700,1738262699.999999,BTC/USD,SELL,0.018997,105279.27581951999,1999.990402743421,1.9999904027434212,downtrend
1738263000,1738262999.999999,BTC/USD,SELL,0.018984,105348.19992642,1999.9302274031572,1.9999302274031572,downtrend
1738270800,1738270799.999999,ETH/USD,SELL,0.619569,3228.04556316,1999.996961521478,1.9999969615214779,downtrend
1738271100,1738271099.999999,ETH/USD,SELL,0.618631,3232.9401736500004,1999.9970125652735,1.9999970125652735,downtrend
1738271400,1738271399.999999,ETH/USD,SELL,0.618498,3233.63940372,1999.9995039220123,1.9999995039220124,downtrend
1738271700,1738271699.999999,ETH/USD,SELL,0.618442,3233.9290847489997,1999.997571030341,1.999997571030341,downtrend
1738272000,1738271999.999999,ETH/USD,SELL,0.617479,3238.973530254,1999.9981364877096,1.9999981364877097,downtrend
1738272300,1738272299.999999,ETH/USD,SELL,0.617431,3239.223255279,1999.9968537301681,1.9999968537301682,downtrend
1738272600,1738272599.999999,ETH/USD,SELL,0.617839,3237.0856090650004,1999.997735619111,1.999997735619111,downtrend
1738272900,1738272899.999999,ETH/USD,SELL,0.617969,3236.406356997,1999.998800027079,1.999998800027079,downtrend
1738273200,1738273199.999999,ETH/USD,SELL,0.616591,3243.6383937210003,1999.9982408228252,1.9999982408228252,downtrend
1738280100,1738280099.999999,ETH/USD,BUY,0.613007,3262.6052479019995,1999.999855200661,1.999999855200661,uptrend
1738280400,1738280399.999999,ETH/USD,BUY,0.613411,3260.4528826869996,1999.9976632219152,1.9999976632219152,uptrend
1738293600,1738293599.999999,ETH/USD,SELL,0.619663,3227.5561021109997,1999.9970969024084,1.9999970969024086,downtrend
1738293900,1738293899.999999,ETH/USD,SELL,0.619146,3230.253132381,1999.9983059011665,1.9999983059011666,downtrend
1738305600,1738305599.999999,ETH/USD,BUY,0.613575,3259.5819256,1999.9979800000199,1.9999979800000198,uptrend
1738305900,1738305899.999999,ETH/USD,BUY,0.611496,3270.664103707,1999.9980167604158,1.9999980167604159,uptrend
1738306200,1738306199.999999,ETH/USD,BUY,0.611382,3271.2747747679996,1999.998514347209,1.999998514347209,uptrend
1738306500,1738306499.999999,ETH/USD,BUY,0.61254,3265.0879761499996,1999.9969889109207,1.9999969889109208,uptrend
1738306800,1738306799.999999,ETH/USD,BUY,0.61227,3266.5295602939996,1999.998053881207,1.999998053881207,uptrend
1738307100,1738307099.999999,ETH/USD,BUY,0.613255,3261.2837957699994,1999.998594174931,1.999998594174931,uptrend
1738307400,1738307399.999999,ETH/USD,BUY,0.611492,3270.6841257089995,1999.9971773980476,1.9999971773980476,uptrend
1738307700,1738307699.999999,ETH/USD,BUY,0.611711,3269.5128385919998,1999.9969680079507,1.9999969680079508,uptrend
1738309500,1738309499.999999,ETH/USD,BUY,0.607202,3252.7544229179994,1975.0789911046552,1.9750789911046551,uptrend
1738324200,1738324199.999999,BTC/USD,BUY,0.019099,104715.140537007,1999.9544691162969,1.999954469116297,uptrend
1738324500,1738324499.999999,BTC/USD,BUY,0.019093,104749.40819342999,1999.9804506371586,1.9999804506371586,uptrend
1738324800,1738324799.999999,BTC/USD,BUY,0.019074,104851.23008460099,1999.9323626336793,1.9999323626336794,uptrend
1738325100,1738325099.999999,BTC/USD,BUY,0.019095,104739.42722543298,1999.999362869643,1.999999362869643,uptrend
1738325400,1738325399.999999,BTC/USD,BUY,0.019077,104834.70192194998,1999.9316085650398,1.9999316085650398,uptrend
1738325700,1738325699.999999,BTC/USD,BUY,0.019082,104807.051537188,1999.9281574326212,1.9999281574326213,uptrend
1738326000,1738325999.999999,BTC/USD,BUY,0.019063,104914.13921488498,1999.9782358533525,1.9999782358533527,uptrend
1738326300,1738326299.999999,BTC/USD,BUY,0.01905,104985.28739899199,1999.9697249507974,1.9999697249507975,uptrend
1738326600,1738326599.999999,BTC/USD,BUY,0.01908,104821.076949589,1999.9861481981582,1.9999861481981582,uptrend
1738348200,1738348199.999999,ETH/USD,SELL,0.598211,3343.298656698,1999.9980327219673,1.9999980327219673,downtrend
1738348500,1738348499.999999,BTC/USD,SELL,0.019342,103400.154940401,1999.9657968572362,1.9999657968572362,downtrend
1738348800,1738348799.999999,BTC/USD,SELL,0.019333,103446.094356,1999.923342184548,1.999923342184548,downtrend
1738349100,1738349099.999999,BTC/USD,SELL,0.01942,102982.874412627,1999.9274210932165,1.9999274210932165,downtrend
1738349400,1738349399.999999,BTC/USD,SELL,0.019433,102914.67950279999,1999.940966777912,1.9999409667779122,downtrend
1738349700,1738349699.999999,BTC/USD,SELL,0.0195,102562.27753652101,1999.9644119621596,1.9999644119621596,downtrend
1738350000,1738349999.999999,BTC/USD,SELL,0.019509,102514.410243729,1999.953629444909,1.999953629444909,downtrend
1738350300,1738350299.999999,BTC/USD,SELL,0.019458,102781.106581428,1999.914771861426,1.999914771861426,downtrend
1738350600,1738350599.999999,BTC/USD,SELL,0.019529,102408.35702011199,1999.932804245767,1.9999328042457671,downtrend
1738350900,1738350899.999999,BTC/USD,SELL,0.019501,102557.07326700001,1999.9654857797673,1.9999654857797673,downtrend
1738351200,1738351199.999999,ETH/USD,SELL,0.602818,3317.7467921400003,1999.9974857442505,1.9999974857442506,downtrend
1738351500,1738351499.999999,ETH/USD,SELL,0.602953,3317.007606066,1999.9996871003127,1.9999996871003127,downtrend
1738351800,1738351799.999999,ETH/USD,SELL,0.601968,3322.431633609,1999.9975256203425,1.9999975256203426,downtrend
1738352100,1738352099.999999,ETH/USD,SELL,0.599908,3333.839072751,1999.9967304559068,1.9999967304559068,downtrend
1738352400,1738352399.999999,ETH/USD,SELL,0.601816,3323.270709693,1999.9974854246025,1.9999974854246025,downtrend
1738352700,1738352699.999999,ETH/USD,SELL,0.602436,3319.854471351,1999.999848302811,1.999999848302811,downtrend
1738353000,1738352999.999999,ETH/USD,SELL,0.602657,3318.6358132289997,1999.9991032931493,1.9999991032931494,downtrend
1738353300,1738353299.999999,ETH/USD,SELL,0.600452,3330.822394449,1999.9989683916908,1.9999989683916908,downtrend
1738353600,1738353599.999999,ETH/USD,SELL,0.599628,3335.397356907,1999.9976463274306,1.9999976463274307,downtrend
1738373400,1738373399.999999,ETH/USD,BUY,0.60111,3327.1762043519993,1999.9988881980305,1.9999988881980306,uptrend
1738373700,1738373699.999999,ETH/USD,BUY,0.600616,3329.9092076249995,1999.9967486468968,1.9999967486468968,uptrend
1738374000,1738373999.999999,ETH/USD,BUY,0.600503,3330.5399006879998,1999.999201982846,1.999999201982846,uptrend
1738374300,1738374299.999999,ETH/USD,BUY,0.600265,3331.8613528199994,1999.9997549504972,1.9999997549504973,uptrend
1738374600,1738374599.999999,ETH/USD,BUY,0.602279,3320.7191087069996,1999.999384072943,1.999999384072943,uptrend
1738374900,1738374899.999999,ETH/USD,BUY,0.60201,3322.200736855,1999.9980655940785,1.9999980655940786,uptrend
1738375200,1738375199.999999,ETH/USD,BUY,0.602997,3316.764763311999,1999.9992019828455,1.9999992019828456,uptrend
1738375500,1738375499.999999,ETH/USD,BUY,0.602475,3319.6379205989997,1999.9988562128822,1.9999988562128823,uptrend
1738375800,1738375799.999999,ETH/USD,BUY,0.602202,3321.139570748999,1999.9968917841888,1.9999968917841888,uptrend
1738381500,1738381499.999999,ETH/USD,SELL,0.608729,3285.532263915,1999.998769480714,1.999998769480714,downtrend
1738381800,1738381799.999999,ETH/USD,SELL,0.60869,3285.742032936,1999.9983180278139,1.9999983180278138,downtrend
1738382100,1738382099.999999,ETH/USD,SELL,0.609409,3281.8663005480003,1999.9988603506563,1.9999988603506564,downtrend
1738382400,1738382399.999999,ETH/USD,SELL,0.608207,3288.3491621969997,1999.9969788923509,1.9999969788923508,downtrend
1738382700,1738382699.999999,ETH/USD,SELL,0.607499,3292.184938581,1999.999058003019,1.999999058003019,downtrend
1738383000,1738382999.999999,ETH/USD,SELL,0.608764,3285.342472896,1999.9982251700603,1.9999982251700603,downtrend
1738383300,1738383299.999999,ETH/USD,SELL,0.608879,3284.723154834,1999.998949792171,1.999998949792171,downtrend
1738383600,1738383599.999999,ETH/USD,SELL,0.60832,3287.7398331360005,1999.9978952932918,1.9999978952932917,downtrend
1738414500,1738414499.999999,ETH/USD,BUY,0.611075,3272.9165789319995,1999.9974984708717,1.9999974984708717,uptrend
1738414800,1738414799.999999,ETH/USD,BUY,0.611472,3270.7942467199996,1999.9990996303716,1.9999990996303716,uptrend
1738415100,1738415099.999999,ETH/USD,BUY,0.612236,3266.709758312,1999.9973155899056,1.9999973155899056,uptrend
1738415400,1738415399.999999,ETH/USD,BUY,0.612152,3267.160253357,1999.9986834129943,1.9999986834129944,uptrend
1738415700,1738415699.999999,ETH/USD,BUY,0.611322,3271.5951267999994,1999.9980761056293,1.9999980761056293,uptrend
1738416000,1738415999.999999,ETH/USD,BUY,0.611489,3270.704147711,1999.9996085796515,1.9999996085796516,uptrend
1738416300,1738416299.999999,ETH/USD,BUY,0.610789,3274.4482620849994,1999.9969795506347,1.9999969795506347,uptrend
1738416600,1738416599.999999,ETH/USD,BUY,0.611131,3272.6162489019994,1999.9972408077276,1.9999972408077276,uptrend
1738423500,1738423499.999999,ETH/USD,SELL,0.617851,3237.025675059,1999.9995503608784,1.9999995503608785,downtrend
1738423800,1738423799.999999,ETH/USD,SELL,0.617129,3240.811506438,1999.9987641565765,1.9999987641565766,downtrend
1738424100,1738424099.999999,ETH/USD,SELL,0.615,3252.029154561,1999.9979300550149,1.999997930055015,downtrend
1738424400,1738424399.999999,ETH/USD,SELL,0.615102,3251.489748507,1999.9978472861528,1.9999978472861528,downtrend
1738424700,1738424699.999999,ETH/USD,SELL,0.614928,3252.408736599,1999.9971995793499,1.99999719957935,downtrend
1738437900,1738437899.999999,ETH/USD,SELL,0.62241,3213.3117866850002,1999.997389150611,1.999997389150611,downtrend
1738438200,1738438199.999999,ETH/USD,SELL,0.624157,3204.321685785,1999.9998104345082,1.9999998104345083,downtrend
1738438500,1738438499.999999,ETH/USD,SELL,0.624225,3203.97207075,1999.9994658639189,1.9999994658639189,downtrend
1738459500,1738459499.999999,BTC/USD,BUY,0.019708,101478.32362768099,1999.934802054337,1.999934802054337,uptrend
1738459800,1738459799.999999,BTC/USD,BUY,0.019707,101486.12219745999,1999.987010145344,1.9999870101453439,uptrend
1738460100,1738460099.999999,BTC/USD,BUY,0.019711,101465.39942538997,1999.9844880738617,1.9999844880738618,uptrend
1738460400,1738460399.999999,BTC/USD,BUY,0.019713,101454.85784133698,1999.979612626276,1.999979612626276,uptrend
1738460700,1738460699.999999,BTC/USD,BUY,0.019707,101484.039909252,1999.945974491629,1.999945974491629,uptrend
1738461000,1738460999.999999,BTC/USD,BUY,0.01973,101366.30052649099,1999.9571093876673,1.9999571093876674,uptrend
1738461300,1738461299.999999,BTC/USD,BUY,0.019746,101281.287105999,1999.9002951950563,1.9999002951950564,uptrend
1738461600,1738461599.999999,BTC/USD,BUY,0.019731,101359.76334283799,1999.9294905175364,1.9999294905175364,uptrend
1738461900,1738461899.999999,BTC/USD,BUY,0.019753,101250.01273887498,1999.9915016309974,1.9999915016309975,uptrend
1738462200,1738462199.999999,ETH/USD,BUY,0.636256,3143.3842369929994,1999.997081092218,1.999997081092218,uptrend
1738465800,1738465799.999999,ETH/USD,SELL,0.642448,3113.0921396520002,1999.9998189351484,1.9999998189351484,downtrend
1738466400,1738466399.999999,BTC/USD,SELL,0.020008,99959.53344696,1999.9903452067758,1.9999903452067758,downtrend
1738466700,1738466699.999999,BTC/USD,SELL,0.020082,99590.349959001,1999.973407876658,1.999973407876658,downtrend
1738467000,1738466999.999999,BTC/USD,SELL,0.0201,99502.426772199,1999.9987781211998,1.9999987781211999,downtrend
1738467300,1738467299.999999,BTC/USD,SELL,0.0201,99499.78967593501,1999.9457724862937,1.9999457724862937,downtrend
1738467600,1738467599.999999,BTC/USD,SELL,0.020109,99455.248720476,1999.9455965200516,1.9999455965200517,downtrend
1738467900,1738467899.999999,BTC/USD,SELL,0.020123,99384.077088351,1999.905783248887,1.9999057832488871,downtrend
1738468200,1738468199.999999,BTC/USD,SELL,0.020106,99469.17338787,1999.927200136514,1.999927200136514,downtrend
1738468500,1738468499.999999,BTC/USD,SELL,0.02013,99352.61173520099,1999.9680742295957,1.9999680742295958,downtrend
1738468800,1738468799.999999,BTC/USD,SELL,0.020182,99097.732385685,1999.9904350078946,1.9999904350078945,downtrend
1738477200,1738477199.999999,ETH/USD,BUY,0.638769,3131.0206507579996,1999.9989300640368,1.9999989300640368,uptrend
1738477500,1738477499.999999,ETH/USD,BUY,0.63722,3138.6290115179995,1999.9971787194997,1.9999971787195,uptrend
1738477800,1738477799.999999,BTC/USD,BUY,0.019881,100598.55685980098,1999.9999089297032,1.9999999089297034,uptrend
1738478100,1738478099.999999,BTC/USD,BUY,0.019898,100507.75708073098,1999.903350392385,1.9999033503923849,uptrend
1738478400,1738478399.999999,BTC/USD,BUY,0.019894,100530.72231702499,1999.9581897748951,1.9999581897748953,uptrend
1738478700,1738478699.999999,BTC/USD,BUY,0.019885,100574.16005036398,1999.9171726014877,1.9999171726014877,uptrend
1738479000,1738478999.999999,BTC/USD,BUY,0.019911,100445.47864350998,1999.9699252709274,1.9999699252709275,uptrend
1738479300,1738479299.999999,BTC/USD,BUY,0.019904,100481.62836812099,1999.9863310390804,1.9999863310390804,uptrend
1738479600,1738479599.999999,BTC/USD,BUY,0.019925,100375.45169151499,1999.980874953436,1.999980874953436,uptrend
1738479900,1738479899.999999,BTC/USD,BUY,0.019945,100274.14036139498,1999.967729508023,1.9999677295080232,uptrend
1738480200,1738480199.999999,BTC/USD,BUY,0.019948,100257.68227575098,1999.9402460366805,1.9999402460366806,uptrend
1738480500,1738480499.999999,ETH/USD,BUY,0.641561,3117.3956783969993,1999.9994888280573,1.9999994888280574,uptrend
1738483800,1738483799.999999,ETH/USD,SELL,0.647147,3090.4870303889998,1999.9994102551502,1.9999994102551502,downtrend
1738484100,1738484099.999999,ETH/USD,SELL,0.647331,3089.6079983010004,1999.999035148185,1.999999035148185,downtrend
1738484400,1738484399.999999,ETH/USD,SELL,0.646113,3095.4315858840005,1999.9985882502694,1.9999985882502695,downtrend
1738497000,1738496999.999999,BTC/USD,SELL,0.020275,98641.634600025,1999.959141515507,1.9999591415155071,downtrend
1738497300,1738497299.999999,BTC/USD,SELL,0.020238,98820.367794918,1999.9266034335503,1.9999266034335503,downtrend
1738497600,1738497599.999999,BTC/USD,SELL,0.020251,98755.85882646001,1999.904897094642,1.999904897094642,downtrend
1738497900,1738497899.999999,BTC/USD,SELL,0.020222,98901.088911999,1999.977819978444,1.999977819978444,downtrend
1738498200,1738498199.999999,BTC/USD,SELL,0.020199,99012.9757122,1999.963096410728,1.999963096410728,downtrend
1738498500,1738498499.999999,BTC/USD,SELL,0.020196,99027.120137616,1999.9517182992927,1.9999517182992927,downtrend
1738498800,1738498799.999999,BTC/USD,SELL,0.020244,98793.187723197,1999.9692922684003,1.9999692922684003,downtrend
1738499100,1738499099.999999,BTC/USD,SELL,0.020239,98815.183503399,1999.9204989252926,1.9999204989252926,downtrend
1738499400,1738499399.999999,BTC/USD,SELL,0.020258,98723.21477119201,1999.934884834808,1.999934884834808,downtrend
1738507200,1738507199.999999,ETH/USD,BUY,0.645773,3097.0633353659996,1999.9998812693077,1.9999998812693078,uptrend
1738507500,1738507499.999999,ETH/USD,BUY,0.645245,3099.5961186189998,1999.9988975583165,1.9999988975583165,uptrend
1738507800,1738507799.999999,ETH/USD,BUY,0.645883,3096.5327523129995,1999.997863662177,1.9999978636621771,uptrend
1738508100,1738508099.999999,ETH/USD,BUY,0.646745,3092.408219901,1999.9995541798723,1.9999995541798723,uptrend
1738508400,1738508399.999999,BTC/USD,BUY,0.020138,99314.21550850799,1999.9896719103338,1.9999896719103338,uptrend
1738508700,1738508699.999999,BTC/USD,BUY,0.020184,99086.35511474698,1999.9589916360533,1.9999589916360534,uptrend
1738509000,1738508999.999999,BTC/USD,BUY,0.02016,99205.64620266299,1999.985827445686,1.999985827445686,uptrend
1738509300,1738509299.999999,BTC/USD,BUY,0.020164,99186.234871724,1999.9912399534428,1.9999912399534427,uptrend
1738509600,1738509599.999999,BTC/USD,BUY,0.020195,99033.887458506,1999.9893572245287,1.9999893572245286,uptrend
1738514700,1738514699.999999,ETH/USD,SELL,0.658686,3036.346644969,1999.9990261880507,1.9999990261880507,downtrend
1738515000,1738514999.999999,ETH/USD,SELL,0.663248,3015.4596438780004,1999.997577882796,1.9999975778827959,downtrend
1738515300,1738515299.999999,ETH/USD,SELL,0.662322,3019.6750023,1999.9971868733405,1.9999971868733406,downtrend
1738515600,1738515599.999999,ETH/USD,SELL,0.663882,3012.58281159,1999.9995021239922,1.9999995021239922,downtrend
1738516200,1738516199.999999,BTC/USD,SELL,0.020348,98287.644382587,1999.9569878968803,1.9999569878968804,downtrend
1738516500,1738516499.999999,BTC/USD,SELL,0.020388,98095.076421309,1999.962418077648,1.999962418077648,downtrend
1738516800,1738516799.999999,BTC/USD,SELL,0.020393,98071.11280791,1999.9642034917088,1.999964203491709,downtrend
1738517100,1738517099.999999,BTC/USD,SELL,0.020482,97645.661277318,1999.9784342820271,1.9999784342820273,downtrend
1738517400,1738517399.999999,BTC/USD,SELL,0.019876,97740.37698480001,1942.687732949885,1.942687732949885,downtrend
1738527900,1738527899.999999,BTC/USD,BUY,0.020309,98476.19461479799,1999.9530364319326,1.9999530364319327,uptrend
1738528200,1738528199.999999,BTC/USD,BUY,0.02035,98279.55853315599,1999.9890161497242,1.9999890161497242,uptrend
1738528500,1738528499.999999,BTC/USD,BUY,0.020379,98136.92179090799,1999.932329176914,1.999932329176914,uptrend
1738528800,1738528799.999999,BTC/USD,BUY,0.020406,98007.78988900899,1999.9469604751175,1.9999469604751177,uptrend
1738529100,1738529099.999999,BTC/USD,BUY,0.020396,98055.31211075599,1999.9361458109793,1.9999361458109792,uptrend
1738530000,1738529999.999999,BTC/USD,BUY,0.020427,97905.59759080099,1999.9176419872917,1.9999176419872917,uptrend
1738530300,1738530299.999999,BTC/USD,BUY,0.020423,97924.42828368199,1999.9105988376373,1.9999105988376373,uptrend
1738533000,1738532999.999999,BTC/USD,SELL,0.020689,96667.55827739999,1999.9551132011284,1.9999551132011284,downtrend
1738533300,1738533299.999999,BTC/USD,SELL,0.020644,96876.038717271,1999.9089432793426,1.9999089432793427,downtrend
1738533600,1738533599.999999,BTC/USD,SELL,0.020636,96913.847086056,1999.9141484678519,1.999914148467852,downtrend
1738533900,1738533899.999999,BTC/USD,SELL,0.020547,97336.541652372,1999.9739213312876,1.9999739213312877,downtrend
1738534200,1738534199.999999,BTC/USD,SELL,0.020529,97420.70897479799,1999.9497345436278,1.999949734543628,downtrend
1738534500,1738534499.999999,BTC/USD,SELL,0.020533,97402.27926795301,1999.961000208879,1.9999610002088792,downtrend
1738564800,1738564799.999999,BTC/USD,BUY,0.021194,94363.71544800198,1999.9445852049541,1.9999445852049542,uptrend
1738565100,1738565099.999999,BTC/USD,BUY,0.021251,94109.42601160098,1999.9194121725325,1.9999194121725326,uptrend
1738565400,1738565399.999999,BTC/USD,BUY,0.021237,94172.194987871,1999.9349049574164,1.9999349049574164,uptrend
1738565700,1738565699.999999,ETH/USD,BUY,0.792904,2522.37181196,1999.9986991903318,1.9999986991903318,uptrend
1738566000,1738565999.999999,BTC/USD,BUY,0.021273,94014.36154610499,1999.9675131702916,1.9999675131702916,uptrend
1738566300,1738566299.999999,BTC/USD,BUY,0.021207,94306.882995325,1999.966067681857,1.9999660676818571,uptrend
1738566600,1738566599.999999,BTC/USD,BUY,0.02126,94070.97375676,1999.9489020687176,1.9999489020687178,uptrend
1738566900,1738566899.999999,BTC/USD,BUY,0.021249,94118.556044513,1999.9251973898567,1.9999251973898569,uptrend
1738567200,1738567199.999999,BTC/USD,BUY,0.021196,94353.69443600098,1999.9209072654767,1.9999209072654767,uptrend
1738567500,1738567499.999999,ETH/USD,BUY,0.781756,2558.341338553,1999.998691461839,1.999998691461839,uptrend
1738567800,1738567799.999999,ETH/USD,BUY,0.778369,2569.473571665,1999.998574503314,1.9999985745033142,uptrend
1738568100,1738568099.999999,ETH/USD,BUY,0.775722,2578.2432085409996,1999.9999782158413,1.9999999782158413,uptrend
1738568400,1738568399.999999,ETH/USD,BUY,0.773954,2584.1296771289994,1999.9975001326977,1.9999975001326977,uptrend
1738568700,1738568699.999999,ETH/USD,BUY,0.772279,2589.7358376889993,1999.9986029946228,1.9999986029946228,uptrend
1738569000,1738568999.999999,ETH/USD,BUY,0.766887,2607.9458485079995,1999.9997679247542,1.9999997679247543,uptrend
1738569300,1738569299.999999,ETH/USD,BUY,0.766998,2607.5654304699997,1999.9974700396288,1.9999974700396288,uptrend
1738569900,1738569899.999999,ETH/USD,BUY,0.768536,2602.349698948999,1999.9994282314678,1.999999428231468,uptrend
1738589100,1738589099.999999,BTC/USD,SELL,0.021149,94562.905733703,1999.9108933620848,1.9999108933620848,downtrend
1738589400,1738589399.999999,BTC/USD,SELL,0.021215,94270.54765243501,1999.9496684464089,1.9999496684464089,downtrend
1738589700,1738589699.999999,BTC/USD,SELL,0.021125,94673.573875782,1999.979248125895,1.9999792481258951,downtrend
1738590000,1738589999.999999,BTC/USD,SELL,0.021102,94775.331828969,1999.949052254904,1.9999490522549042,downtrend
1738590300,1738590299.999999,BTC/USD,SELL,0.020997,95247.82156527,1999.918509405974,1.999918509405974,downtrend
1738590600,1738590599.999999,BTC/USD,SELL,0.021036,95071.156093584,1999.916839584633,1.999916839584633,downtrend
1738590900,1738590899.999999,BTC/USD,SELL,0.021093,94818.154676256,1999.9993365862679,1.9999993365862678,downtrend
1738591200,1738591199.999999,BTC/USD,SELL,0.02115,94560.398494452,1999.9524281576598,1.99995242815766,downtrend
1738591500,1738591499.999999,ETH/USD,SELL,0.784811,2548.383946119,1999.9997531375986,1.9999997531375986,downtrend
1738591800,1738591799.999999,ETH/USD,SELL,0.787741,2538.9043841699995,1999.9990784904596,1.9999990784904598,downtrend
1738592100,1738592099.999999,ETH/USD,SELL,0.78571,2545.4671578270004,1999.9990005762525,1.9999990005762525,downtrend
1738592400,1738592399.999999,ETH/USD,SELL,0.7843,2550.042120285,1999.9980349395253,1.9999980349395252,downtrend
1738592700,1738592699.999999,ETH/USD,SELL,0.789101,2534.529201732,1999.999527615923,1.999999527615923,downtrend
1738593000,1738592999.999999,ETH/USD,SELL,0.782908,2554.5771267389996,1999.998869140977,1.999998869140977,downtrend
1738593300,1738593299.999999,ETH/USD,SELL,0.762334,2623.5212116410003,1999.9994193551302,1.9999994193551303,downtrend
1738593600,1738593599.999999,ETH/USD,SELL,0.757996,2638.5346801440005,1999.998733410432,1.9999987334104319,downtrend
1738593900,1738593899.999999,ETH/USD,SELL,0.762583,2622.6621575550002,1999.9975760947648,1.9999975760947648,downtrend
1738595100,1738595099.999999,BTC/USD,BUY,0.020743,96417.95283119999,1999.9975955775815,1.9999975955775815,uptrend
1738595400,1738595399.999999,BTC/USD,BUY,0.020638,96907.480769099,1999.9765881126652,1.9999765881126652,uptrend
1738595700,1738595699.999999,BTC/USD,BUY,0.020654,96832.52840461198,1999.9790416688556,1.9999790416688557,uptrend
1738596000,1738595999.999999,BTC/USD,BUY,0.020595,97106.70969999999,1999.9126862714998,1.9999126862714998,uptrend
1738596300,1738596299.999999,BTC/USD,BUY,0.020406,98007.71981200199,1999.9455304837127,1.9999455304837128,uptrend
1738596600,1738596599.999999,BTC/USD,BUY,0.020315,98448.183834,1999.9748545877098,1.9999748545877098,uptrend
1738596900,1738596899.999999,BTC/USD,BUY,0.020314,98450.47635322898,1999.9229766394933,1.9999229766394933,uptrend
1738597200,1738597199.999999,BTC/USD,BUY,0.020385,98107.829822002,1999.9281109215108,1.9999281109215108,uptrend
1738597500,1738597499.999999,ETH/USD,BUY,0.738575,2707.915704494,1999.998841446656,1.9999988414466559,uptrend
1738597800,1738597799.999999,ETH/USD,BUY,0.735186,2720.3994227409994,1999.9995700072643,1.9999995700072644,uptrend
1738598100,1738598099.999999,ETH/USD,BUY,0.743138,2691.2874318329996,1999.9979595175116,1.9999979595175117,uptrend
1738598400,1738598399.999999,ETH/USD,BUY,0.739726,2703.701073073,1999.9979799799978,1.9999979799799978,uptrend
1738598700,1738598699.999999,ETH/USD,BUY,0.739379,2704.9724701999994,1999.9998400440054,1.9999998400440053,uptrend
1738599000,1738598999.999999,ETH/USD,BUY,0.744174,2687.543317459,1999.9998607267337,1.9999998607267337,uptrend
1738599300,1738599299.999999,ETH/USD,BUY,0.740862,2699.5565186589997,1999.998841526744,1.999998841526744,uptrend
1738599600,1738599599.999999,ETH/USD,BUY,0.738152,2709.4674096489994,1999.9987873672283,1.9999987873672282,uptrend
1738599900,1738599899.999999,ETH/USD,BUY,0.738422,2708.47632055,1999.998501573172,1.999998501573172,uptrend
1738617900,1738617899.999999,ETH/USD,SELL,0.735941,2717.60761206,1999.9988636270484,1.9999988636270485,downtrend
1738618200,1738618199.999999,ETH/USD,SELL,0.735963,2717.527700052,1999.99983871337,1.9999998387133702,downtrend
1738618500,1738618499.999999,ETH/USD,SELL,0.734858,2721.6132014610002,1999.9992339992277,1.9999992339992279,downtrend
1738618800,1738618799.999999,ETH/USD,SELL,0.729365,2742.110631513,1999.9995207534794,1.9999995207534793,downtrend
1738619100,1738619099.999999,ETH/USD,SELL,0.731718,2733.29034363,1999.9977436602562,1.9999977436602563,downtrend
1738619400,1738619399.999999,ETH/USD,SELL,0.727941,2747.47472505,1999.999498827622,1.999999498827622,downtrend
1738620300,1738620299.999999,ETH/USD,BUY,0.705677,2834.1544271039998,1999.9975936554692,1.9999975936554693,uptrend
1738620600,1738620599.999999,ETH/USD,BUY,0.696343,2872.1461758989994,1999.998884564037,1.999998884564037,uptrend
1738620900,1738620899.999999,ETH/USD,BUY,0.70012,2856.6491463509997,1999.9972003432617,1.9999972003432618,uptrend
1738621200,1738621199.999999,ETH/USD,BUY,0.698188,2864.5578371409997,1999.9999071978004,1.9999999071978005,uptrend
1738621500,1738621499.999999,ETH/USD,BUY,0.692709,2887.2127324039993,1999.998244650842,1.999998244650842,uptrend
1738632000,1738631999.999999,BTC/USD,SELL,0.019835,100827.25798582801,1999.9086621488984,1.9999086621488984,downtrend
1738632300,1738632299.999999,BTC/USD,SELL,0.019823,100888.900110999,1999.9206669003333,1.9999206669003333,downtrend
1738632600,1738632599.999999,BTC/USD,SELL,0.019775,101137.716136908,1999.9983366073557,1.9999983366073557,downtrend
1738632900,1738632899.999999,BTC/USD,SELL,0.019788,101070.190490148,1999.9769294190487,1.9999769294190488,downtrend
1738633200,1738633199.999999,BTC/USD,SELL,0.019756,101233.550612502,1999.9700259005895,1.9999700259005895,downtrend
1738633500,1738633499.999999,BTC/USD,SELL,0.019718,101429.30506509902,1999.9830372736224,1.9999830372736225,downtrend
1738633800,1738633799.999999,BTC/USD,SELL,0.019716,101440.26299919601,1999.9962252921487,1.9999962252921486,downtrend
1738634100,1738634099.999999,BTC/USD,SELL,0.019748,101272.337903385,1999.9261289160472,1.9999261289160473,downtrend
1738634400,1738634399.999999,ETH/USD,SELL,0.701594,2850.651116379,1999.9997193448082,1.9999997193448082,downtrend
1738634700,1738634699.999999,ETH/USD,SELL,0.701473,2851.140577428,1999.9981342701517,1.9999981342701518,downtrend
1738635000,1738634999.999999,ETH/USD,SELL,0.703267,2843.8685846999997,1999.9989279562146,1.9999989279562147,downtrend
1738635300,1738635299.999999,ETH/USD,SELL,0.704009,2840.8718844,1999.9993744645597,1.9999993744645597,downtrend
1738635600,1738635599.999999,ETH/USD,SELL,0.70387,2841.431268456,1999.9982269281247,1.9999982269281247,downtrend
1738635900,1738635899.999999,ETH/USD,SELL,0.70505,2836.6765039800002,1999.998769131099,1.999998769131099,downtrend
1738636200,1738636199.999999,ETH/USD,SELL,0.70438,2839.37353425,1999.9979300550149,1.999997930055015,downtrend
1738636500,1738636499.999999,ETH/USD,SELL,0.703737,2841.9706745099998,1999.9999165676436,1.9999999165676436,downtrend
1738640400,1738640399.999999,BTC/USD,SELL,0.019891,100547.296254801,1999.9862698042466,1.9999862698042465,downtrend
1738665900,1738665899.999999,ETH/USD,BUY,0.726035,2754.6871011659996,1999.9992494950566,1.9999992494950567,uptrend
1738666200,1738666199.999999,ETH/USD,BUY,0.727921,2747.549257453,1999.9988030344452,1.9999988030344453,uptrend
1738666500,1738666499.999999,ETH/USD,BUY,0.728824,2744.1455171129996,1999.999112364365,1.999999112364365,uptrend
1738666800,1738666799.999999,ETH/USD,BUY,0.726473,2753.025275,1999.998530605075,1.9999985306050752,uptrend
1738667100,1738667099.999999,ETH/USD,BUY,0.719708,2778.9037125849995,1999.9992331771248,1.9999992331771248,uptrend
1738667400,1738667399.999999,ETH/USD,BUY,0.716803,2790.1660887099997,1999.9994228855937,1.9999994228855937,uptrend
1738667700,1738667699.999999,ETH/USD,BUY,0.719438,2779.9448566889996,1999.9979678066206,1.9999979678066206,uptrend
1738668000,1738667999.999999,BTC/USD,BUY,0.020132,99341.17513420098,1999.9365378017342,1.9999365378017342,uptrend
1738668300,1738668299.999999,BTC/USD,BUY,0.020133,99337.99163588298,1999.9717856052323,1.9999717856052324,uptrend
1738668600,1738668599.999999,BTC/USD,BUY,0.020112,99438.291854902,1999.9029257857892,1.9999029257857892,uptrend
1738668900,1738668899.999999,BTC/USD,BUY,0.02012,99400.32012810899,1999.9344409775526,1.9999344409775526,uptrend
1738669200,1738669199.999999,BTC/USD,BUY,0.020145,99279.867764077,1999.9929361073312,1.9999929361073312,uptrend
1738669500,1738669499.999999,BTC/USD,BUY,0.020128,99361.157092197,1999.941369951741,1.9999413699517412,uptrend
1738669800,1738669799.999999,BTC/USD,BUY,0.020134,99333.41660842599,1999.9790099940487,1.9999790099940489,uptrend
1738670100,1738670099.999999,BTC/USD,BUY,0.020164,99186.66534476698,1999.9999200118816,1.9999999200118816,uptrend
1738670400,1738670399.999999,BTC/USD,BUY,0.020186,99076.57436676997,1999.9597301676185,1.9999597301676186,uptrend
1738670700,1738670699.999999,ETH/USD,BUY,0.722354,2768.7225245679992,1999.9977905117926,1.9999977905117927,uptrend
1738684200,1738684199.999999,ETH/USD,SELL,0.713045,2804.871524796,1999.9996163981639,1.999999616398164,downtrend
1738684500,1738684499.999999,ETH/USD,SELL,0.717779,2786.371894944,1999.999232381009,1.9999992323810092,downtrend
1738684800,1738684799.999999,ETH/USD,SELL,0.720947,2774.125379718,1999.997370131553,1.999997370131553,downtrend
1738685100,1738685099.999999,ETH/USD,SELL,0.719781,2778.620430168,1999.9981918467531,1.999998191846753,downtrend
1738685400,1738685399.999999,ETH/USD,SELL,0.720408,2776.2030919260005,1999.9989170482263,1.9999989170482264,downtrend
1738685700,1738685699.999999,ETH/USD,SELL,0.714482,2799.2277392309998,1999.997833581243,1.999997833581243,downtrend
1738686000,1738685999.999999,ETH/USD,SELL,0.718039,2785.363005843,1999.9992673525016,1.9999992673525018,downtrend
1738686300,1738686299.999999,ETH/USD,SELL,0.717403,2787.83028909,1999.9978128840332,1.9999978128840332,downtrend
1738691700,1738691699.999999,ETH/USD,BUY,0.709449,2819.0878705989994,1999.9990707085894,1.9999990707085895,uptrend
1738692000,1738691999.999999,ETH/USD,BUY,0.709673,2818.196891509999,1999.9982425885757,1.9999982425885758,uptrend
1738692300,1738692299.999999,ETH/USD,BUY,0.711746,2809.98787069,1999.9976270121247,1.9999976270121247,uptrend
1738692600,1738692599.999999,ETH/USD,BUY,0.713702,2802.2894109209997,1999.9995571531392,1.9999995571531393,uptrend
1738694100,1738694099.999999,ETH/USD,BUY,0.708211,2824.0132830909997,1999.99727123116,1.9999972712311602,uptrend
1738694400,1738694399.999999,ETH/USD,BUY,0.705217,2836.0064622889995,1999.9999693160614,1.9999999693160615,uptrend
1738694700,1738694699.999999,ETH/USD,BUY,0.707256,2827.8274744719993,1999.9979482851684,1.9999979482851684,uptrend
1738695000,1738694999.999999,ETH/USD,BUY,0.706141,2832.2923809179993,1999.9977741538169,1.9999977741538169,uptrend
1738700700,1738700699.999999,ETH/USD,SELL,0.733762,2725.678724868,1999.9994725165934,1.9999994725165935,downtrend
1738701000,1738700999.999999,ETH/USD,SELL,0.731042,2735.817560883,1999.9975413430302,1.9999975413430302,downtrend
1738701300,1738701299.999999,ETH/USD,SELL,0.732983,2728.575535158,1999.9994814867166,1.9999994814867166,downtrend
1738701600,1738701599.999999,BTC/USD,SELL,0.020278,98626.071736467,1999.939482672078,1.999939482672078,downtrend
1738701900,1738701899.999999,BTC/USD,SELL,0.020264,98697.12350058001,1999.9985106157535,1.9999985106157536,downtrend
1738702200,1738702199.999999,BTC/USD,SELL,0.020266,98683.648338231,1999.9228172225894,1.9999228172225894,downtrend
1738702500,1738702499.999999,BTC/USD,SELL,0.020224,98889.09212179799,1999.9329990712424,1.9999329990712424,downtrend
1738702800,1738702799.999999,BTC/USD,SELL,0.020295,98543.672467218,1999.9438327221894,1.9999438327221895,downtrend
1738703100,1738703099.999999,BTC/USD,SELL,0.0204,98036.05141439999,1999.93544885376,1.99993544885376,downtrend
1738703400,1738703399.999999,BTC/USD,SELL,0.020423,97924.77394326,1999.9176582431992,1.9999176582431992,downtrend
1738703700,1738703699.999999,BTC/USD,SELL,0.020386,98103.82678618502,1999.944612863168,1.999944612863168,downtrend
1738704000,1738703999.999999,BTC/USD,SELL,0.020435,97870.493711826,1999.9835390011642,1.9999835390011642,downtrend
1738704300,1738704299.999999,ETH/USD,SELL,0.739832,2703.313351629,1999.9977235623865,1.9999977235623865,downtrend
1738704600,1738704599.999999,ETH/USD,SELL,0.741528,2697.1301600099996,1999.9975332918948,1.999997533291895,downtrend
1738704900,1738704899.999999,ETH/USD,SELL,0.742383,2694.023580699,1999.9973079100657,1.9999973079100657,downtrend
1738705200,1738705199.999999,ETH/USD,SELL,0.747313,2676.25314792,1999.998768731539,1.999998768731539,downtrend
1738705500,1738705499.999999,ETH/USD,SELL,0.752679,2657.17415601,1999.9991865714508,1.9999991865714508,downtrend
1738713600,1738713599.999999,ETH/USD,BUY,0.731476,2734.1945821189997,1999.9977161500774,1.9999977161500775,uptrend
1738713900,1738713899.999999,ETH/USD,BUY,0.730856,2736.5171343509996,1999.9999667432342,1.9999999667432342,uptrend
1738714200,1738714199.999999,ETH/USD,BUY,0.73379,2725.5751102579998,1999.9997601562177,1.9999997601562178,uptrend
1738714500,1738714499.999999,ETH/USD,BUY,0.733399,2727.026705403,1999.9986587158548,1.999998658715855,uptrend
1738714800,1738714799.999999,ETH/USD,BUY,0.735029,2720.9800607989996,1999.999253109028,1.999999253109028,uptrend
1738715100,1738715099.999999,ETH/USD,BUY,0.734486,2722.9922719999995,1999.9997018921915,1.9999997018921916,uptrend
1738715400,1738715399.999999,ETH/USD,BUY,0.731005,2735.9565182949996,1999.9978946562362,1.9999978946562362,uptrend
1738715700,1738715699.999999,BTC/USD,BUY,0.020368,98192.51287946098,1999.9851023288613,1.9999851023288613,uptrend
1738716000,1738715999.999999,BTC/USD,BUY,0.020363,98216.05875381299,1999.973604403894,1.9999736044038938,uptrend
1738716300,1738716299.999999,BTC/USD,BUY,0.020353,98261.29846733199,1999.912207705608,1.999912207705608,uptrend
1738716600,1738716599.999999,BTC/USD,BUY,0.020354,98259.97701519998,1999.9835721673805,1.9999835721673807,uptrend
1738716900,1738716899.999999,BTC/USD,BUY,0.020328,98384.51386763998,1999.9603979013855,1.9999603979013856,uptrend
1738717200,1738717199.999999,BTC/USD,BUY,0.020328,98382.12123840099,1999.911760534215,1.9999117605342152,uptrend
1738717500,1738717499.999999,BTC/USD,BUY,0.020223,98895.37524867,1999.9611736538534,1.9999611736538534,uptrend
1738717800,1738717799.999999,BTC/USD,BUY,0.020216,98930.71408219998,1999.9833158857548,1.9999833158857547,uptrend
1738718100,1738718099.999999,BTC/USD,BUY,0.020285,98592.52244641798,1999.9493178255887,1.9999493178255887,uptrend
1738718400,1738718399.999999,ETH/USD,BUY,0.727664,2748.5203245499997,1999.999293443351,1.999999293443351,uptrend
1738718700,1738718699.999999,ETH/USD,BUY,0.728035,2747.1187844099995,1999.998624207934,1.999998624207934,uptrend
1738740300,1738740299.999999,BTC/USD,SELL,0.020558,97284.728704185,1999.9794527006354,1.9999794527006354,downtrend
1738740600,1738740599.999999,BTC/USD,SELL,0.020504,97541.905523931,1999.9992308626813,1.9999992308626813,downtrend
1738740900,1738740899.999999,BTC/USD,SELL,0.020513,97495.706394306,1999.929425266399,1.999929425266399,downtrend
1738741200,1738741199.999999,BTC/USD,SELL,0.020515,97488.534291588,1999.9772809919277,1.9999772809919278,downtrend
1738741500,1738741499.999999,BTC/USD,SELL,0.020475,97676.45736740099,1999.9254645975352,1.9999254645975353,downtrend
1738741800,1738741799.999999,BTC/USD,SELL,0.020462,97740.37698480001,1999.9635938629779,1.9999635938629778,downtrend
1738758000,1738757999.999999,BTC/USD,BUY,0.020256,98733.457318496,1999.944911443455,1.999944911443455,uptrend
1738758300,1738758299.999999,BTC/USD,BUY,0.020251,98759.515954099,1999.978957586459,1.999978957586459,uptrend
1738758600,1738758599.999999,BTC/USD,BUY,0.020271,98658.404843999,1999.9045245927039,1.9999045245927038,uptrend
1738758900,1738758899.999999,BTC/USD,BUY,0.020271,98658.88537204699,1999.9142653767647,1.9999142653767648,uptrend
1738759200,1738759199.999999,BTC/USD,BUY,0.020296,98537.70220494199,1999.9212039515028,1.9999212039515029,uptrend
1738759500,1738759499.999999,BTC/USD,BUY,0.020306,98488.22783799999,1999.901954478428,1.999901954478428,uptrend
1738769700,1738769699.999999,ETH/USD,SELL,0.718616,2783.125469619,1999.9984924757273,1.9999984924757273,downtrend
1738770000,1738769999.999999,ETH/USD,SELL,0.720226,2776.9023219960004,1999.9972517618914,1.9999972517618916,downtrend
1738770300,1738770299.999999,ETH/USD,SELL,0.722026,2769.979944303,1999.9975392653178,1.9999975392653178,downtrend
1738770600,1738770599.999999,ETH/USD,SELL,0.722722,2767.3128810360004,1999.9979000081003,1.9999979000081003,downtrend
1738770900,1738770899.999999,ETH/USD,SELL,0.722245,2769.140868219,1999.9981463668316,1.9999981463668317,downtrend
1738771200,1738771199.999999,ETH/USD,SELL,0.721917,2770.399482345,1999.9984830960552,1.9999984830960553,downtrend
1738771500,1738771499.999999,ETH/USD,SELL,0.724299,2761.289513433,1999.9992332900085,1.9999992332900085,downtrend
1738771800,1738771799.999999,ETH/USD,SELL,0.72508,2758.3127911349998,1999.9974385961655,1.9999974385961654,downtrend
1738772100,1738772099.999999,ETH/USD,SELL,0.727306,2749.87208529,1999.9984668639288,1.9999984668639288,downtrend
1738772700,1738772699.999999,BTC/USD,SELL,0.020516,97482.86053902,1999.9583668185342,1.9999583668185341,downtrend
1738773000,1738772999.999999,BTC/USD,SELL,0.020472,97690.441968801,1999.918727985294,1.9999187279852941,downtrend
1738773300,1738773299.999999,BTC/USD,SELL,0.020518,97471.233341856,1999.9147657082017,1.9999147657082017,downtrend
1738773600,1738773599.999999,BTC/USD,SELL,0.020516,97482.670748001,1999.9544730659884,1.9999544730659884,downtrend
1738773900,1738773899.999999,BTC/USD,SELL,0.020501,97555.630411305,1999.9879790621637,1.9999879790621637,downtrend
1738774200,1738774199.999999,BTC/USD,SELL,0.020441,97842.264795,1999.993734674595,1.999993734674595,downtrend
1738774500,1738774499.999999,BTC/USD,SELL,0.020402,98028.369872631,1999.9748021414175,1.9999748021414177,downtrend
1738774800,1738774799.999999,BTC/USD,SELL,0.020436,97866.24838640098,1999.9946520244905,1.9999946520244904,downtrend
1738775100,1738775099.999999,BTC/USD,SELL,0.020398,98048.0382156,1999.9838835218086,1.9999838835218087,downtrend
1738785900,1738785899.999999,ETH/USD,BUY,0.719174,2780.9659787909995,1999.9984268310382,1.9999984268310382,uptrend
1738786200,1738786199.999999,ETH/USD,BUY,0.718008,2785.4809402419996,1999.9975989412776,1.9999975989412777,uptrend
1738786500,1738786499.999999,ETH/USD,BUY,0.71971,2778.8937015839997,1999.9975859670203,1.9999975859670203,uptrend
1738786800,1738786799.999999,ETH/USD,BUY,0.719109,2781.216253815999,1999.9976390653694,1.9999976390653695,uptrend
1738787100,1738787099.999999,ETH/USD,BUY,0.719539,2779.5544276499995,1999.9978133168531,1.9999978133168532,uptrend
1738787400,1738787399.999999,ETH/USD,BUY,0.720396,2776.2507973199995,1999.9999693861384,1.9999999693861386,uptrend
1738787700,1738787699.999999,ETH/USD,BUY,0.721348,2772.586770954,1999.9999220541258,1.9999999220541258,uptrend
1738788000,1738787999.999999,ETH/USD,BUY,0.722252,2769.112953607,1999.9973689685628,1.9999973689685628,uptrend
1738788600,1738788599.999999,ETH/USD,BUY,0.7246,2760.1430967109995,1999.9996878767904,1.9999996878767905,uptrend
1738807200,1738807199.999999,BTC/USD,BUY,0.020562,97266.57537496899,1999.9953228601123,1.9999953228601124,uptrend
1738807500,1738807499.999999,BTC/USD,BUY,0.020536,97386.006616899,1999.9190318846377,1.9999190318846376,uptrend
1738807800,1738807799.999999,BTC/USD,BUY,0.020545,97345.41200784399,1999.9614897011547,1.9999614897011548,uptrend
1738808100,1738808099.999999,BTC/USD,BUY,0.020511,97505.137528799,1999.9278758531964,1.9999278758531964,uptrend
1738808400,1738808399.999999,BTC/USD,BUY,0.020534,97397.13885001099,1999.9528491461256,1.9999528491461256,uptrend
1738808700,1738808699.999999,BTC/USD,BUY,0.020548,97332.868223591,1999.9957762583479,1.9999957762583478,uptrend
1738809000,1738808999.999999,BTC/USD,BUY,0.020547,97334.780324782,1999.9377313332957,1.9999377313332958,uptrend
1738809300,1738809299.999999,BTC/USD,BUY,0.020542,97359.64765126599,1999.961882052306,1.999961882052306,uptrend
1738809600,1738809599.999999,BTC/USD,BUY,0.020555,97298.92091919998,1999.9793194941558,1.9999793194941557,uptrend
1738841100,1738841099.999999,ETH/USD,SELL,0.712507,2806.989193008,1999.999448942551,1.999999448942551,downtrend
1738841400,1738841399.999999,ETH/USD,SELL,0.713019,2804.971414806,1999.9979132135593,1.9999979132135592,downtrend
1738841700,1738841699.999999,ETH/USD,SELL,0.71612,2792.82478959,1999.9976883211907,1.9999976883211907,downtrend
1738842000,1738841999.999999,ETH/USD,SELL,0.714255,2800.11676032,1999.9973966423615,1.9999973966423616,downtrend
1738842300,1738842299.999999,ETH/USD,SELL,0.71305,2804.851546794,1999.9993954414617,1.9999993954414619,downtrend
1738842600,1738842599.999999,ETH/USD,SELL,0.712101,2808.5874331679997,1999.9979197463658,1.9999979197463658,downtrend
1738842900,1738842899.999999,ETH/USD,SELL,0.712053,2808.777224187,1999.9982488140258,1.9999982488140258,downtrend
1738843200,1738843199.999999,ETH/USD,SELL,0.714072,2800.835968392,1999.9985416216123,1.9999985416216124,downtrend
1738843500,1738843499.999999,ETH/USD,SELL,0.71381,2801.8648354949996,1999.9991382246856,1.9999991382246856,downtrend
1738848600,1738848599.999999,BTC/USD,SELL,0.020376,98153.19242912701,1999.9694489358917,1.9999694489358917,downtrend
1738854900,1738854899.999999,BTC/USD,SELL,0.020439,97851.814279956,1999.9932320680207,1.9999932320680207,downtrend
1738855200,1738855199.999999,BTC/USD,SELL,0.020436,97863.191752095,1999.9321866458133,1.9999321866458133,downtrend
1738855500,1738855499.999999,BTC/USD,SELL,0.020499,97562.832481026,1999.9405030285518,1.9999405030285518,downtrend
1738855800,1738855799.999999,BTC/USD,SELL,0.020518,97474.689536202,1999.9856799037927,1.9999856799037927,downtrend
1738856100,1738856099.999999,BTC/USD,SELL,0.020581,97176.677680368,1999.9932033396535,1.9999932033396535,downtrend
1738856400,1738856399.999999,BTC/USD,SELL,0.02062,96993.19971000002,1999.9997780202002,1.9999997780202003,downtrend
1738856700,1738856699.999999,BTC/USD,SELL,0.020603,97072.00293888901,1999.9744765499302,1.99997447654993,downtrend
1738857000,1738856999.999999,BTC/USD,SELL,0.020632,96935.66306424,1999.9766003413997,1.9999766003413997,downtrend
1738893300,1738893299.999999,ETH/USD,BUY,0.731032,2735.8564082849994,1999.9985818613998,1.9999985818614,uptrend
1738893600,1738893599.999999,ETH/USD,BUY,0.735224,2720.2592687269994,1999.9999005905393,1.9999999005905393,uptrend
1738893900,1738893899.999999,ETH/USD,BUY,0.733779,2725.6151542619996,1999.9991622792156,1.9999991622792157,uptrend
1738894200,1738894199.999999,BTC/USD,BUY,0.020519,97468.77757316698,1999.9618470238133,1.9999618470238134,uptrend
1738894500,1738894499.999999,BTC/USD,BUY,0.020539,97374.19363571898,1999.9685630840324,1.9999685630840325,uptrend
1738894800,1738894799.999999,BTC/USD,BUY,0.020554,97302.80518758799,1999.9618578256834,1.9999618578256835,uptrend
1738895100,1738895099.999999,BTC/USD,BUY,0.020518,97475.11453679999,1999.9944000660623,1.9999944000660623,uptrend
1738895400,1738895399.999999,BTC/USD,BUY,0.020513,97498.94071918,1999.9957709725393,1.9999957709725393,uptrend
1738895700,1738895699.999999,BTC/USD,BUY,0.0205,97560.83873836299,1999.9971941364413,1.9999971941364414,uptrend
1738896000,1738895999.999999,BTC/USD,BUY,0.020523,97447.59429505098,1999.9169777173313,1.9999169777173313,uptrend
1738896300,1738896299.999999,BTC/USD,BUY,0.020498,97567.72630705098,1999.943253841931,1.999943253841931,uptrend
1738896600,1738896599.999999,BTC/USD,BUY,0.020483,97639.365030207,1999.9471139137302,1.9999471139137301,uptrend
1738896900,1738896899.999999,ETH/USD,BUY,0.734218,2723.9833610989995,1999.9976154193853,1.9999976154193853,uptrend
1738897200,1738897199.999999,ETH/USD,BUY,0.733165,2727.8976624899997,1999.9990897194805,1.9999990897194806,uptrend
1738897500,1738897499.999999,ETH/USD,BUY,0.732923,2728.7986525799997,1999.9992948448912,1.9999992948448913,uptrend
1738897800,1738897799.999999,ETH/USD,BUY,0.731506,2734.0844611079997,1999.9991878072683,1.9999991878072683,uptrend
1738898100,1738898099.999999,ETH/USD,BUY,0.733046,2728.338146534,1999.9973649641624,1.9999973649641625,uptrend
1738898400,1738898399.999999,ETH/USD,BUY,0.722324,2727.6573984659994,1970.2524026895544,1.9702524026895545,uptrend
1738909800,1738909799.999999,ETH/USD,SELL,0.74648,2679.239859219,1999.9989701097993,1.9999989701097993,downtrend
1738910100,1738910099.999999,ETH/USD,SELL,0.746928,2677.6316300579997,1999.9980381759617,1.9999980381759617,downtrend
1738910400,1738910399.999999,ETH/USD,SELL,0.7467,2678.45072814,1999.9991587021382,1.9999991587021382,downtrend
1738910700,1738910699.999999,ETH/USD,SELL,0.747372,2676.043378899,1999.9998921745034,1.9999998921745035,downtrend
1738911000,1738910999.999999,BTC/USD,SELL,0.020686,96681.53288979901,1999.9541893583823,1.9999541893583823,downtrend
1738911300,1738911299.999999,BTC/USD,SELL,0.020675,96730.618840713,1999.905544531741,1.999905544531741,downtrend
1738911600,1738911599.999999,BTC/USD,SELL,0.020695,96640.45811768698,1999.9742807455323,1.9999742807455323,downtrend
1738911900,1738911899.999999,BTC/USD,SELL,0.020655,96824.525439114,1999.9105729448997,1.9999105729448998,downtrend
1738912200,1738912199.999999,BTC/USD,SELL,0.02064,96896.965674366,1999.953371518914,1.9999533715189142,downtrend
1738912500,1738912499.999999,BTC/USD,SELL,0.02066,96802.21001088001,1999.933658824781,1.9999336588247811,downtrend
1738912800,1738912799.999999,BTC/USD,SELL,0.02061,97036.531996338,1999.9229244445262,1.9999229244445262,downtrend
1738913100,1738913099.999999,BTC/USD,SELL,0.020615,97015.345325217,1999.9713438793485,1.9999713438793485,downtrend
1738913400,1738913399.999999,BTC/USD,SELL,0.020653,96836.94176735701,1999.9733583212246,1.9999733583212247,downtrend
1738913700,1738913699.999999,ETH/USD,SELL,0.735884,2717.817381081,1999.9983256594105,1.9999983256594105,downtrend
1738917600,1738917599.999999,ETH/USD,BUY,0.732399,2730.7507977749997,1999.999153539612,1.999999153539612,uptrend
1738917900,1738917899.999999,ETH/USD,BUY,0.73073,2736.9876513979993,1999.99898650606,1.99999898650606,uptrend
1738918200,1738918199.999999,ETH/USD,BUY,0.731083,2735.6661992659997,1999.9990519579849,1.9999990519579849,uptrend
1738918500,1738918499.999999,ETH/USD,BUY,0.731342,2734.695132169,1999.9974073507408,1.9999974073507407,uptrend
1738918800,1738918799.999999,ETH/USD,BUY,0.731902,2732.6028329599994,1999.9974786490895,1.9999974786490895,uptrend
1738929300,1738929299.999999,BTC/USD,BUY,0.020455,97775.02410475799,1999.9881180628247,1.9999881180628247,uptrend
1738929600,1738929599.999999,BTC/USD,BUY,0.020437,97857.524763999,1999.9142336018476,1.9999142336018476,uptrend
1738929900,1738929899.999999,BTC/USD,BUY,0.020413,97975.91486182499,1999.9823500744335,1.9999823500744336,uptrend
1738930200,1738930199.999999,BTC/USD,BUY,0.020431,97886.32641387597,1999.9155349619,1.9999155349619,uptrend
1738930500,1738930499.999999,BTC/USD,BUY,0.020462,97737.83323604298,1999.9115436759116,1.9999115436759116,uptrend
1738930800,1738930799.999999,BTC/USD,BUY,0.020478,97663.80188364799,1999.9593349733434,1.9999593349733435,uptrend
1738932600,1738932599.999999,BTC/USD,BUY,0.020389,98087.78779799999,1999.911905413422,1.999911905413422,uptrend
1738932900,1738932899.999999,BTC/USD,BUY,0.020406,98010.182518248,1999.9957844673686,1.9999957844673686,uptrend
1738933200,1738933199.999999,BTC/USD,BUY,0.020393,98071.34973435798,1999.9690351327624,1.9999690351327624,uptrend
1738943400,1738943399.999999,ETH/USD,SELL,0.730384,2738.2848441300002,1999.9994375950462,1.9999994375950463,downtrend
1738943700,1738943699.999999,ETH/USD,SELL,0.737076,2713.422220641,1999.9983967011856,1.9999983967011856,downtrend
1738944000,1738943999.999999,ETH/USD,SELL,0.735633,2718.7463581739994,1999.9995397026137,1.9999995397026138,downtrend
1738944300,1738944299.999999,ETH/USD,SELL,0.739728,2703.6929336670005,1999.997366435623,1.999997366435623,downtrend
1738944600,1738944599.999999,ETH/USD,SELL,0.737948,2710.21575132,1999.9982932550915,1.9999982932550915,downtrend
1738944900,1738944899.999999,ETH/USD,SELL,0.738904,2706.709611969,1999.998559122342,1.999998559122342,downtrend
1738945200,1738945199.999999,ETH/USD,SELL,0.735781,2718.1969631190004,1999.9976797206614,1.9999976797206613,downtrend
1738945500,1738945499.999999,ETH/USD,SELL,0.737315,2712.543188553,1999.9987810679554,1.9999987810679554,downtrend
1738945800,1738945799.999999,ETH/USD,SELL,0.737818,2710.6952233679995,1999.9997283149305,1.9999997283149304,downtrend
1738946100,1738946099.999999,BTC/USD,SELL,0.020419,97947.20923950599,1999.9840654614727,1.9999840654614727,downtrend
1738946400,1738946399.999999,BTC/USD,SELL,0.020403,98020.82817687599,1999.918957292801,1.9999189572928011,downtrend
1738946700,1738946699.999999,BTC/USD,SELL,0.02043,97893.2087001,1999.958253743043,1.9999582537430431,downtrend
1738947000,1738946999.999999,BTC/USD,SELL,0.020463,97734.18380418001,1999.9346031849354,1.9999346031849354,downtrend
1738947300,1738947299.999999,BTC/USD,SELL,0.020483,97640.956457847,1999.9797111260802,1.9999797111260802,downtrend
1738947600,1738947599.999999,BTC/USD,SELL,0.020466,97720.069345767,1999.9389392304674,1.9999389392304674,downtrend
1738947900,1738947899.999999,BTC/USD,SELL,0.020468,97711.548727914,1999.9599793629438,1.999959979362944,downtrend
1738948200,1738948199.999999,BTC/USD,SELL,0.020425,97917.95145557701,1999.9741584801604,1.9999741584801605,downtrend
1738948500,1738948499.999999,BTC/USD,SELL,0.020431,97886.20641039901,1999.9130831708624,1.9999130831708625,downtrend
1738973100,1738973099.999999,ETH/USD,BUY,0.762581,2622.6720309789994,1999.9998600559961,1.999999860055996,uptrend
1738973400,1738973399.999999,BTC/USD,BUY,0.020711,96562.63181765199,1999.9086675753904,1.9999086675753903,uptrend
1738973700,1738973699.999999,BTC/USD,BUY,0.020715,96547.70541516099,1999.98571767506,1.99998571767506,uptrend
1738974000,1738973999.999999,BTC/USD,BUY,0.020691,96656.625106041,1999.9222300690944,1.9999222300690944,uptrend
1738974300,1738974299.999999,BTC/USD,BUY,0.02066,96802.37526959999,1999.9370730699359,1.999937073069936,uptrend
1738974600,1738974599.999999,BTC/USD,BUY,0.020659,96806.37967,1999.92299760253,1.99992299760253,uptrend
1738974900,1738974899.999999,BTC/USD,BUY,0.020661,96797.86030814899,1999.9405918266662,1.9999405918266662,uptrend
1738975200,1738975199.999999,BTC/USD,BUY,0.020657,96818.59309121998,1999.9816774853311,1.9999816774853312,uptrend
1738975500,1738975499.999999,BTC/USD,BUY,0.020649,96856.42466399899,1999.988312886915,1.9999883128869151,uptrend
1738975800,1738975799.999999,BTC/USD,BUY,0.020671,96751.24908749298,1999.9450698875671,1.9999450698875672,uptrend
1738976100,1738976099.999999,ETH/USD,BUY,0.755575,2646.9887524079995,1999.9985266006743,1.9999985266006743,uptrend
1738976400,1738976399.999999,ETH/USD,BUY,0.754833,2649.5916126679995,1999.999185765024,1.9999991857650241,uptrend
1738976700,1738976699.999999,ETH/USD,BUY,0.756015,2645.447058254,1999.9976577458976,1.9999976577458978,uptrend
1738977000,1738976999.999999,ETH/USD,BUY,0.75713,2641.5527788649997,1999.9988554620572,1.9999988554620574,uptrend
1738977300,1738977299.999999,ETH/USD,BUY,0.757472,2640.361469746,1999.999883211442,1.999999883211442,uptrend
1738977600,1738977599.999999,ETH/USD,BUY,0.759314,2633.9544291059997,1999.9984733821932,1.9999984733821932,uptrend
1738977900,1738977899.999999,ETH/USD,BUY,0.758277,2637.5583894659994,1999.9998628891096,1.9999998628891096,uptrend
1738978200,1738978199.999999,ETH/USD,BUY,0.758138,2638.0389175139994,1999.9975488462285,1.9999975488462285,uptrend
1738993200,1738993199.999999,ETH/USD,SELL,0.764339,2616.638789952,1999.9990760731216,1.9999990760731217,downtrend
1738993500,1738993499.999999,ETH/USD,SELL,0.764146,2617.298064018,1999.9978464270985,1.9999978464270984,downtrend
1738993800,1738993799.999999,ETH/USD,SELL,0.763179,2620.61441235,1999.9978866028607,1.9999978866028607,downtrend
1738994100,1738994099.999999,ETH/USD,SELL,0.763168,2620.654368354,1999.9995529879852,1.9999995529879853,downtrend
1738994400,1738994399.999999,ETH/USD,SELL,0.76414,2617.3180420199997,1999.9974086291627,1.9999974086291628,downtrend
1738994700,1738994699.999999,ETH/USD,SELL,0.76265,2622.432410532,1999.99807789223,1.99999807789223,downtrend
1738995000,1738994999.999999,ETH/USD,SELL,0.762398,2623.301453619,1999.9997816362184,1.9999997816362185,downtrend
1738995300,1738995299.999999,ETH/USD,SELL,0.762488,2622.991794588,1999.9997674718152,1.9999997674718153,downtrend
1738995600,1738995599.999999,ETH/USD,SELL,0.761774,2625.449088834,1999.9988541974315,1.9999988541974314,downtrend
1739037000,1739036999.999999,ETH/USD,BUY,0.760493,2629.869940698,1999.997680811244,1.999997680811244,uptrend
1739037300,1739037299.999999,ETH/USD,BUY,0.759684,2632.673020978,1999.999571268651,1.999999571268651,uptrend
1739037600,1739037599.999999,ETH/USD,BUY,0.759652,2632.7831419889994,1999.9989793782274,1.9999989793782276,uptrend
1739037900,1739037899.999999,ETH/USD,BUY,0.759721,2632.5428779649997,1999.9981077904474,1.9999981077904474,uptrend
1739038200,1739038199.999999,ETH/USD,BUY,0.760595,2629.5195556629997,1999.9994264394993,1.9999994264394994,uptrend
1739038500,1739038499.999999,ETH/USD,BUY,0.761186,2627.477311459,1999.9989448002302,1.9999989448002302,uptrend
1739038800,1739038799.999999,ETH/USD,BUY,0.761502,2626.3861123499996,1999.9982773267495,1.9999982773267495,uptrend
1739039100,1739039099.999999,ETH/USD,BUY,0.761195,2627.4472784559994,1999.9997311243144,1.9999997311243145,uptrend
1739039400,1739039399.999999,ETH/USD,BUY,0.758757,2635.8865522989995,1999.997372762732,1.999997372762732,uptrend
1739108100,1739108099.999999,ETH/USD,SELL,0.758412,2637.086274999,1999.9978759945416,1.9999978759945416,downtrend
1739108400,1739108399.999999,ETH/USD,SELL,0.757549,2640.0929643000004,1999.999785012501,1.999999785012501,downtrend
1739108700,1739108699.999999,BTC/USD,SELL,0.020837,95982.3128088,1999.9834519969656,1.9999834519969657,downtrend
1739109000,1739108999.999999,BTC/USD,SELL,0.020865,95852.295971784,1999.9581554512733,1.9999581554512733,downtrend
1739109300,1739109299.999999,BTC/USD,SELL,0.020892,95728.662106407,1999.9632087270552,1.9999632087270551,downtrend
1739109600,1739109599.999999,BTC/USD,SELL,0.020882,95772.47386479299,1999.9207992446075,1.9999207992446075,downtrend
1739109900,1739109899.999999,BTC/USD,SELL,0.020848,95928.37220340001,1999.9147036964832,1.9999147036964833,downtrend
1739110200,1739110199.999999,BTC/USD,SELL,0.020845,95945.35350509999,1999.9808938138092,1.9999808938138093,downtrend
1739110500,1739110499.999999,BTC/USD,SELL,0.020833,95999.274132498,1999.9528780023309,1.999952878002331,downtrend
1739110800,1739110799.999999,BTC/USD,SELL,0.020814,96086.927616273,1999.953311405106,1.999953311405106,downtrend
1739111100,1739111099.999999,ETH/USD,SELL,0.76209,2624.360287725,1999.9987316723455,1.9999987316723455,downtrend
1739111400,1739111399.999999,ETH/USD,SELL,0.762319,2623.571156646,1999.998140563222,1.9999981405632221,downtrend
1739111700,1739111699.999999,ETH/USD,SELL,0.762485,2623.001783589,1999.9995149598585,1.9999995149598586,downtrend
1739112000,1739111999.999999,ETH/USD,SELL,0.761441,2626.597823949,1999.9992736655506,1.9999992736655507,downtrend
1739112300,1739112299.999999,ETH/USD,SELL,0.761977,2624.749858764,1999.9990231314164,1.9999990231314164,downtrend
1739112600,1739112599.999999,ETH/USD,SELL,0.762456,2623.1016735989997,1999.9996096455989,1.999999609645599,downtrend
1739112900,1739112899.999999,ETH/USD,SELL,0.762903,2621.563367445,1999.9985577138928,1.9999985577138928,downtrend
1739117700,1739117699.999999,ETH/USD,BUY,0.749444,2668.642547571,1999.9981454218005,1.9999981454218005,uptrend
1739118000,1739117999.999999,ETH/USD,BUY,0.750799,2663.82725609,1999.998840045116,1.9999988400451159,uptrend
1739118300,1739118299.999999,ETH/USD,BUY,0.751245,2662.2455179319995,1999.998634118825,1.9999986341188252,uptrend
1739118600,1739118599.999999,ETH/USD,BUY,0.752385,2658.2110845289994,1999.9981468333513,1.9999981468333512,uptrend
1739118900,1739118899.999999,ETH/USD,BUY,0.752527,2657.7105344789998,1999.998935379878,1.9999989353798782,uptrend
1739119200,1739119199.999999,ETH/USD,BUY,0.75247,2657.9107544989997,1999.9981054378623,1.9999981054378624,uptrend
1739119500,1739119499.999999,ETH/USD,BUY,0.752184,2658.9218656,1999.9984845544702,1.9999984845544703,uptrend
1739119800,1739119799.999999,ETH/USD,BUY,0.75142,2661.6248358699995,1999.998134169435,1.999998134169435,uptrend
1739120100,1739120099.999999,ETH/USD,BUY,0.751904,2659.9129546989993,1999.9991902899965,1.9999991902899965,uptrend
1739126400,1739126399.999999,ETH/USD,SELL,0.759387,2633.7000036599998,1999.9975446793562,1.9999975446793563,downtrend
1739126700,1739126699.999999,ETH/USD,SELL,0.758338,2637.345989025,1999.9996826252404,1.9999996826252404,downtrend
1739127000,1739126999.999999,ETH/USD,SELL,0.76014,2631.092874399,1999.9989375456557,1.9999989375456557,downtrend
1739127300,1739127299.999999,ETH/USD,SELL,0.759077,2634.778815768,1999.9999991367263,1.9999999991367263,downtrend
1739127600,1739127599.999999,ETH/USD,SELL,0.759364,2633.779915668,1999.997651881315,1.9999976518813152,downtrend
1739127900,1739127899.999999,ETH/USD,SELL,0.758961,2635.1783758079996,1999.9976152816153,1.9999976152816152,downtrend
1739128200,1739128199.999999,ETH/USD,SELL,0.758085,2638.225021113,1999.9988151304485,1.9999988151304486,downtrend
1739128500,1739128499.999999,ETH/USD,SELL,0.7587,2636.0873748989998,1999.9994913358712,1.9999994913358712,downtrend
1739128800,1739128799.999999,ETH/USD,SELL,0.760492,2629.874216277,1999.9983024849282,1.9999983024849282,downtrend
1739145900,1739145899.999999,BTC/USD,BUY,0.020639,96903.366247688,1999.9885759860326,1.9999885759860327,uptrend
1739146200,1739146199.999999,BTC/USD,BUY,0.020584,97162.76129459898,1999.9982784880256,1.9999982784880257,uptrend
1739146500,1739146499.999999,BTC/USD,BUY,0.020607,97053.30100966498,1999.9773739061663,1.9999773739061664,uptrend
1739146800,1739146799.999999,BTC/USD,BUY,0.020608,97049.26657626199,1999.9912856036071,1.9999912856036073,uptrend
1739147100,1739147099.999999,BTC/USD,BUY,0.020614,97017.601780099,1999.9208430949607,1.9999208430949607,uptrend
1739147400,1739147399.999999,BTC/USD,BUY,0.020655,96826.391660999,1999.9491197579343,1.9999491197579344,uptrend
1739147700,1739147699.999999,BTC/USD,BUY,0.020628,96955.04303485,1999.9886277228857,1.9999886277228858,uptrend
1739148000,1739147999.999999,BTC/USD,BUY,0.020658,96812.38627059999,1999.9502755780545,1.9999502755780545,uptrend
1739148300,1739148299.999999,ETH/USD,BUY,0.754172,2651.9141649,1999.9994095709626,1.9999994095709626,uptrend
1739148600,1739148599.999999,ETH/USD,BUY,0.755281,2648.0198855109998,1999.9991071486334,1.9999991071486334,uptrend
1739148900,1739148899.999999,ETH/USD,BUY,0.755741,2646.40811435,1999.9991147469832,1.9999991147469833,uptrend
1739149200,1739149199.999999,ETH/USD,BUY,0.755964,2645.6272562719996,1999.9989631604058,1.9999989631604058,uptrend
1739149500,1739149499.999999,ETH/USD,BUY,0.757604,2639.9009636999995,1999.9995297029745,1.9999995297029747,uptrend
1739149800,1739149799.999999,ETH/USD,BUY,0.758377,2637.2080044309996,1999.9978947763682,1.9999978947763681,uptrend
1739150100,1739150099.999999,ETH/USD,BUY,0.759687,2632.6630099769995,1999.999864060397,1.9999998640603969,uptrend
1739150400,1739150399.999999,ETH/USD,BUY,0.76226,2623.7732410889994,1999.997390752501,1.999997390752501,uptrend
1739151000,1739150999.999999,ETH/USD,BUY,0.763977,2617.8767614999997,1999.9976346204853,1.9999976346204853,uptrend
1739152800,1739152799.999999,ETH/USD,SELL,0.777647,2571.8580984689997,1999.9977347001222,1.9999977347001223,downtrend
1739153100,1739153099.999999,ETH/USD,SELL,0.778464,2569.1610681989996,1999.9994017944662,1.9999994017944662,downtrend
1739153400,1739153399.999999,ETH/USD,SELL,0.777907,2570.9990443829997,1999.9981536188461,1.9999981536188463,downtrend
1739153700,1739153699.999999,BTC/USD,SELL,0.020965,95393.42124384601,1999.9230763772316,1.9999230763772315,downtrend
1739154000,1739153999.999999,BTC/USD,SELL,0.02092,95597.98599532501,1999.9098670221995,1.9999098670221995,downtrend
1739154300,1739154299.999999,BTC/USD,SELL,0.020916,95616.945119223,1999.9240241136683,1.9999240241136684,downtrend
1739154600,1739154599.999999,BTC/USD,SELL,0.020945,95486.278997142,1999.960113595139,1.999960113595139,downtrend
1739154900,1739154899.999999,BTC/USD,SELL,0.020916,95618.71317239999,1999.9610047139183,1.9999610047139185,downtrend
1739155200,1739155199.999999,BTC/USD,SELL,0.020926,95574.761568,1999.997460571968,1.9999974605719681,downtrend
1739155500,1739155499.999999,BTC/USD,SELL,0.020867,95844.474584001,1999.9866511443488,1.999986651144349,downtrend
1739155800,1739155799.999999,BTC/USD,SELL,0.020886,95756.36160618,1999.9673685066753,1.9999673685066752,downtrend
1739156100,1739156099.999999,ETH/USD,SELL,0.774756,2581.4575284300004,1999.9997088963135,1.9999997088963135,downtrend
1739156400,1739156399.999999,ETH/USD,SELL,0.773188,2586.691764954,1999.9990323612533,1.9999990323612533,downtrend
1739156700,1739156699.999999,ETH/USD,SELL,0.772088,2590.3777063230004,1999.9995425195127,1.9999995425195127,downtrend
1739157000,1739156999.999999,ETH/USD,SELL,0.771139,2593.564197642,1999.9985018054545,1.9999985018054545,downtrend
1739157300,1739157299.999999,ETH/USD,SELL,0.771112,2593.6540986510004,1999.9977993189702,1.9999977993189704,downtrend
1739157600,1739157599.999999,ETH/USD,SELL,0.769843,2597.9293910789997,1999.9977562164306,1.9999977562164306,downtrend
1739160300,1739160299.999999,ETH/USD,BUY,0.760285,2630.5907327699992,1999.9986752640389,1.9999986752640388,uptrend
1739160600,1739160599.999999,BTC/USD,BUY,0.020609,97040.64710440098,1999.9106961745997,1.9999106961745998,uptrend
1739160900,1739160899.999999,BTC/USD,BUY,0.020622,96980.76129641899,1999.9372594547526,1.9999372594547526,uptrend
1739161200,1739161199.999999,BTC/USD,BUY,0.020599,97090.682087399,1999.970960318332,1.999970960318332,uptrend
1739161500,1739161499.999999,BTC/USD,BUY,0.0206,97086.897929021,1999.9900973378326,1.9999900973378326,uptrend
1739161800,1739161799.999999,BTC/USD,BUY,0.020588,97141.51795047699,1999.9495715644202,1.9999495715644202,uptrend
1739162100,1739162099.999999,BTC/USD,BUY,0.020578,97186.787696999,1999.9097172288455,1.9999097172288456,uptrend
1739162400,1739162399.999999,BTC/USD,BUY,0.020605,97062.67130660098,1999.9763422725132,1.9999763422725132,uptrend
1739162700,1739162699.999999,BTC/USD,BUY,0.020616,97010.59407939899,1999.9704075408895,1.9999704075408895,uptrend
1739163000,1739162999.999999,ETH/USD,BUY,0.761111,2627.7375974849997,1999.9999905594057,1.9999999905594057,uptrend
1739163300,1739163299.999999,ETH/USD,BUY,0.759675,2632.7030539809994,1999.9986925330156,1.9999986925330158,uptrend
1739163600,1739163599.999999,ETH/USD,BUY,0.759978,2631.651898876,1999.9975468039847,1.9999975468039848,uptrend
1739163900,1739163899.999999,ETH/USD,BUY,0.761238,2627.2971134409995,1999.9984000415996,1.9999984000415996,uptrend
1739164200,1739164199.999999,ETH/USD,BUY,0.759765,2632.3927129499993,1999.9998495544562,1.9999998495544562,uptrend
1739164500,1739164499.999999,ETH/USD,BUY,0.758182,2637.8887524989996,1999.9997701471966,1.9999997701471968,uptrend
1739164800,1739164799.999999,ETH/USD,BUY,0.758749,2635.9165853019995,1999.9990731813068,1.9999990731813069,uptrend
1739165100,1739165099.999999,ETH/USD,BUY,0.758343,2637.3281364429995,1999.9993309745935,1.9999993309745936,uptrend
1739204100,1739204099.999999,BTC/USD,SELL,0.020602,97073.71105806001,1999.9125952181523,1.9999125952181525,downtrend
1739204400,1739204399.999999,BTC/USD,SELL,0.02063,96945.26249420099,1999.9807652553664,1.9999807652553665,downtrend
1739204700,1739204699.999999,BTC/USD,SELL,0.020622,96981.502589829,1999.9525464074538,1.999952546407454,downtrend
1739205000,1739204999.999999,BTC/USD,SELL,0.020633,96928.550895528,1999.926790627429,1.999926790627429,downtrend
1739205300,1739205299.999999,BTC/USD,SELL,0.020649,96855.07180417201,1999.9603776843478,1.9999603776843478,downtrend
1739205600,1739205599.999999,BTC/USD,SELL,0.020648,96857.359285401,1999.9107545249599,1.99991075452496,downtrend
1739205900,1739205899.999999,BTC/USD,SELL,0.020612,97030.84825476901,1999.9998442272986,1.9999998442272986,downtrend
1739225100,1739225099.999999,ETH/USD,SELL,0.752311,2658.47272614,1999.9982750751094,1.9999982750751095,downtrend
1739225400,1739225399.999999,ETH/USD,SELL,0.75258,2657.523771045,1999.9992396130463,1.9999992396130464,downtrend
1739225700,1739225699.999999,ETH/USD,SELL,0.751346,2661.888964482,1999.9996259076927,1.9999996259076926,downtrend
1739226000,1739225999.999999,ETH/USD,SELL,0.752133,2659.1020332030002,1999.9983895390724,1.9999983895390725,downtrend
1739226300,1739226299.999999,ETH/USD,SELL,0.750681,2664.2463687179998,1999.9991283155969,1.999999128315597,downtrend
1739226600,1739226599.999999,ETH/USD,SELL,0.75013,2666.204212914,1999.9997662331787,1.9999997662331788,downtrend
1739226900,1739226899.999999,ETH/USD,SELL,0.750999,2663.1176116050005,1999.9986631977438,1.9999986631977438,downtrend
1739227200,1739227199.999999,ETH/USD,SELL,0.752721,2657.024320995,1999.9980039236773,1.9999980039236773,downtrend
1739227500,1739227499.999999,ETH/USD,SELL,0.752385,2658.213012114,1999.9995971193916,1.9999995971193916,downtrend
1739235000,1739234999.999999,ETH/USD,BUY,0.740678,2700.227255726,1999.998923316622,1.999998923316622,uptrend
1739235300,1739235299.999999,BTC/USD,BUY,0.02042,97940.87635832498,1999.9526952369963,1.9999526952369964,uptrend
1739235600,1739235599.999999,BTC/USD,BUY,0.02043,97890.69121031198,1999.9068214266738,1.9999068214266738,uptrend
1739235900,1739235899.999999,BTC/USD,BUY,0.02039,98085.25501474699,1999.958349750691,1.999958349750691,uptrend
1739236200,1739236199.999999,BTC/USD,BUY,0.020397,98049.73598319899,1999.9204648493096,1.9999204648493096,uptrend
1739236500,1739236499.999999,BTC/USD,BUY,0.020406,98006.01794183199,1999.9108021210236,1.9999108021210237,uptrend
1739236800,1739236799.999999,BTC/USD,BUY,0.020405,98013.37602756699,1999.9629378425045,1.9999629378425046,uptrend
1739237100,1739237099.999999,BTC/USD,BUY,0.020375,98156.98383691198,1999.9485456770817,1.9999485456770818,uptrend
1739237400,1739237399.999999,ETH/USD,BUY,0.74003,2702.5898519619996,1999.9975681474384,1.9999975681474385,uptrend
1739237700,1739237699.999999,ETH/USD,BUY,0.739048,2706.183801321,1999.9997259986824,1.9999997259986824,uptrend
1739238000,1739237999.999999,ETH/USD,BUY,0.738881,2706.794472382,1999.9990065480847,1.9999990065480848,uptrend
1739238300,1739238299.999999,ETH/USD,BUY,0.738993,2706.3840213409994,1999.9988470828491,1.9999988470828491,uptrend
1739238600,1739238599.999999,ETH/USD,BUY,0.739647,2703.9913921019997,1999.999121194068,1.999999121194068,uptrend
1739238900,1739238899.999999,ETH/USD,BUY,0.739943,2702.9102039939994,1999.999485073932,1.999999485073932,uptrend
1739239200,1739239199.999999,ETH/USD,BUY,0.741302,2697.9547584989996,1999.9992583848255,1.9999992583848254,uptrend
1739239500,1739239499.999999,ETH/USD,BUY,0.741217,2698.26509953,1999.999962278328,1.999999962278328,uptrend
1739245500,1739245499.999999,ETH/USD,SELL,0.749086,2669.9201212860003,1999.999783973645,1.999999783973645,downtrend
1739245800,1739245799.999999,ETH/USD,SELL,0.74786,2674.295303724,1999.9984858430305,1.9999984858430306,downtrend
1739246100,1739246099.999999,ETH/USD,SELL,0.748003,2673.785864673,1999.999848132998,1.9999998481329981,downtrend
1739246400,1739246399.999999,ETH/USD,SELL,0.747399,2675.9434888889996,1999.9974876521494,1.9999974876521494,downtrend
1739246700,1739246699.999999,ETH/USD,SELL,0.747199,2676.662696961,1999.9996905065623,1.9999996905065622,downtrend
1739247000,1739246999.999999,ETH/USD,SELL,0.747199,2676.662696961,1999.9996905065623,1.9999996905065622,downtrend
1739247300,1739247299.999999,ETH/USD,SELL,0.747648,2675.0544678,1999.9991227417345,1.9999991227417344,downtrend
1739247600,1739247599.999999,ETH/USD,SELL,0.746811,2678.0511681000003,1999.9980708999294,1.9999980708999294,downtrend
1739247900,1739247899.999999,ETH/USD,SELL,0.747006,2677.35193803,1999.997961820038,1.999997961820038,downtrend
1739251800,1739251799.999999,ETH/USD,BUY,0.739127,2705.893482292,1999.9989318860391,1.9999989318860392,uptrend
1739252100,1739252099.999999,ETH/USD,BUY,0.739652,2703.9713701,1999.9978318372052,1.9999978318372054,uptrend
1739252400,1739252399.999999,ETH/USD,BUY,0.739639,2704.021425105,1999.9997028432374,1.9999997028432375,uptrend
1739252700,1739252699.999999,ETH/USD,BUY,0.739119,2705.923515294999,1999.9994827013243,1.9999994827013243,uptrend
1739253000,1739252999.999999,ETH/USD,BUY,0.739926,2702.97027,1999.9979800000199,1.9999979800000198,uptrend
1739253300,1739253299.999999,ETH/USD,BUY,0.738422,2708.47632055,1999.998501573172,1.999998501573172,uptrend
1739253600,1739253599.999999,ETH/USD,BUY,0.735286,2720.0290157039994,1999.999254840931,1.9999992548409309,uptrend
1739253900,1739253899.999999,ETH/USD,BUY,0.73774,2710.9790707999996,1999.9976996919916,1.9999976996919917,uptrend
1739254200,1739254199.999999,ETH/USD,BUY,0.73825,2709.107013613,1999.9982527997972,1.9999982527997973,uptrend
1739270100,1739270099.999999,ETH/USD,SELL,0.742551,2693.414251638,1999.9974459680486,1.9999974459680487,downtrend
1739270400,1739270399.999999,ETH/USD,SELL,0.741954,2695.5818648550003,1999.9977469566268,1.9999977469566268,downtrend
1739270700,1739270699.999999,ETH/USD,SELL,0.742331,2694.213371718,1999.9981064407946,1.9999981064407946,downtrend
1739271000,1739270999.999999,ETH/USD,SELL,0.740744,2699.987014296,1999.999180917676,1.999999180917676,downtrend
1739271300,1739271299.999999,ETH/USD,SELL,0.741831,2696.0313699000003,1999.9996471642871,1.9999996471642871,downtrend
1739271600,1739271599.999999,ETH/USD,SELL,0.742361,2694.1034927070004,1999.9973629494616,1.9999973629494616,downtrend
1739271900,1739271899.999999,ETH/USD,SELL,0.741721,2696.43092994,1999.9994457860269,1.9999994457860268,downtrend
1739272200,1739272199.999999,ETH/USD,SELL,0.742868,2692.265516523,1999.9978997284077,1.9999978997284078,downtrend
1739272500,1739272499.999999,ETH/USD,SELL,0.74297,2691.895923486,1999.9979142723935,1.9999979142723936,downtrend
1739282100,1739282099.999999,BTC/USD,SELL,0.020659,96807.25445638501,1999.941069814458,1.999941069814458,downtrend
1739282400,1739282399.999999,BTC/USD,SELL,0.020684,96693.060196953,1999.999257113776,1.999999257113776,downtrend
1739282700,1739282699.999999,BTC/USD,SELL,0.02069,96663.812402025,1999.9742785978972,1.9999742785978971,downtrend
1739283000,1739282999.999999,BTC/USD,SELL,0.020635,96921.428737815,1999.9736820048126,1.9999736820048126,downtrend
1739283300,1739283299.999999,BTC/USD,SELL,0.020657,96818.771774538,1999.9853685466314,1.9999853685466316,downtrend
1739283600,1739283599.999999,BTC/USD,SELL,0.020637,96912.458614917,1999.982408436042,1.999982408436042,downtrend
1739283900,1739283899.999999,BTC/USD,SELL,0.020667,96768.33730848899,1999.911227154542,1.999911227154542,downtrend
1739284200,1739284199.999999,BTC/USD,SELL,0.020667,96771.423909798,1999.9750179437954,1.9999750179437954,downtrend
1739311200,1739311199.999999,BTC/USD,BUY,0.020726,96496.25888102199,1999.9814615680618,1.9999814615680618,uptrend
1739311500,1739311499.999999,BTC/USD,BUY,0.020716,96540.59760445097,1999.9350199738062,1.9999350199738062,uptrend
1739311800,1739311799.999999,BTC/USD,BUY,0.02075,96383.69518577798,1999.9616751048932,1.9999616751048932,uptrend
1739312100,1739312099.999999,BTC/USD,BUY,0.020764,96318.48352526399,1999.9569919185817,1.9999569919185818,uptrend
1739312400,1739312399.999999,BTC/USD,BUY,0.020751,96378.74975128399,1999.955436088894,1.999955436088894,uptrend
1739312700,1739312699.999999,BTC/USD,BUY,0.020734,96455.984623999,1999.9183851939952,1.9999183851939952,uptrend
1739313000,1739312999.999999,BTC/USD,BUY,0.020758,96344.75239188799,1999.9243701508108,1.9999243701508107,uptrend
1739313300,1739313299.999999,BTC/USD,BUY,0.020788,96205.72962100098,1999.9247073613685,1.9999247073613686,uptrend
1739313600,1739313599.999999,ETH/USD,BUY,0.764141,2617.3161454439996,1999.9985766957232,1.9999985766957231,uptrend
1739314200,1739314199.999999,ETH/USD,BUY,0.764837,2614.933527206,1999.9979141476551,1.9999979141476552,uptrend
1739331300,1739331299.999999,ETH/USD,SELL,0.771148,2593.534230639,1999.9987348888033,1.9999987348888033,downtrend
1739331600,1739331599.999999,ETH/USD,SELL,0.76998,2597.469897033,1999.9998713174693,1.9999998713174694,downtrend
1739331900,1739331899.999999,BTC/USD,SELL,0.02094,95509.493435466,1999.9687925386581,1.9999687925386582,downtrend
1739332200,1739332199.999999,BTC/USD,SELL,0.020957,95430.35058054299,1999.9338571164394,1.9999338571164396,downtrend
1739332500,1739332499.999999,BTC/USD,SELL,0.020976,95345.683808067,1999.9710635580136,1.9999710635580137,downtrend
1739332800,1739332799.999999,BTC/USD,SELL,0.021009,95194.460321928,1999.9404169033853,1.9999404169033854,downtrend
1739333100,1739333099.999999,BTC/USD,SELL,0.020974,95352.50629574999,1999.9234670470603,1.9999234670470603,downtrend
1739333400,1739333399.999999,BTC/USD,SELL,0.020968,95381.77406868001,1999.9650386720825,1.9999650386720826,downtrend
1739333700,1739333699.999999,BTC/USD,SELL,0.020959,95422.9287528,1999.969163729935,1.999969163729935,downtrend
1739334300,1739334299.999999,BTC/USD,SELL,0.020989,95287.527844245,1999.9899219228585,1.9999899219228585,downtrend
1739341500,1739341499.999999,ETH/USD,BUY,0.765972,2611.059269819,1999.9982910217989,1.9999982910217988,uptrend
1739341800,1739341799.999999,ETH/USD,BUY,0.766566,2609.0370476169996,1999.999093443573,1.999999093443573,uptrend
1739342400,1739342399.999999,ETH/USD,BUY,0.767644,2605.373021251,1999.9989675252025,1.9999989675252026,uptrend
1739342700,1739342699.999999,ETH/USD,BUY,0.766325,2609.8579496989996,1999.999393303086,1.999999393303086,uptrend
1739343000,1739342999.999999,ETH/USD,BUY,0.767768,2604.952559209,1999.9992164787755,1.9999992164787754,uptrend
1739343300,1739343299.999999,ETH/USD,BUY,0.768308,2603.120546026,1999.9983404761438,1.9999983404761439,uptrend
1739346000,1739345999.999999,ETH/USD,BUY,0.761981,2624.734297185,1999.9976645033234,1.9999976645033235,uptrend
1739346300,1739346299.999999,ETH/USD,BUY,0.762662,2622.391722951,1999.9985162092553,1.9999985162092553,uptrend
1739346600,1739346599.999999,ETH/USD,BUY,0.764001,2617.796673492,1999.9992763445616,1.9999992763445618,uptrend
1739350800,1739350799.999999,BTC/USD,BUY,0.020733,96464.463941846,1999.9977309062933,1.9999977309062933,uptrend
1739351100,1739351099.999999,BTC/USD,BUY,0.020736,96445.98363399999,1999.9039166346238,1.9999039166346237,uptrend
1739367900,1739367899.999999,BTC/USD,SELL,0.021182,94416.397056036,1999.9281224409547,1.9999281224409546,downtrend
1739368200,1739368199.999999,BTC/USD,SELL,0.021096,94802.701691709,1999.957794888293,1.999957794888293,downtrend
1739368800,1739368799.999999,ETH/USD,SELL,0.771418,2592.625231548,1999.9977708702952,1.9999977708702952,downtrend
1739369100,1739369099.999999,ETH/USD,SELL,0.772403,2589.3188722170003,1999.9976648570275,1.9999976648570277,downtrend
1739369400,1739369399.999999,ETH/USD,SELL,0.772943,2587.510863036,1999.998409007635,1.999998409007635,downtrend
1739369700,1739369699.999999,ETH/USD,SELL,0.774849,2581.147869399,1999.9998454559457,1.9999998454559458,downtrend
1739370000,1739369999.999999,ETH/USD,SELL,0.775077,2580.388705323,1999.999936555635,1.9999999365556351,downtrend
1739370300,1739370299.999999,ETH/USD,SELL,0.774726,2581.55741844,1999.9996525583476,1.9999996525583477,downtrend
1739370600,1739370599.999999,ETH/USD,SELL,0.778954,2567.542850037,1999.9977732077214,1.9999977732077214,downtrend
1739370900,1739370899.999999,ETH/USD,SELL,0.776607,2575.304303814,1999.999349472079,1.9999993494720791,downtrend
1739371200,1739371199.999999,ETH/USD,SELL,0.754764,2584.45422873,1950.6530114931697,1.9506530114931697,downtrend
1739379600,1739379599.999999,BTC/USD,BUY,0.020598,97092.83445261398,1999.918204054943,1.999918204054943,uptrend
1739379900,1739379899.999999,BTC/USD,BUY,0.020557,97288.91992920099,1999.9683269845846,1.9999683269845847,uptrend
1739380200,1739380199.999999,BTC/USD,BUY,0.020634,96925.50057089899,1999.9607787799298,1.9999607787799298,uptrend
1739380500,1739380499.999999,BTC/USD,BUY,0.02058,97178.12818113399,1999.9258779677375,1.9999258779677376,uptrend
1739380800,1739380799.999999,BTC/USD,BUY,0.020609,97041.978567534,1999.938136298308,1.9999381362983082,uptrend
1739381100,1739381099.999999,BTC/USD,BUY,0.020589,97136.122020938,1999.9356162890924,1.9999356162890924,uptrend
1739381400,1739381399.999999,BTC/USD,BUY,0.020485,97628.26283009798,1999.9149640745572,1.9999149640745573,uptrend
1739381700,1739381699.999999,BTC/USD,BUY,0.020519,97467.03565899297,1999.9261046868767,1.9999261046868768,uptrend
1739382000,1739381999.999999,ETH/USD,BUY,0.749079,2669.9439777009998,1999.9989648722874,1.9999989648722873,uptrend
1739382300,1739382299.999999,ETH/USD,BUY,0.749641,2667.941777501,1999.9985420276273,1.9999985420276274,uptrend
1739382600,1739382599.999999,ETH/USD,BUY,0.747557,2675.379951244,1999.999010212111,1.999999010212111,uptrend
1739382900,1739382899.999999,ETH/USD,BUY,0.747121,2676.9416674,1999.9993354895555,1.9999993354895556,uptrend
1739383200,1739383199.999999,ETH/USD,BUY,0.7474,2675.9405672999997,1999.9979800000197,1.9999979800000196,uptrend
1739383500,1739383499.999999,ETH/USD,BUY,0.749048,2670.054098712,1999.9986825320261,1.9999986825320262,uptrend
1739383800,1739383799.999999,ETH/USD,BUY,0.751183,2662.4657599539996,1999.9990169595253,1.9999990169595254,uptrend
1739384100,1739384099.999999,ETH/USD,BUY,0.749979,2666.7404573809995,1999.9993414861444,1.9999993414861446,uptrend
1739384400,1739384399.999999,ETH/USD,BUY,0.750669,2664.287762136,1999.9982301148689,1.9999982301148689,uptrend
1739422500,1739422499.999999,BTC/USD,SELL,0.020654,96829.929488655,1999.9253636586805,1.9999253636586805,downtrend
1739422800,1739422799.999999,BTC/USD,SELL,0.020656,96820.84948674601,1999.9314669982257,1.9999314669982258,downtrend
1739423100,1739423099.999999,BTC/USD,SELL,0.0207,96613.997254038,1999.9097431585865,1.9999097431585866,downtrend
1739423400,1739423399.999999,BTC/USD,SELL,0.020723,96507.50451437701,1999.9250160514346,1.9999250160514346,downtrend
1739423700,1739423699.999999,BTC/USD,SELL,0.020688,96670.724790717,1999.9239544703532,1.9999239544703533,downtrend
1739424000,1739423999.999999,BTC/USD,SELL,0.02071,96569.27649656101,1999.9497162437785,1.9999497162437785,downtrend
1739424300,1739424299.999999,BTC/USD,SELL,0.020686,96682.322020878,1999.9705133238822,1.9999705133238823,downtrend
1739424600,1739424599.999999,BTC/USD,SELL,0.02068,96711.21021177,1999.9878271794037,1.9999878271794036,downtrend
1739424900,1739424899.999999,ETH/USD,SELL,0.73502,2721.013861401,1999.9996084069633,1.9999996084069633,downtrend
1739425200,1739425199.999999,ETH/USD,SELL,0.73489,2721.4933334489997,1999.9982358183354,1.9999982358183355,downtrend
1739425500,1739425499.999999,ETH/USD,SELL,0.735238,2720.20475232,1999.997901686252,1.999997901686252,downtrend
1739425800,1739425799.999999,ETH/USD,SELL,0.734753,2722.0027725,1999.9997031026924,1.9999997031026924,downtrend
1739426100,1739426099.999999,ETH/USD,SELL,0.734825,2721.733069473,1999.997502775497,1.999997502775497,downtrend
1739426400,1739426399.999999,ETH/USD,SELL,0.735898,2717.767436076,1999.9996206734565,1.9999996206734565,downtrend
1739426700,1739426699.999999,ETH/USD,SELL,0.73583,2718.017161101,1999.9985676529489,1.9999985676529488,downtrend
1739427000,1739426999.999999,ETH/USD,SELL,0.737472,2711.963826495,1999.9973870529207,1.9999973870529206,downtrend
1739427300,1739427299.999999,ETH/USD,SELL,0.736382,2715.9794048969998,1999.9983461368624,1.9999983461368624,downtrend
1739475900,1739475899.999999,ETH/USD,BUY,0.755798,2646.20789433,1999.998634118825,1.9999986341188252,uptrend
1739476200,1739476199.999999,ETH/USD,BUY,0.756333,2644.3358371429995,1999.9984567138763,1.9999984567138764,uptrend
1739476500,1739476499.999999,ETH/USD,BUY,0.756024,2645.417025251,1999.998761098362,1.999998761098362,uptrend
1739476800,1739476799.999999,ETH/USD,BUY,0.756473,2643.845298094,1999.9975841850624,1.9999975841850623,uptrend
1739477100,1739477099.999999,ETH/USD,BUY,0.754197,2651.8240658909995,1999.997755022794,1.999997755022794,uptrend
1739477400,1739477399.999999,ETH/USD,BUY,0.753884,2652.9252760009995,1999.9979187727374,1.9999979187727375,uptrend
1739477700,1739477699.999999,ETH/USD,BUY,0.752303,2658.5014035579998,1999.998581400894,1.999998581400894,uptrend
1739478000,1739477999.999999,ETH/USD,BUY,0.751813,2660.2333067309996,1999.997983033353,1.999997983033353,uptrend
1739478300,1739478299.999999,ETH/USD,BUY,0.752836,2656.6193353699996,1999.9986739626088,1.9999986739626088,uptrend
1739481000,1739480999.999999,BTC/USD,BUY,0.020702,96606.14963899899,1999.9405098265572,1.9999405098265572,uptrend
1739481300,1739481299.999999,BTC/USD,BUY,0.020704,96595.217625907,1999.9073857267786,1.9999073857267786,uptrend
1739481600,1739481599.999999,BTC/USD,BUY,0.020722,96512.00618559499,1999.9217921778995,1.9999217921778996,uptrend
1739481900,1739481899.999999,BTC/USD,BUY,0.020707,96583.274501714,1999.9498651069916,1.9999498651069916,uptrend
1739482200,1739482199.999999,BTC/USD,BUY,0.020718,96530.466471439,1999.918204355273,1.999918204355273,uptrend
1739482500,1739482499.999999,BTC/USD,BUY,0.020681,96706.900353063,1999.9954062016961,1.9999954062016962,uptrend
1739482800,1739482799.999999,BTC/USD,BUY,0.020653,96835.481649907,1999.9432025155295,1.9999432025155295,uptrend
1739483100,1739483099.999999,BTC/USD,BUY,0.020677,96723.868999758,1999.959439307996,1.999959439307996,uptrend
1739534100,1739534099.999999,ETH/USD,SELL,0.745438,2682.985734594,1999.9995200242822,1.9999995200242822,downtrend
1739534400,1739534399.999999,ETH/USD,SELL,0.745754,2681.84698848,1999.998119046914,1.999998119046914,downtrend
1739534700,1739534699.999999,ETH/USD,SELL,0.747227,2676.5628069510003,1999.9999965495751,1.9999999965495752,downtrend
1739535000,1739534999.999999,ETH/USD,SELL,0.744866,2685.0434688,1999.997588431181,1.999997588431181,downtrend
1739535300,1739535299.999999,ETH/USD,SELL,0.745857,2681.4773954429998,1999.9986857329295,1.9999986857329295,downtrend
1739535600,1739535599.999999,ETH/USD,SELL,0.746641,2678.660497161,1999.9977522607862,1.9999977522607864,downtrend
1739535900,1739535899.999999,ETH/USD,SELL,0.744839,2685.14335881,1999.9994942326816,1.9999994942326818,downtrend
1739536200,1739536199.999999,ETH/USD,SELL,0.74506,2684.3442387300006,1999.9975185081742,1.9999975185081742,downtrend
1739536500,1739536499.999999,ETH/USD,SELL,0.744185,2687.500763046,1999.9977553473875,1.9999977553473876,downtrend
1739544300,1739544299.999999,ETH/USD,BUY,0.737868,2710.508553753,1999.9975255406184,1.9999975255406184,uptrend
1739544600,1739544599.999999,ETH/USD,BUY,0.736462,2715.68424127,1999.9982476941864,1.9999982476941864,uptrend
1739544900,1739544899.999999,ETH/USD,BUY,0.73278,2729.329235633,1999.9978772871495,1.9999978772871496,uptrend
1739545200,1739545199.999999,ETH/USD,BUY,0.734283,2723.7430970749997,1999.998252549522,1.9999982525495221,uptrend
1739545500,1739545499.999999,ETH/USD,BUY,0.735974,2717.48622145,1999.9992043454422,1.9999992043454422,uptrend
1739545800,1739545799.999999,ETH/USD,BUY,0.736495,2715.5641092579995,1999.9993886479704,1.9999993886479703,uptrend
1739546100,1739546099.999999,ETH/USD,BUY,0.738944,2706.564219359,1999.999390510017,1.999999390510017,uptrend
1739546700,1739546699.999999,ETH/USD,BUY,0.739592,2704.1916121219992,1999.9984827925337,1.9999984827925337,uptrend
1739547000,1739546999.999999,ETH/USD,BUY,0.740689,2700.1872117219996,1999.9989656631562,1.9999989656631563,uptrend
1739564700,1739564699.999999,ETH/USD,SELL,0.729157,2742.889773591,1999.997278642293,1.999997278642293,downtrend
1739565000,1739564999.999999,ETH/USD,SELL,0.729004,2743.469135649,1999.9999737646633,1.9999999737646634,downtrend
1739565300,1739565299.999999,ETH/USD,SELL,0.729665,2740.9818744000004,1999.9985393840764,1.9999985393840765,downtrend
1739565600,1739565599.999999,ETH/USD,SELL,0.728884,2743.918640694,1999.9983945036054,1.9999983945036055,downtrend
1739565900,1739565899.999999,ETH/USD,SELL,0.729918,2740.032919305,1999.999348393267,1.999999348393267,downtrend
1739566200,1739566199.999999,ETH/USD,SELL,0.73089,2736.38693394,1999.9978461474066,1.9999978461474066,downtrend
1739566500,1739566499.999999,ETH/USD,SELL,0.730733,2736.9762849989997,1999.998891666174,1.999998891666174,downtrend
1739566800,1739566799.999999,ETH/USD,SELL,0.733891,2725.19925282,1999.9992048513225,1.9999992048513224,downtrend
1739567100,1739567099.999999,ETH/USD,SELL,0.733299,2727.3968330400003,1999.9973702713992,1.9999973702713991,downtrend
1739567400,1739567399.999999,BTC/USD,SELL,0.02066,96803.57850401699,1999.961931892991,1.999961931892991,downtrend
1739567700,1739567699.999999,BTC/USD,SELL,0.020663,96787.396322397,1999.9179702096894,1.9999179702096894,downtrend
1739568000,1739567999.999999,BTC/USD,SELL,0.020635,96919.490871621,1999.9336941358995,1.9999336941358996,downtrend
1739568300,1739568299.999999,BTC/USD,SELL,0.02062,96991.251854805,1999.959613246079,1.999959613246079,downtrend
1739568600,1739568599.999999,BTC/USD,SELL,0.020624,96972.35266491299,1999.9578013611656,1.9999578013611656,downtrend
1739568900,1739568899.999999,BTC/USD,SELL,0.020596,97104.666972159,1999.9677209585868,1.9999677209585869,downtrend
1739569200,1739569199.999999,BTC/USD,SELL,0.020557,97287.595547472,1999.9411016693816,1.9999411016693818,downtrend
1739569500,1739569499.999999,BTC/USD,SELL,0.020575,97204.427125146,1999.981088099879,1.999981088099879,downtrend
1739647200,1739647199.999999,ETH/USD,BUY,0.739239,2705.483031251,1999.998570538958,1.999998570538958,uptrend
1739647500,1739647499.999999,ETH/USD,BUY,0.73849,2708.226045525,1999.997852359757,1.999997852359757,uptrend
1739647800,1739647799.999999,ETH/USD,BUY,0.738725,2707.3650994389996,1999.9982830830747,1.9999982830830747,uptrend
1739648100,1739648099.999999,ETH/USD,BUY,0.73968,2703.87126009,1999.9994936633711,1.9999994936633712,uptrend
1739648400,1739648399.999999,ETH/USD,BUY,0.740327,2701.5086638539997,1999.99980458504,1.99999980458504,uptrend
1739648700,1739648699.999999,ETH/USD,BUY,0.740719,2700.0770907109995,1999.9984025543608,1.999998402554361,uptrend
1739649000,1739648999.999999,ETH/USD,BUY,0.740719,2700.0770907109995,1999.9984025543608,1.999998402554361,uptrend
1739686800,1739686799.999999,ETH/USD,BUY,0.736652,2714.9834711999997,1999.9980040264222,1.9999980040264222,uptrend
1739687100,1739687099.999999,ETH/USD,BUY,0.73647,2715.654208267,1999.9978547623973,1.9999978547623973,uptrend
1739715900,1739715899.999999,ETH/USD,SELL,0.746115,2680.5484183500002,1999.9973831572104,1.9999973831572104,downtrend
1739716200,1739716199.999999,ETH/USD,SELL,0.746096,2680.618341357,1999.9986220130925,1.9999986220130925,downtrend
1739716500,1739716499.999999,ETH/USD,SELL,0.74506,2684.3442387300006,1999.9975185081742,1.9999975185081742,downtrend
1739716800,1739716799.999999,ETH/USD,SELL,0.744484,2686.421950938,1999.998159722126,1.9999981597221261,downtrend
1739717100,1739717099.999999,ETH/USD,SELL,0.743619,2689.548508251,1999.9993721571004,1.9999993721571006,downtrend
1739717400,1739717399.999999,ETH/USD,SELL,0.742932,2692.0357695000002,1999.9995183061742,1.9999995183061743,downtrend
1739717700,1739717699.999999,ETH/USD,SELL,0.743343,2690.5474083510003,1999.9995821658576,1.9999995821658576,downtrend
1739718000,1739717999.999999,ETH/USD,SELL,0.743782,2688.9591571920005,1999.9994198545805,1.9999994198545805,downtrend
1739718300,1739718299.999999,ETH/USD,SELL,0.742499,2693.6040426570003,1999.99830806878,1.99999830806878,downtrend
1739760300,1739760299.999999,ETH/USD,BUY,0.746794,2678.1129545169997,1999.9986857555682,1.9999986857555683,uptrend
1739770500,1739770499.999999,ETH/USD,SELL,0.753449,2654.457147738,1999.9980835060485,1.9999980835060485,downtrend
1739774400,1739774399.999999,ETH/USD,BUY,0.743977,2688.2540985299997,1999.9992194620536,1.9999992194620537,uptrend
1739774700,1739774699.999999,ETH/USD,BUY,0.744343,2686.932646398,1999.9995068178266,1.9999995068178267,uptrend
1739775000,1739774999.999999,ETH/USD,BUY,0.744901,2684.9204351969993,1999.99991709868,1.9999999170986802,uptrend
1739775300,1739775299.999999,ETH/USD,BUY,0.744889,2684.960479201,1999.9975263915537,1.9999975263915537,uptrend
1739775600,1739775599.999999,ETH/USD,BUY,0.743705,2689.235176628,1999.9976470341264,1.9999976470341265,uptrend
1739775900,1739775899.999999,ETH/USD,BUY,0.743636,2689.485451653,1999.9982033254303,1.9999982033254302,uptrend
1739776200,1739776199.999999,ETH/USD,BUY,0.742727,2692.779070982,1999.999721053248,1.999999721053248,uptrend
1739776500,1739776499.999999,ETH/USD,BUY,0.742395,2693.9803911019994,1999.997572452169,1.999997572452169,uptrend
1739776800,1739776799.999999,ETH/USD,BUY,0.743963,2688.304153535,1999.9988229763592,1.9999988229763592,uptrend
1739803800,1739803799.999999,BTC/USD,BUY,0.020651,96843.560527714,1999.9163684578218,1.9999163684578218,uptrend
1739804100,1739804099.999999,BTC/USD,BUY,0.020656,96823.95898775598,1999.9956968510876,1.9999956968510877,uptrend
1739804400,1739804399.999999,BTC/USD,BUY,0.020638,96906.48967999998,1999.9561340158398,1.9999561340158398,uptrend
1739804700,1739804699.999999,BTC/USD,BUY,0.020652,96838.41487319999,1999.906943961326,1.9999069439613262,uptrend
1739805000,1739804999.999999,BTC/USD,BUY,0.020668,96765.384620905,1999.9469693448643,1.9999469693448644,uptrend
1739805300,1739805299.999999,BTC/USD,BUY,0.020677,96725.79111194998,1999.9991828217899,1.99999918282179,uptrend
1739808900,1739808899.999999,BTC/USD,SELL,0.02094,95508.65435938201,1999.9512222854594,1.9999512222854594,downtrend
1739809200,1739809199.999999,BTC/USD,SELL,0.020932,95544.404993961,1999.9354853335915,1.9999354853335916,downtrend
1739809500,1739809499.999999,BTC/USD,SELL,0.020923,95588.026961328,1999.9882881118658,1.9999882881118658,downtrend
1739809800,1739809799.999999,BTC/USD,SELL,0.020965,95394.94956099901,1999.9551175463444,1.9999551175463444,downtrend
1739810100,1739810099.999999,BTC/USD,SELL,0.020942,95498.255809341,1999.9244731592191,1.9999244731592192,downtrend
1739810400,1739810399.999999,BTC/USD,SELL,0.020977,95339.870209485,1999.9444573843668,1.999944457384367,downtrend
1739810700,1739810699.999999,ETH/USD,SELL,0.731635,2733.600002661,1999.9974379468808,1.9999974379468808,downtrend
1739811000,1739810999.999999,ETH/USD,SELL,0.732755,2729.4246002429995,1999.9995229510591,1.9999995229510592,downtrend
1739811300,1739811299.999999,ETH/USD,SELL,0.733657,2726.068295907,1999.9990877702419,1.9999990877702418,downtrend
1739811600,1739811599.999999,ETH/USD,SELL,0.73448,2723.011661601,1999.9976052127026,1.9999976052127026,downtrend
1739811900,1739811899.999999,ETH/USD,SELL,0.733069,2728.2558871260003,1999.9998149195699,1.99999981491957,downtrend
1739812200,1739812199.999999,ETH/USD,SELL,0.732878,2728.965106197,1999.998489099445,1.9999984890994449,downtrend
1739812500,1739812499.999999,ETH/USD,SELL,0.730464,2737.9851740999998,1999.9996022137823,1.9999996022137823,downtrend
1739812800,1739812799.999999,ETH/USD,SELL,0.730064,2739.48352425,1999.9982996480521,1.999998299648052,downtrend
1739813100,1739813099.999999,ETH/USD,SELL,0.732339,2730.972895398,1999.997959242876,1.999997959242876,downtrend
1739825700,1739825699.999999,ETH/USD,BUY,0.729441,2741.8229648809997,1999.9980853257614,1.9999980853257615,uptrend
1739826000,1739825999.999999,ETH/USD,BUY,0.731128,2735.4960122489993,1999.9977284435863,1.9999977284435864,uptrend
1739826300,1739826299.999999,BTC/USD,BUY,0.020802,96143.71146980599,1999.9814859949042,1.9999814859949043,uptrend
1739826600,1739826599.999999,BTC/USD,BUY,0.020797,96165.37527596999,1999.9513096143478,1.9999513096143477,uptrend
1739826900,1739826899.999999,BTC/USD,BUY,0.020794,96178.21939025298,1999.9298940009205,1.9999298940009205,uptrend
1739827200,1739827199.999999,BTC/USD,BUY,0.020807,96120.185617456,1999.972702142407,1.999972702142407,uptrend
1739827500,1739827499.999999,BTC/USD,BUY,0.020825,96035.65272501198,1999.9424679983745,1.9999424679983746,uptrend
1739827800,1739827799.999999,BTC/USD,BUY,0.020786,96215.720599999,1999.939968391579,1.999939968391579,uptrend
1739828100,1739828099.999999,BTC/USD,BUY,0.020772,96281.43281056298,1999.9579223410142,1.9999579223410142,uptrend
1739828400,1739828399.999999,BTC/USD,BUY,0.020773,96276.26713404698,1999.946897175558,1.999946897175558,uptrend
1739828700,1739828699.999999,ETH/USD,BUY,0.72277,2767.130775409,1999.9991105423628,1.999999110542363,uptrend
1739829000,1739828999.999999,ETH/USD,BUY,0.72299,2766.2898513249993,1999.9998996094614,1.9999998996094615,uptrend
1739829300,1739829299.999999,ETH/USD,BUY,0.722519,2768.091831505,1999.998942007161,1.999998942007161,uptrend
1739829600,1739829599.999999,ETH/USD,BUY,0.719513,2779.6545376599997,1999.9975753553592,1.9999975753553594,uptrend
1739829900,1739829899.999999,ETH/USD,BUY,0.722307,2768.902722586,1999.9978188429259,1.999997818842926,uptrend
1739830200,1739830199.999999,ETH/USD,BUY,0.722446,2768.3721395329994,1999.9993787170574,1.9999993787170576,uptrend
1739830500,1739830499.999999,ETH/USD,BUY,0.689011,2765.0384761999994,1905.141925525038,1.9051419255250381,uptrend
1739838900,1739838899.999999,ETH/USD,SELL,0.733407,2726.997273,1999.9988889991112,1.9999988889991112,downtrend
1739839200,1739839199.999999,ETH/USD,SELL,0.73499,2721.123740412,1999.998737965416,1.999998737965416,downtrend
1739839500,1739839499.999999,ETH/USD,SELL,0.734615,2722.5122115510003,1999.998308288538,1.9999983082885382,downtrend
1739839800,1739839799.999999,ETH/USD,SELL,0.734082,2724.490033749,1999.9990929545334,1.9999990929545335,downtrend
1739840100,1739840099.999999,ETH/USD,SELL,0.735768,2718.2469081239997,1999.999091096579,1.999999091096579,downtrend
1739840400,1739840399.999999,ETH/USD,SELL,0.735835,2717.997183099,1999.9974572256526,1.9999974572256527,downtrend
1739840700,1739840699.999999,ETH/USD,SELL,0.736504,2715.529899852,1999.9986333605978,1.9999986333605977,downtrend
1739841000,1739840999.999999,ETH/USD,SELL,0.735346,2719.80519228,1999.997868922329,1.999997868922329,downtrend
1739841300,1739841299.999999,ETH/USD,SELL,0.734736,2722.0627065060003,1999.9974647273925,1.9999974647273926,downtrend
1739858700,1739858699.999999,BTC/USD,SELL,0.020971,95366.061370107,1999.9216729925138,1.9999216729925138,downtrend
1739859000,1739858999.999999,BTC/USD,SELL,0.02099,95280.605466552,1999.9399087429267,1.9999399087429268,downtrend
1739859300,1739859299.999999,BTC/USD,SELL,0.021009,95195.189519001,1999.955736604692,1.999955736604692,downtrend
1739859600,1739859599.999999,BTC/USD,SELL,0.020977,95338.62158436001,1999.9182649751199,1.99991826497512,downtrend
1739859900,1739859899.999999,BTC/USD,SELL,0.020995,95257.051402194,1999.9217941890631,1.9999217941890632,downtrend
1739860200,1739860199.999999,BTC/USD,SELL,0.020979,95328.99218739601,1999.906927099381,1.999906927099381,downtrend
1739860500,1739860499.999999,BTC/USD,SELL,0.021003,95223.21865580701,1999.9732614279146,1.9999732614279147,downtrend
1739860800,1739860799.999999,BTC/USD,SELL,0.021013,95176.639944144,1999.946735146298,1.9999467351462978,downtrend
1739872200,1739872199.999999,ETH/USD,BUY,0.743728,2689.1550886199993,1999.9999357491747,1.9999999357491747,uptrend
1739872500,1739872499.999999,ETH/USD,BUY,0.742189,2694.7312161769996,1999.999866603191,1.999999866603191,uptrend
1739872800,1739872799.999999,ETH/USD,BUY,0.740678,2700.227255726,1999.998923316622,1.999998923316622,uptrend
1739873100,1739873099.999999,ETH/USD,BUY,0.739053,2706.1637793189993,1999.9984595970443,1.9999984595970444,uptrend
1739873400,1739873399.999999,ETH/USD,BUY,0.740412,2701.1983228229997,1999.9996525980227,1.9999996525980228,uptrend
1739873700,1739873699.999999,ETH/USD,BUY,0.741709,2696.473130351,1999.9983890395097,1.9999983890395097,uptrend
1739874000,1739873999.999999,ETH/USD,BUY,0.741508,2697.2039334239994,1999.9982942653628,1.999998294265363,uptrend
1739874300,1739874299.999999,ETH/USD,BUY,0.740225,2701.8790708909996,1999.9984352502902,1.9999984352502902,uptrend
1739874600,1739874599.999999,ETH/USD,BUY,0.740414,2701.1883118219994,1999.9976427093738,1.999997642709374,uptrend
1739884500,1739884499.999999,BTC/USD,BUY,0.020734,96455.99463499998,1999.9185927620895,1.9999185927620895,uptrend
1739884800,1739884799.999999,BTC/USD,BUY,0.02073,96477.68847416698,1999.9824820694814,1.9999824820694814,uptrend
1739885100,1739885099.999999,BTC/USD,BUY,0.02075,96381.64293057298,1999.9190908093894,1.9999190908093896,uptrend
1739885400,1739885399.999999,BTC/USD,BUY,0.020756,96355.87461399898,1999.962533488163,1.999962533488163,uptrend
1739885700,1739885699.999999,BTC/USD,BUY,0.020747,96397.36020214298,1999.9560321138606,1.9999560321138607,uptrend
1739886000,1739885999.999999,BTC/USD,BUY,0.020755,96360.53974046498,1999.9630023133507,1.9999630023133508,uptrend
1739886300,1739886299.999999,BTC/USD,BUY,0.02075,96384.856461894,1999.9857715843007,1.9999857715843008,uptrend
1739886600,1739886599.999999,BTC/USD,BUY,0.020764,96318.22323923798,1999.9515873395376,1.9999515873395377,uptrend
1739892600,1739892599.999999,BTC/USD,SELL,0.020986,95298.575679351,1999.93590920686,1.99993590920686,downtrend
1739892900,1739892899.999999,BTC/USD,SELL,0.020984,95310.04305249901,1999.985943413639,1.9999859434136391,downtrend
1739893200,1739893199.999999,BTC/USD,SELL,0.020932,95543.935510914,1999.9256581144518,1.9999256581144518,downtrend
1739893500,1739893499.999999,BTC/USD,SELL,0.020958,95426.69460617701,1999.952665556258,1.9999526655562578,downtrend
1739893800,1739893799.999999,BTC/USD,SELL,0.020974,95351.64724166399,1999.9054492466605,1.9999054492466606,downtrend
1739894100,1739894099.999999,BTC/USD,SELL,0.020965,95394.95955,1999.9553269657501,1.9999553269657502,downtrend
1739894400,1739894399.999999,BTC/USD,SELL,0.020955,95441.398415649,1999.974503799925,1.999974503799925,downtrend
1739894700,1739894699.999999,BTC/USD,SELL,0.020976,95347.022334201,1999.9991404822003,1.9999991404822004,downtrend
1739895000,1739894999.999999,ETH/USD,SELL,0.748159,2673.226480617,1999.9984505119342,1.9999984505119341,downtrend
1739895300,1739895299.999999,ETH/USD,SELL,0.74917,2669.620451256,1999.9995534674574,1.9999995534674575,downtrend
1739895600,1739895599.999999,ETH/USD,SELL,0.747179,2676.7326199679997,1999.99840225507,1.99999840225507,downtrend
1739895900,1739895899.999999,ETH/USD,SELL,0.751436,2661.56931645,1999.999000875922,1.999999000875922,downtrend
1739896200,1739896199.999999,ETH/USD,SELL,0.75269,2657.134200006,1999.998341002516,1.9999983410025162,downtrend
1739896500,1739896499.999999,ETH/USD,SELL,0.753699,2653.57811565,1999.9991721872896,1.9999991721872896,downtrend
1739896800,1739896799.999999,ETH/USD,SELL,0.75973,2632.511312541,1999.9978194767739,1.999997819476774,downtrend
1739897100,1739897099.999999,ETH/USD,SELL,0.758898,2635.3981338300005,1999.9983729673195,1.9999983729673194,downtrend
1739897400,1739897399.999999,ETH/USD,SELL,0.757377,2640.69230436,1999.9996153992636,1.9999996153992636,downtrend
1739913900,1739913899.999999,BTC/USD,BUY,0.020966,95389.79299549699,1999.9423999435896,1.9999423999435897,uptrend
1739914200,1739914199.999999,BTC/USD,BUY,0.020994,95263.79453691098,1999.968102507909,1.999968102507909,uptrend
1739914500,1739914499.999999,BTC/USD,BUY,0.02102,95144.70366901498,1999.941671122695,1.999941671122695,uptrend
1739914800,1739914799.999999,BTC/USD,BUY,0.021023,95132.179906764,1999.9638181798994,1.9999638181798993,uptrend
1739915100,1739915099.999999,BTC/USD,BUY,0.021049,95012.80873083998,1999.9246109754506,1.9999246109754507,uptrend
1739915400,1739915399.999999,BTC/USD,BUY,0.021069,94924.65185603399,1999.9674899547801,1.9999674899547801,uptrend
1739915700,1739915699.999999,BTC/USD,BUY,0.02106,94963.314341896,1999.9274000403295,1.9999274000403295,uptrend
1739916000,1739915999.999999,BTC/USD,BUY,0.021015,95170.041512546,1999.998422386154,1.999998422386154,uptrend
1739916300,1739916299.999999,BTC/USD,BUY,0.019589,95160.591127602,1864.1008195985955,1.8641008195985955,uptrend
1739916600,1739916599.999999,ETH/USD,BUY,0.753236,2655.2077842289996,1999.9980905615148,1.999998090561515,uptrend
1739916900,1739916899.999999,ETH/USD,BUY,0.752161,2659.001953608,1999.9975684277467,1.9999975684277467,uptrend
1739917200,1739917199.999999,ETH/USD,BUY,0.753492,2654.3067941389995,1999.9989349293833,1.9999989349293834,uptrend
1739917500,1739917499.999999,ETH/USD,BUY,0.751457,2661.494692857,1999.9988174102425,1.9999988174102425,uptrend
1739917800,1739917799.999999,ETH/USD,BUY,0.750007,2666.6403473709997,1999.9989270106814,1.9999989270106815,uptrend
1739918100,1739918099.999999,ETH/USD,BUY,0.750599,2664.538037161,1999.9995861550094,1.9999995861550095,uptrend
1739918400,1739918399.999999,ETH/USD,BUY,0.75159,2661.0241758099996,1999.9991602970376,1.9999991602970377,uptrend
1739918700,1739918699.999999,ETH/USD,BUY,0.751533,2661.2243958299996,1999.9979538713071,1.999997953871307,uptrend
1739919000,1739918999.999999,ETH/USD,BUY,0.75238,2658.2311065309996,1999.9999199317936,1.9999999199317935,uptrend
1739943600,1739943599.999999,BTC/USD,SELL,0.021018,95153.405527818,1999.9342773836786,1.9999342773836786,downtrend
1739943900,1739943899.999999,BTC/USD,SELL,0.021006,95209.87335047101,1999.9785995999941,1.9999785995999941,downtrend
1739944200,1739944199.999999,BTC/USD,SELL,0.021001,95231.369680623,1999.9539946627635,1.9999539946627636,downtrend
1739944500,1739944499.999999,BTC/USD,SELL,0.021005,95211.711326655,1999.9219964163883,1.9999219964163883,downtrend
1739944800,1739944799.999999,BTC/USD,SELL,0.021011,95184.531254934,1999.9221861974181,1.9999221861974181,downtrend
1739945100,1739945099.999999,BTC/USD,SELL,0.021019,95149.19016939601,1999.9408281705346,1.9999408281705346,downtrend
1739960700,1739960699.999999,BTC/USD,BUY,0.020755,96358.28726523998,1999.9162521900557,1.9999162521900558,uptrend
1739961000,1739960999.999999,BTC/USD,BUY,0.020743,96415.90057599498,1999.955025647864,1.999955025647864,uptrend
1739961300,1739961299.999999,BTC/USD,BUY,0.020765,96314.24887184099,1999.965377823778,1.999965377823778,uptrend
1739961600,1739961599.999999,BTC/USD,BUY,0.020757,96351.33963054599,1999.9647567112431,1.999964756711243,uptrend
1739961900,1739961899.999999,BTC/USD,BUY,0.020756,96353.63214977499,1999.9159889007296,1.9999159889007296,uptrend
1739962200,1739962199.999999,BTC/USD,BUY,0.020756,96355.904647002,1999.9631568531734,1.9999631568531735,uptrend
1739971500,1739971499.999999,ETH/USD,SELL,0.737616,2711.4344094420003,1999.9974033549706,1.9999974033549706,downtrend
1739971800,1739971799.999999,ETH/USD,SELL,0.738269,2709.037049202,1999.9980732773113,1.9999980732773113,downtrend
1739972100,1739972099.999999,ETH/USD,SELL,0.738068,2709.776235276,1999.9991264176867,1.9999991264176868,downtrend
1739972400,1739972399.999999,ETH/USD,SELL,0.736997,2713.71190167,1999.9975303950848,1.9999975303950848,downtrend
1739972700,1739972699.999999,ETH/USD,SELL,0.737731,2711.0148713999997,1999.9997120927933,1.9999997120927933,downtrend
1739973000,1739972999.999999,ETH/USD,SELL,0.737478,2711.9438484929997,1999.9989254989202,1.9999989254989203,downtrend
1739973300,1739973299.999999,ETH/USD,SELL,0.737532,2711.7440684730004,1999.9980263090288,1.999998026309029,downtrend
1739977500,1739977499.999999,ETH/USD,SELL,0.744617,2685.94247889,1999.998430803635,1.9999984308036352,downtrend
1739977800,1739977799.999999,ETH/USD,SELL,0.745327,2683.3852946340003,1999.9995114936755,1.9999995114936755,downtrend
1739993100,1739993099.999999,BTC/USD,SELL,0.020844,95949.32912749799,1999.9678163335682,1.9999678163335681,downtrend
1739993400,1739993399.999999,BTC/USD,SELL,0.020866,95846.692142223,1999.937078239625,1.999937078239625,downtrend
1739999100,1739999099.999999,ETH/USD,BUY,0.734623,2722.4817109489995,1999.997681942487,1.999997681942487,uptrend
1739999400,1739999399.999999,ETH/USD,BUY,0.733903,2725.1546482159993,1999.9991717896664,1.9999991717896666,uptrend
1739999700,1739999699.999999,ETH/USD,BUY,0.733808,2725.505033251,1999.99739743985,1.99999739743985,uptrend
1740000600,1740000599.999999,ETH/USD,BUY,0.73338,2727.09678241,1999.9982382838457,1.9999982382838457,uptrend
1740000900,1740000899.999999,ETH/USD,BUY,0.733456,2726.816474382,1999.9999040343241,1.9999999040343241,uptrend
1740001200,1740001199.999999,ETH/USD,BUY,0.733049,2728.3281355329996,1999.9982114243296,1.9999982114243295,uptrend
1740001500,1740001499.999999,ETH/USD,BUY,0.733272,2727.4972224499998,1999.9973433003563,1.9999973433003564,uptrend
1740001800,1740001799.999999,ETH/USD,BUY,0.734432,2723.1924920199995,1999.9997082992322,1.9999997082992322,uptrend
1740020400,1740020399.999999,ETH/USD,BUY,0.728662,2744.756188174,1999.9995335872431,1.9999995335872431,uptrend
1740022800,1740022799.999999,BTC/USD,BUY,0.020573,97210.143362332,1999.9042793932565,1.9999042793932564,uptrend
1740023100,1740023099.999999,BTC/USD,BUY,0.01969,97174.76448479798,1913.3711127056722,1.9133711127056723,uptrend
1740033600,1740033599.999999,ETH/USD,SELL,0.733869,2725.279164828,1999.9978954131595,1.9999978954131596,downtrend
1740033900,1740033899.999999,ETH/USD,SELL,0.733681,2725.978394898,1999.9985547471595,1.9999985547471595,downtrend
1740034200,1740034199.999999,ETH/USD,SELL,0.733907,2725.139318814,1999.9988220528262,1.9999988220528262,downtrend
1740034500,1740034499.999999,ETH/USD,SELL,0.73334,2727.246998025,1999.9993135316533,1.9999993135316534,downtrend
1740034800,1740034799.999999,ETH/USD,SELL,0.733246,2727.59661306,1999.9993061397927,1.9999993061397927,downtrend
1740035100,1740035099.999999,ETH/USD,SELL,0.734079,2724.50002275,1999.9982522002974,1.9999982522002975,downtrend
1740035400,1740035399.999999,ETH/USD,SELL,0.734187,2724.1004627099996,1999.9991464156667,1.9999991464156668,downtrend
1740035700,1740035699.999999,ETH/USD,SELL,0.734685,2722.2524975250003,1999.998076144155,1.999998076144155,downtrend
1740036000,1740035999.999999,ETH/USD,SELL,0.735033,2720.963916396,1999.9982703603011,1.9999982703603012,downtrend
1740062100,1740062099.999999,ETH/USD,BUY,0.722686,2767.4511274409997,1999.9981854858265,1.9999981854858266,uptrend
1740062400,1740062399.999999,ETH/USD,BUY,0.723791,2763.2264850189995,1999.9984608183865,1.9999984608183865,uptrend
1740062700,1740062699.999999,ETH/USD,BUY,0.725942,2755.037486201,1999.9974228077263,1.9999974228077262,uptrend
1740066000,1740065999.999999,ETH/USD,SELL,0.733649,2726.09826291,1999.9992644856586,1.9999992644856586,downtrend
1740066300,1740066299.999999,ETH/USD,SELL,0.733786,2725.588823859,1999.9989207042004,1.9999989207042004,downtrend
1740066600,1740066599.999999,BTC/USD,SELL,0.020626,96961.244895801,1999.9226372207913,1.9999226372207914,downtrend
1740066900,1740066899.999999,BTC/USD,SELL,0.020636,96915.295491201,1999.944037756424,1.999944037756424,downtrend
1740067200,1740067199.999999,BTC/USD,SELL,0.020661,96797.175554376,1999.9264441289622,1.9999264441289621,downtrend
1740067500,1740067499.999999,BTC/USD,SELL,0.020644,96877.337287401,1999.9357509611061,1.9999357509611062,downtrend
1740067800,1740067799.999999,ETH/USD,SELL,0.735652,2718.676435167,1999.9997568834738,1.9999997568834738,downtrend
1740072900,1740072899.999999,BTC/USD,BUY,0.020398,98047.653694991,1999.9760400704263,1.9999760400704263,uptrend
1740074100,1740074099.999999,BTC/USD,BUY,0.020394,98066.524431876,1999.968699263679,1.999968699263679,uptrend
1740074400,1740074399.999999,BTC/USD,BUY,0.020395,98062.71024049498,1999.9889753548953,1.9999889753548954,uptrend
1740075000,1740074999.999999,BTC/USD,BUY,0.019154,98141.43675235899,1879.8010795546843,1.8798010795546842,uptrend
1740076500,1740076499.999999,ETH/USD,BUY,0.728569,2745.106573209,1999.999550936308,1.999999550936308,uptrend
1740076800,1740076799.999999,ETH/USD,BUY,0.729617,2741.162238815,1999.9985691974837,1.9999985691974838,uptrend
1740077100,1740077099.999999,ETH/USD,BUY,0.729058,2743.2645490249997,1999.9989655830682,1.9999989655830683,uptrend
1740077400,1740077399.999999,ETH/USD,BUY,0.730591,2737.50822345,1999.998870478559,1.999998870478559,uptrend
1740077700,1740077699.999999,ETH/USD,BUY,0.730081,2739.4203246409993,1999.9987300342254,1.9999987300342255,uptrend
1740078000,1740077999.999999,ETH/USD,BUY,0.729737,2740.7117437699994,1999.9987657634879,1.999998765763488,uptrend
1740078300,1740078299.999999,ETH/USD,BUY,0.729769,2740.5916117579995,1999.9987999210236,1.9999987999210236,uptrend
1740078600,1740078599.999999,ETH/USD,BUY,0.730108,2739.3202146309995,1999.9996032638098,1.9999996032638099,uptrend
1740078900,1740078899.999999,ETH/USD,BUY,0.728787,2744.2856711269997,1999.9997214036325,1.9999997214036325,uptrend
1740088800,1740088799.999999,ETH/USD,SELL,0.734483,2723.0016726000003,1999.998437496266,1.999998437496266,downtrend
1740089100,1740089099.999999,ETH/USD,SELL,0.733772,2725.6387688639998,1999.9974107068747,1.9999974107068748,downtrend
1740089400,1740089399.999999,ETH/USD,SELL,0.733996,2724.8096817809997,1999.9994071885267,1.9999994071885268,downtrend
1740089700,1740089699.999999,ETH/USD,SELL,0.733267,2727.516701052,1999.997988830297,1.999997988830297,downtrend
1740090000,1740089999.999999,ETH/USD,SELL,0.733539,2726.5078119510003,1999.999813870725,1.999999813870725,downtrend
1740090300,1740090299.999999,ETH/USD,SELL,0.733754,2725.7086918709997,1999.9996554951135,1.9999996554951136,downtrend
1740090600,1740090599.999999,ETH/USD,SELL,0.733676,2725.9983729,1999.9995822357805,1.9999995822357806,downtrend
1740090900,1740090899.999999,ETH/USD,SELL,0.732615,2729.944028295,1999.9979442893414,1.9999979442893414,downtrend
1740091200,1740091199.999999,ETH/USD,SELL,0.733179,2727.8463380850003,1999.9996503108225,1.9999996503108226,downtrend
1740123000,1740122999.999999,ETH/USD,BUY,0.722464,2768.302062526,1999.998581300784,1.9999985813007841,uptrend
1740123300,1740123299.999999,ETH/USD,BUY,0.723186,2765.5390262499996,1999.999106237632,1.999999106237632,uptrend
1740130500,1740130499.999999,ETH/USD,BUY,0.717214,2788.5643285499996,1999.9973763366595,1.9999973763366596,uptrend
1740130800,1740130799.999999,ETH/USD,BUY,0.717859,2786.0615783,1999.9993785368597,1.9999993785368597,uptrend
1740131100,1740131099.999999,ETH/USD,BUY,0.720541,2775.6901812639994,1999.9985788981435,1.9999985788981436,uptrend
1740131400,1740131399.999999,ETH/USD,BUY,0.718683,2782.868068981,1999.9999724194718,1.9999999724194717,uptrend
1740131700,1740131699.999999,ETH/USD,BUY,0.718892,2782.0571778999997,1999.9986487348865,1.9999986487348866,uptrend
1740132000,1740131999.999999,ETH/USD,BUY,0.718039,2785.3608082299997,1999.9976893806606,1.9999976893806606,uptrend
1740132300,1740132299.999999,ETH/USD,BUY,0.716836,2790.0359456969995,1999.9982071696545,1.9999982071696545,uptrend
1740152100,1740152099.999999,ETH/USD,SELL,0.727388,2749.562426259,1999.9987141116815,1.9999987141116815,downtrend
1740152400,1740152399.999999,ETH/USD,SELL,0.733848,2725.359076836,1999.9993078179448,1.9999993078179448,downtrend
1740152700,1740152699.999999,BTC/USD,SELL,0.020514,97493.24910006,1999.976512038631,1.999976512038631,downtrend
1740153000,1740152999.999999,BTC/USD,SELL,0.020479,97657.658067519,1999.9311795647218,1.9999311795647219,downtrend
1740153300,1740153299.999999,BTC/USD,SELL,0.020397,98050.026026799,1999.926380868619,1.999926380868619,downtrend
1740153600,1740153599.999999,BTC/USD,SELL,0.020408,97996.13536640399,1999.9051305575726,1.9999051305575728,downtrend
1740153900,1740153899.999999,BTC/USD,SELL,0.020416,97962.142796001,1999.9951073231566,1.9999951073231566,downtrend
1740154200,1740154199.999999,BTC/USD,SELL,0.020455,97775.57822432401,1999.9994525785478,1.9999994525785478,downtrend
1740154500,1740154499.999999,BTC/USD,SELL,0.020308,98479.56305879999,1999.9229665981102,1.9999229665981102,downtrend
1740154800,1740154799.999999,BTC/USD,SELL,0.020328,98386.095976443,1999.9925590091332,1.9999925590091332,downtrend
1740155100,1740155099.999999,BTC/USD,SELL,0.020321,98419.61906379901,1999.9850789954596,1.9999850789954596,downtrend
1740155400,1740155399.999999,ETH/USD,SELL,0.730357,2738.38473414,1999.998459272288,1.9999984592722881,downtrend
1740155700,1740155699.999999,ETH/USD,SELL,0.727589,2748.8032621830002,1999.999016728467,1.9999990167284671,downtrend
1740156000,1740155999.999999,ETH/USD,SELL,0.729107,2743.07956461,1999.998512114103,1.999998512114103,downtrend
1740156300,1740156299.999999,ETH/USD,SELL,0.73116,2735.378044839,1999.9990112644832,1.9999990112644832,downtrend
1740156600,1740156599.999999,ETH/USD,SELL,0.733383,2727.087174009,1999.9993729362425,1.9999993729362424,downtrend
1740156900,1740156899.999999,ETH/USD,SELL,0.733517,2726.5877239590004,1999.9984475152341,1.9999984475152341,downtrend
1740157200,1740157199.999999,ETH/USD,SELL,0.731606,2733.709881672,1999.9985516905251,1.9999985516905252,downtrend
1740180300,1740180299.999999,BTC/USD,BUY,0.020822,96050.48902849399,1999.963282551302,1.999963282551302,uptrend
1740180600,1740180599.999999,BTC/USD,BUY,0.020798,96158.577806291,1999.9061012152401,1.9999061012152402,uptrend
1740180900,1740180899.999999,BTC/USD,BUY,0.020789,96204.458223874,1999.9944820161163,1.9999944820161164,uptrend
1740181200,1740181199.999999,BTC/USD,BUY,0.020799,96155.05393393898,1999.928966771997,1.999928966771997,uptrend
1740181500,1740181499.999999,BTC/USD,BUY,0.020775,96268.608718282,1999.9803461223084,1.9999803461223085,uptrend
1740181800,1740181799.999999,BTC/USD,BUY,0.020768,96299.83303040099,1999.9549323753674,1.9999549323753674,uptrend
1740182100,1740182099.999999,BTC/USD,BUY,0.020775,96266.946892116,1999.9458216837097,1.9999458216837098,uptrend
1740182400,1740182399.999999,BTC/USD,BUY,0.020771,96287.799807199,1999.9938897953305,1.9999938897953304,uptrend
1740182700,1740182699.999999,BTC/USD,BUY,0.020205,96113.61840079998,1941.9756597881637,1.9419756597881639,uptrend
1740183000,1740182999.999999,ETH/USD,BUY,0.750122,2666.22989633,1999.9977022948522,1.9999977022948523,uptrend
1740183300,1740183299.999999,ETH/USD,BUY,0.750173,2666.0496983119992,1999.9985003318072,1.9999985003318073,uptrend
1740183600,1740183599.999999,ETH/USD,BUY,0.74936,2668.9428776009995,1999.9990347590851,1.9999990347590852,uptrend
1740183900,1740183899.999999,ETH/USD,BUY,0.749045,2670.0641097129997,1999.9981710599736,1.9999981710599737,uptrend
1740184200,1740184199.999999,ETH/USD,BUY,0.750655,2664.3378171409995,1999.998504125977,1.9999985041259771,uptrend
1740184500,1740184499.999999,ETH/USD,BUY,0.748083,2673.497883056,1999.9983168501817,1.9999983168501818,uptrend
1740184800,1740184799.999999,ETH/USD,BUY,0.747118,2676.951678401,1999.9987840635984,1.9999987840635984,uptrend
1740185100,1740185099.999999,ETH/USD,BUY,0.746088,2680.6457377699994,1999.9976172013432,1.9999976172013434,uptrend
1740185400,1740185399.999999,ETH/USD,BUY,0.746002,2680.956078801,1999.9985966977038,1.9999985966977039,uptrend
1740252600,1740252599.999999,ETH/USD,SELL,0.723937,2762.667995571,1999.9975807096832,1.9999975807096833,downtrend
1740252900,1740252899.999999,ETH/USD,SELL,0.723966,2762.55811656,1999.998149413477,1.999998149413477,downtrend
1740253200,1740253199.999999,ETH/USD,SELL,0.72309,2765.904431895,1999.9978356589556,1.9999978356589556,downtrend
1740253500,1740253499.999999,ETH/USD,SELL,0.723608,2763.926609697,1999.9994061896268,1.999999406189627,downtrend
1740253800,1740253799.999999,ETH/USD,SELL,0.723835,2763.05756661,1999.9977737271493,1.9999977737271493,downtrend
1740254100,1740254099.999999,ETH/USD,SELL,0.723163,2765.6247398670002,1999.9974837564396,1.9999974837564396,downtrend
1740254400,1740254399.999999,ETH/USD,SELL,0.72279,2767.05316701,1999.998358583158,1.999998358583158,downtrend
1740254700,1740254699.999999,ETH/USD,SELL,0.724178,2761.749007479,1999.9978727381272,1.9999978727381271,downtrend
1740255000,1740254999.999999,ETH/USD,SELL,0.724202,2761.65910647,1999.999048223787,1.999999048223787,downtrend
1740288900,1740288899.999999,ETH/USD,BUY,0.718427,2783.85915808,1999.99958336194,1.9999995833619402,uptrend
1740289200,1740289199.999999,ETH/USD,BUY,0.71829,2784.3897411329995,1999.9993071584222,1.9999993071584223,uptrend
1740289500,1740289499.999999,ETH/USD,BUY,0.71773,2786.56212835,1999.9992363806455,1.9999992363806456,uptrend
1740289800,1740289799.999999,ETH/USD,BUY,0.717995,2785.5309952469997,1999.9973269323698,1.9999973269323699,uptrend
1740290100,1740290099.999999,ETH/USD,BUY,0.717962,2785.6611382599995,1999.9988421474256,1.9999988421474257,uptrend
1740290400,1740290399.999999,ETH/USD,BUY,0.718127,2785.0204341959993,1999.9983693478703,1.9999983693478702,uptrend
1740290700,1740290699.999999,ETH/USD,BUY,0.719102,2781.2462868189996,1999.9997673441162,1.9999997673441163,uptrend
1740291000,1740290999.999999,ETH/USD,BUY,0.719021,2781.5566278499996,1999.9976281133347,1.9999976281133347,uptrend
1740291300,1740291299.999999,ETH/USD,BUY,0.717923,2785.811303275,1999.9980082810976,1.9999980082810975,uptrend
1740314100,1740314099.999999,ETH/USD,SELL,0.717686,2786.73149898,1999.9981825769605,1.9999981825769606,downtrend
1740314400,1740314399.999999,ETH/USD,SELL,0.716813,2790.1277593199998,1999.999849541447,1.999999849541447,downtrend
1740315300,1740315299.999999,ETH/USD,SELL,0.717678,2786.7614659829997,1999.9973953837473,1.9999973953837473,downtrend
1740315600,1740315599.999999,ETH/USD,SELL,0.717637,2786.921289999,1999.9978337910122,1.9999978337910123,downtrend
1740315900,1740315899.999999,ETH/USD,SELL,0.714781,2798.0590261139996,1999.9994287447907,1.9999994287447909,downtrend
1740320100,1740320099.999999,ETH/USD,BUY,0.709971,2817.0155933919996,1999.9993778561113,1.9999993778561114,uptrend
1740320400,1740320399.999999,ETH/USD,BUY,0.709575,2818.5873205489993,1999.999097978556,1.999999097978556,uptrend
1740320700,1740320699.999999,ETH/USD,BUY,0.711199,2812.1502469059997,1999.9984434493,1.9999984434493001,uptrend
1740321000,1740320999.999999,ETH/USD,BUY,0.711118,2812.4705989379995,1999.9984673755923,1.9999984673755924,uptrend
1740327900,1740327899.999999,ETH/USD,SELL,0.714235,2800.196672328,1999.9984702601892,1.9999984702601892,downtrend
1740332400,1740332399.999999,ETH/USD,BUY,0.708402,2823.2524470149997,1999.9976799703197,1.9999976799703199,uptrend
1740332700,1740332699.999999,ETH/USD,BUY,0.679845,2815.363778227,1914.0109878087349,1.9140109878087348,uptrend
1740343800,1740343799.999999,ETH/USD,SELL,0.715424,2795.541797862,1999.9976951936233,1.9999976951936234,downtrend
1740344100,1740344099.999999,ETH/USD,SELL,0.714564,2798.908091199,1999.998961279522,1.9999989612795221,downtrend
1740344400,1740344399.999999,ETH/USD,SELL,0.7134,2803.473064656,1999.9976843255906,1.9999976843255907,downtrend
1740344700,1740344699.999999,ETH/USD,SELL,0.714232,2800.206661329,1999.9972041343342,1.9999972041343341,downtrend
1740345000,1740344999.999999,ETH/USD,SELL,0.715199,2796.42082995,1999.9973811594102,1.9999973811594103,downtrend
1740345300,1740345299.999999,ETH/USD,SELL,0.714648,2798.578454166,1999.9984951128235,1.9999984951128236,downtrend
1740345600,1740345599.999999,ETH/USD,SELL,0.714913,2797.539598062,1999.9974266692986,1.9999974266692986,downtrend
1740345900,1740345899.999999,ETH/USD,SELL,0.71513,2796.6905329769997,1999.9973008478419,1.999997300847842,downtrend
1740353700,1740353699.999999,ETH/USD,BUY,0.709192,2820.108992701,1999.9987367516076,1.9999987367516077,uptrend
1740354000,1740353999.999999,ETH/USD,BUY,0.708314,2823.6028320499995,1999.9974163806633,1.9999974163806633,uptrend
1740354300,1740354299.999999,ETH/USD,BUY,0.709288,2819.7285746629996,1999.9996412655696,1.9999996412655696,uptrend
1740354600,1740354599.999999,ETH/USD,BUY,0.708865,2821.4104228309993,1999.9990993800961,1.9999990993800962,uptrend
1740354900,1740354899.999999,ETH/USD,BUY,0.706746,2829.8697186759996,1999.9991041953879,1.999999104195388,uptrend
1740355200,1740355199.999999,ETH/USD,BUY,0.708515,2822.8019519699997,1999.9975250000243,1.9999975250000244,uptrend
1740355500,1740355499.999999,ETH/USD,BUY,0.707963,2825.0043721899997,1999.9985703487487,1.9999985703487486,uptrend
1740355800,1740355799.999999,ETH/USD,BUY,0.706054,2832.642765953,1999.9987554721793,1.9999987554721792,uptrend
1740361200,1740361199.999999,ETH/USD,SELL,0.717121,2788.9290792,1999.9996102049834,1.9999996102049833,downtrend
1740361500,1740361499.999999,ETH/USD,SELL,0.716861,2789.937968301,1999.997721894223,1.999997721894223,downtrend
1740361800,1740361799.999999,ETH/USD,SELL,0.718255,2784.523929759,1999.9982351690505,1.9999982351690506,downtrend
1740362100,1740362099.999999,ETH/USD,SELL,0.718923,2781.9367785,1999.9983346095555,1.9999983346095556,downtrend
1740362400,1740362399.999999,ETH/USD,SELL,0.71738,2787.920190099,1999.9981859732209,1.999998185973221,downtrend
1740362700,1740362699.999999,ETH/USD,SELL,0.718034,2785.382983845,1999.9996854221606,1.9999996854221607,downtrend
1740363000,1740362999.999999,ETH/USD,SELL,0.716487,2791.396362447,1999.9992055405635,1.9999992055405635,downtrend
1740363300,1740363299.999999,ETH/USD,SELL,0.717185,2788.679354175,1999.999002623997,1.999999002623997,downtrend
1740363600,1740363599.999999,ETH/USD,SELL,0.718201,2784.73369878,1999.9985271974947,1.9999985271974947,downtrend
1740368400,1740368399.999999,BTC/USD,SELL,0.020929,95560.527241575,1999.986274638923,1.9999862746389232,downtrend
1740368700,1740368699.999999,BTC/USD,SELL,0.020911,95641.817731713,1999.9660505878505,1.9999660505878505,downtrend
1740369000,1740368999.999999,BTC/USD,SELL,0.020943,95493.49105586401,1999.92018318296,1.99992018318296,downtrend
1740369300,1740369299.999999,BTC/USD,SELL,0.020958,95424.926553,1999.9156106977741,1.9999156106977742,downtrend
1740369600,1740369599.999999,BTC/USD,SELL,0.02098,95328.243012321,1999.9865383984945,1.9999865383984945,downtrend
1740369900,1740369899.999999,BTC/USD,SELL,0.020972,95361.05688060599,1999.912084900069,1.999912084900069,downtrend
1740370200,1740370199.999999,BTC/USD,SELL,0.020946,95481.424342656,1999.9539142812725,1.9999539142812726,downtrend
1740370500,1740370499.999999,BTC/USD,SELL,0.020971,95368.08913731002,1999.9641972985285,1.9999641972985285,downtrend
1740370800,1740370799.999999,BTC/USD,SELL,0.020976,95347.01234520001,1999.9989309529155,1.9999989309529156,downtrend
1740382200,1740382199.999999,ETH/USD,BUY,0.734057,2724.584021159,1999.9999728199118,1.9999999728199118,uptrend
1740382500,1740382499.999999,ETH/USD,BUY,0.732987,2728.5583885559995,1999.9978275524966,1.9999978275524966,uptrend
1740386400,1740386399.999999,ETH/USD,SELL,0.743749,2689.0790252039997,1999.9998359164495,1.9999998359164495,downtrend
1740386700,1740386699.999999,ETH/USD,SELL,0.744158,2687.600653056,1999.9995267768468,1.999999526776847,downtrend
1740453600,1740453599.999999,BTC/USD,BUY,0.021699,92167.942532666,1999.9521850163194,1.9999521850163193,uptrend
1740453900,1740453899.999999,BTC/USD,BUY,0.021708,92131.24220299999,1999.9850057427238,1.999985005742724,uptrend
1740454200,1740454199.999999,BTC/USD,BUY,0.021697,92176.772235548,1999.9594271946848,1.9999594271946848,uptrend
1740454500,1740454499.999999,BTC/USD,BUY,0.021693,92195.55287342399,1999.9981284831867,1.9999981284831867,uptrend
1740454800,1740454799.999999,BTC/USD,BUY,0.021668,92301.42921999999,1999.9873683389599,1.99998736833896,uptrend
1740455100,1740455099.999999,BTC/USD,BUY,0.021646,92395.67278341399,1999.996733069779,1.9999967330697792,uptrend
1740455400,1740455399.999999,BTC/USD,BUY,0.021596,92606.76475049999,1999.9356915517978,1.9999356915517978,uptrend
1740465600,1740465599.999999,BTC/USD,SELL,0.021882,91398.85969995002,1999.989847954306,1.9999898479543061,downtrend
1740465900,1740465899.999999,BTC/USD,SELL,0.021861,91484.105834484,1999.9340376476546,1.9999340376476546,downtrend
1740466200,1740466199.999999,BTC/USD,SELL,0.021854,91515.361418613,1999.9767084423684,1.9999767084423683,downtrend
1740466500,1740466499.999999,BTC/USD,SELL,0.021932,91189.39034898001,1999.9657091338297,1.9999657091338296,downtrend
1740466800,1740466799.999999,BTC/USD,SELL,0.021935,91175.60552760001,1999.9369072479062,1.9999369072479063,downtrend
1740467100,1740467099.999999,BTC/USD,SELL,0.021937,91169.62211600099,1999.9880003587139,1.9999880003587138,downtrend
1740467400,1740467399.999999,BTC/USD,SELL,0.022017,90838.027238805,1999.9808457167696,1.9999808457167696,downtrend
1740485700,1740485699.999999,ETH/USD,BUY,0.818771,2442.684244,1999.999021144124,1.999999021144124,uptrend
1740486000,1740485999.999999,ETH/USD,BUY,0.819775,2439.690954701,1999.9976523900123,1.9999976523900123,uptrend
1740486300,1740486299.999999,ETH/USD,BUY,0.817993,2445.006796232,1999.9984442702023,1.9999984442702023,uptrend
1740486600,1740486599.999999,BTC/USD,BUY,0.022371,89400.13100918899,1999.9703308065668,1.9999703308065668,uptrend
1740486900,1740486899.999999,BTC/USD,BUY,0.022417,89215.87853578398,1999.9523491366695,1.9999523491366695,uptrend
1740487200,1740487199.999999,BTC/USD,BUY,0.022447,89097.898888999,1999.9805363613607,1.9999805363613608,uptrend
1740487500,1740487499.999999,BTC/USD,BUY,0.022448,89092.17259642699,1999.9410904445929,1.999941090444593,uptrend
1740487800,1740487799.999999,BTC/USD,BUY,0.022461,89041.8472944,1999.968932079518,1.999968932079518,uptrend
1740488100,1740488099.999999,BTC/USD,BUY,0.022437,89135.58029676299,1999.935015118471,1.9999350151184712,uptrend
1740488400,1740488399.999999,BTC/USD,BUY,0.022347,89494.334528599,1999.9298937106018,1.9999298937106018,uptrend
1740488700,1740488699.999999,BTC/USD,BUY,0.022405,89262.09932740098,1999.9173354304191,1.9999173354304192,uptrend
1740489000,1740488999.999999,BTC/USD,BUY,0.022332,89556.14244877298,1999.9677731659983,1.9999677731659984,uptrend
1740489300,1740489299.999999,ETH/USD,BUY,0.820722,2436.8778634199994,1999.9992738217886,1.9999992738217887,uptrend
1740489600,1740489599.999999,ETH/USD,BUY,0.822435,2431.802285913,1999.9993130148582,1.9999993130148583,uptrend
1740489900,1740489899.999999,ETH/USD,BUY,0.824053,2427.0270384359997,1999.9989121043009,1.999998912104301,uptrend
1740490200,1740490199.999999,ETH/USD,BUY,0.826809,2418.938149628,1999.999832555777,1.999999832555777,uptrend
1740490500,1740490499.999999,ETH/USD,BUY,0.824887,2424.5743431909996,1999.9998562317942,1.9999998562317942,uptrend
1740490800,1740490799.999999,ETH/USD,BUY,0.82749,2416.945960429,1999.998612795393,1.999998612795393,uptrend
1740495300,1740495299.999999,ETH/USD,SELL,0.842997,2372.48762751,1999.9999525280475,1.9999999525280476,downtrend
1740495600,1740495599.999999,BTC/USD,SELL,0.022972,87061.385740725,1999.9741532359346,1.9999741532359347,downtrend
1740495900,1740495899.999999,BTC/USD,SELL,0.023028,86848.58006342102,1999.949101700459,1.9999491017004591,downtrend
1740496200,1740496199.999999,BTC/USD,SELL,0.023012,86908.314289401,1999.934128427696,1.999934128427696,downtrend
1740496500,1740496499.999999,BTC/USD,SELL,0.023059,86732.647717815,1999.968123725096,1.999968123725096,downtrend
1740496800,1740496799.999999,BTC/USD,SELL,0.023115,86523.72776190001,1999.9959672163186,1.9999959672163186,downtrend
1740497100,1740497099.999999,BTC/USD,SELL,0.023084,86639.160657456,1999.9783846167143,1.9999783846167143,downtrend
1740497400,1740497399.999999,BTC/USD,SELL,0.023114,86524.946420022,1999.9376115523883,1.9999376115523884,downtrend
1740497700,1740497699.999999,BTC/USD,SELL,0.02321,86167.110437199,1999.9386332473887,1.9999386332473887,downtrend
1740498000,1740497999.999999,ETH/USD,SELL,0.833976,2398.1493710789996,1999.99901989498,1.99999901989498,downtrend
1740498300,1740498299.999999,ETH/USD,SELL,0.83473,2395.981757862,1999.9978527401472,1.9999978527401472,downtrend
1740498600,1740498599.999999,ETH/USD,SELL,0.833486,2399.5578202199995,1999.9978493438864,1.9999978493438864,downtrend
1740498900,1740498899.999999,ETH/USD,SELL,0.826901,2418.6667791329996,1999.9979783318565,1.9999979783318567,downtrend
1740499200,1740499199.999999,ETH/USD,SELL,0.830858,2407.14946098,1999.999386850921,1.999999386850921,downtrend
1740499500,1740499499.999999,ETH/USD,SELL,0.832208,2403.243761589,1999.9986843444583,1.9999986843444584,downtrend
1740499800,1740499799.999999,ETH/USD,SELL,0.834532,2396.551130919,1999.9986083880951,1.9999986083880952,downtrend
1740500100,1740500099.999999,ETH/USD,SELL,0.822463,2401.965169461,1975.5274791704028,1.9755274791704027,downtrend
1745405700,1745405699.999999,BTC/USD,SELL,0.019591,93574.943589798,1833.2267198677328,1.8332267198677328,downtrend
1751328000,,BTC/USD,SELL,2.8102520310824275e-16,107028.64956465001,3.0077747982306704e-11,3.0077747982306706e-14,terminal_liquidation
1751328000,,ETH/USD,SELL,6.328271240363392e-15,2482.7362315469995,1.5711428291507066e-11,1.5711428291507065e-14,terminal_liquidation
